#
# A fatal error has been detected by the Java Runtime Environment:
#
#  SIGSEGV (0xb) at pc=0x000000013f0ed7e0, pid=30848, tid=114179
#
# JRE version: OpenJDK Runtime Environment Zulu21.50+19-CA (21.0.11+10) (build 21.0.11+10-LTS)
# Java VM: OpenJDK 64-Bit Server VM Zulu21.50+19-CA (21.0.11+10-LTS, mixed mode, sharing, tiered, compressed oops, compressed class ptrs, g1 gc, bsd-aarch64)
# Problematic frame:
# C  [libllama.dylib+0x317e0]  llama_model_loader::llama_model_loader(std::__1::basic_string<char, std::__1::char_traits<char>, std::__1::allocator<char>> const&, bool, bool, llama_model_kv_override const*)+0x12c
#
# No core dump will be written. Core dumps have been disabled. To enable core dumping, try "ulimit -c unlimited" before starting Java again
#
# If you would like to submit a bug report, please visit:
#   http://www.azul.com/support/
# The crash happened outside the Java Virtual Machine in native code.
# See problematic frame for where to report the bug.
#

---------------  S U M M A R Y ------------

Command Line: -Dapple.awt.application.appearance=system -Dcompose.application.configure.swing.globals=true -Dcompose.application.resources.dir=/Users/leandroferreira/WriteopiaProject/Writeopia/application/composeApp/build/compose/tmp/prepareAppResources -Dfile.encoding=UTF-8 -Duser.country=NL -Duser.language=en -Duser.variant io.writeopia.desktop.MainDesktopKt

Host: "MacBookPro17,1" arm64, 8 cores, 16G, Darwin 25.5.0, macOS 26.5.1 (25F80)
Time: Fri Aug 21 18:40:32 2026 -03 elapsed time: 20.426000 seconds (0d 0h 0m 20s)

---------------  T H R E A D  ---------------

Current thread (0x000000082ab8ea00):  JavaThread "DefaultDispatcher-worker-6" daemon [_thread_in_native, id=114179, stack(0x000000017559c000,0x000000017579f000) (2060K)]

Stack: [0x000000017559c000,0x000000017579f000],  sp=0x000000017579cf10,  free space=2051k
Native frames: (J=compiled Java code, j=interpreted, Vv=VM code, C=native code)
C  [libllama.dylib+0x317e0]  llama_model_loader::llama_model_loader(std::__1::basic_string<char, std::__1::char_traits<char>, std::__1::allocator<char>> const&, bool, bool, llama_model_kv_override const*)+0x12c
C  [libllama.dylib+0x3894]  llama_load_model_from_file+0x888
C  [jna10698144143804447027.tmp+0x1004c]  ffi_prep_closure_loc+0x1970
C  [jna10698144143804447027.tmp+0xe64c]  ffi_call+0x584
C  [jna10698144143804447027.tmp+0x66b8]  Java_com_sun_jna_Native_invokePointer+0x87c
C  [jna10698144143804447027.tmp+0x5e68]  Java_com_sun_jna_Native_invokePointer+0x2c
j  com.sun.jna.Native.invokePointer(Lcom/sun/jna/Function;JI[Ljava/lang/Object;)J+0
j  com.sun.jna.Function.invokePointer(I[Ljava/lang/Object;)Lcom/sun/jna/Pointer;+7
j  com.sun.jna.Function.invoke([Ljava/lang/Object;Ljava/lang/Class;ZI)Ljava/lang/Object;+397
j  com.sun.jna.Function.invoke(Ljava/lang/reflect/Method;[Ljava/lang/Class;Ljava/lang/Class;[Ljava/lang/Object;Ljava/util/Map;)Ljava/lang/Object;+271
j  com.sun.jna.Library$Handler.invoke(Ljava/lang/Object;Ljava/lang/reflect/Method;[Ljava/lang/Object;)Ljava/lang/Object;+390
j  jdk.proxy1.$Proxy1.llama_load_model_from_file(Ljava/lang/String;Lio/writeopia/localai/llama/LlamaModelParamsNative$ByValue;)Lcom/sun/jna/Pointer;+20 jdk.proxy1
j  io.writeopia.localai.llama.LlamaJnaBridge$loadModel$2.invokeSuspend(Ljava/lang/Object;)Ljava/lang/Object;+103
J 7365 c2 kotlin.coroutines.jvm.internal.BaseContinuationImpl.resumeWith(Ljava/lang/Object;)V (124 bytes) @ 0x0000000117787058 [0x0000000117787000+0x0000000000000058]
J 7564 c2 kotlinx.coroutines.DispatchedTask.run()V (400 bytes) @ 0x00000001177a5a94 [0x00000001177a5800+0x0000000000000294]
j  kotlinx.coroutines.internal.LimitedDispatcher$Worker.run()V+9
j  kotlinx.coroutines.scheduling.TaskImpl.run()V+4
j  kotlinx.coroutines.scheduling.CoroutineScheduler.runSafely(Lkotlinx/coroutines/scheduling/Task;)V+2
j  kotlinx.coroutines.scheduling.CoroutineScheduler$Worker.executeTask(Lkotlinx/coroutines/scheduling/Task;)V+84
j  kotlinx.coroutines.scheduling.CoroutineScheduler$Worker.runWorker()V+44
j  kotlinx.coroutines.scheduling.CoroutineScheduler$Worker.run()V+1
v  ~StubRoutines::call_stub 0x0000000116ec4154
V  [libjvm.dylib+0x4bde24]  JavaCalls::call_helper(JavaValue*, methodHandle const&, JavaCallArguments*, JavaThread*)+0x3e0
V  [libjvm.dylib+0x4bcd54]  JavaCalls::call_virtual(JavaValue*, Klass*, Symbol*, Symbol*, JavaCallArguments*, JavaThread*)+0x140
V  [libjvm.dylib+0x4bce20]  JavaCalls::call_virtual(JavaValue*, Handle, Klass*, Symbol*, Symbol*, JavaThread*)+0x64
V  [libjvm.dylib+0x58e2fc]  thread_entry(JavaThread*, JavaThread*)+0x9c
V  [libjvm.dylib+0x4d24a4]  JavaThread::thread_main_inner()+0x98
V  [libjvm.dylib+0xa1163c]  Thread::call_run()+0xc8
V  [libjvm.dylib+0x831b40]  thread_native_entry(Thread*)+0x118
C  [libsystem_pthread.dylib+0x6c58]  _pthread_start+0x88
Java frames: (J=compiled Java code, j=interpreted, Vv=VM code)
j  com.sun.jna.Native.invokePointer(Lcom/sun/jna/Function;JI[Ljava/lang/Object;)J+0
j  com.sun.jna.Function.invokePointer(I[Ljava/lang/Object;)Lcom/sun/jna/Pointer;+7
j  com.sun.jna.Function.invoke([Ljava/lang/Object;Ljava/lang/Class;ZI)Ljava/lang/Object;+397
j  com.sun.jna.Function.invoke(Ljava/lang/reflect/Method;[Ljava/lang/Class;Ljava/lang/Class;[Ljava/lang/Object;Ljava/util/Map;)Ljava/lang/Object;+271
j  com.sun.jna.Library$Handler.invoke(Ljava/lang/Object;Ljava/lang/reflect/Method;[Ljava/lang/Object;)Ljava/lang/Object;+390
j  jdk.proxy1.$Proxy1.llama_load_model_from_file(Ljava/lang/String;Lio/writeopia/localai/llama/LlamaModelParamsNative$ByValue;)Lcom/sun/jna/Pointer;+20 jdk.proxy1
j  io.writeopia.localai.llama.LlamaJnaBridge$loadModel$2.invokeSuspend(Ljava/lang/Object;)Ljava/lang/Object;+103
J 7365 c2 kotlin.coroutines.jvm.internal.BaseContinuationImpl.resumeWith(Ljava/lang/Object;)V (124 bytes) @ 0x0000000117787058 [0x0000000117787000+0x0000000000000058]
J 7564 c2 kotlinx.coroutines.DispatchedTask.run()V (400 bytes) @ 0x00000001177a5a94 [0x00000001177a5800+0x0000000000000294]
j  kotlinx.coroutines.internal.LimitedDispatcher$Worker.run()V+9
j  kotlinx.coroutines.scheduling.TaskImpl.run()V+4
j  kotlinx.coroutines.scheduling.CoroutineScheduler.runSafely(Lkotlinx/coroutines/scheduling/Task;)V+2
j  kotlinx.coroutines.scheduling.CoroutineScheduler$Worker.executeTask(Lkotlinx/coroutines/scheduling/Task;)V+84
j  kotlinx.coroutines.scheduling.CoroutineScheduler$Worker.runWorker()V+44
j  kotlinx.coroutines.scheduling.CoroutineScheduler$Worker.run()V+1
v  ~StubRoutines::call_stub 0x0000000116ec4154

siginfo: si_signo: 11 (SIGSEGV), si_code: 2 (SEGV_ACCERR), si_addr: 0xffffffff00000004

Registers:
 x0=0x0000000000000000  x1=0x000000000001be03  x2=0x000000000001be03  x3=0x000000000001be03
 x4=0xffffffff00000000  x5=0x0000000000000000  x6=0x0000000000000066  x7=0xfffff0003ffff800
 x8=0x000000017579f0e0  x9=0x0000000000000000 x10=0x00000000fffffff5 x11=0x0000000100b0c158
x12=0x000000000000000a x13=0x000000016fb43e4f x14=0x00000000fffffff5 x15=0x000000013f18963d
x16=0x000000018d2008c4 x17=0x00000001fa9b9278 x18=0x0000000000000000 x19=0x0000000830654000
x20=0xffffffff00000000 x21=0x000000013f188774 x22=0x000000017579dae8 x23=0x000000000000002d
x24=0x000000017579d990 x25=0x000000017579d930 x26=0x000000013f28f117 x27=0x0000000831665b90
x28=0x0000000831665b98  fp=0x000000017579d890  lr=0x000000013f0ed7ac  sp=0x000000017579cf10
pc=0x000000013f0ed7e0 cpsr=0x0000000060001000

Register to memory mapping:

x0 =0x0 is null
x1 =0x000000000001be03 is an unknown value
x2 =0x000000000001be03 is an unknown value
x3 =0x000000000001be03 is an unknown value
x4 =0xffffffff00000000 is an unknown value
x5 =0x0 is null
x6 =0x0000000000000066 is an unknown value
x7 =0xfffff0003ffff800 is an unknown value
x8 =0x000000017579f0e0 points into unknown readable memory: 0x000000017579f000 | 00 f0 79 75 01 00 00 00
x9 =0x0 is null
x10=0x00000000fffffff5 is an unknown value
x11=0x0000000100b0c158 points into unknown readable memory: 0x0000000000000000 | 00 00 00 00 00 00 00 00
x12=0x000000000000000a is an unknown value
x13=0x000000016fb43e4f is pointing into the stack for thread: 0x000000082d288700
x14=0x00000000fffffff5 is an unknown value
x15=0x000000013f18963d: <offset 0xcd63d> in /private/var/folders/83/l12z_8fx0g9d9z9yfnwqlnqm0000gn/T/writeopia-llama/libllama.dylib at 0x000000013f0bc000
x16=0x000000018d2008c4: os_unfair_lock_unlock+0 in /usr/lib/system/libsystem_platform.dylib at 0x000000018d200000
x17=0x00000001fa9b9278 points into unknown readable memory: 0x000000018d2008c4 | c4 08 20 8d 01 00 00 00
x18=0x0 is null
x19=0x0000000830654000 points into unknown readable memory: 0x0000003200000000 | 00 00 00 00 32 00 00 00
x20=0xffffffff00000000 is an unknown value
x21=0x000000013f188774: <offset 0xcc774> in /private/var/folders/83/l12z_8fx0g9d9z9yfnwqlnqm0000gn/T/writeopia-llama/libllama.dylib at 0x000000013f0bc000
x22=0x000000017579dae8 is pointing into the stack for thread: 0x000000082ab8ea00
x23=0x000000000000002d is an unknown value
x24=0x000000017579d990 is pointing into the stack for thread: 0x000000082ab8ea00
x25=0x000000017579d930 is pointing into the stack for thread: 0x000000082ab8ea00
x26=0x000000013f28f117: <offset 0x13117> in /Users/leandroferreira/WriteopiaProject/Writeopia/build/llama-cpp/llama.cpp/build/ggml/src/ggml-metal/libggml-metal.dylib at 0x000000013f27c000
x27=0x0000000831665b90 points into unknown readable memory: 0x000000013f2f3cc0 | c0 3c 2f 3f 01 00 00 00
x28=0x0000000831665b98 points into unknown readable memory: 0x0000000000000000 | 00 00 00 00 00 00 00 00
 fp=0x000000017579d890 is pointing into the stack for thread: 0x000000082ab8ea00
 lr=0x000000013f0ed7ac: _ZN18llama_model_loaderC2ERKNSt3__112basic_stringIcNS0_11char_traitsIcEENS0_9allocatorIcEEEEbbPK23llama_model_kv_override+0xf8 in /private/var/folders/83/l12z_8fx0g9d9z9yfnwqlnqm0000gn/T/writeopia-llama/libllama.dylib at 0x000000013f0bc000
 sp=0x000000017579cf10 is pointing into the stack for thread: 0x000000082ab8ea00

Top of Stack: (sp=0x000000017579cf10)
0x000000017579cf10:   0000000000000001 000000082ab8ea00   ...........*....
0x000000017579cf20:   000000082fd4d810 0000000000000001   .../............
0x000000017579cf30:   00000000000000b6 000000082f195cb0   .........\./....
0x000000017579cf40:   000000017579d978 000000017579d934   x.yu....4.yu....
0x000000017579cf50:   0000000000000000 000000017579d9f0   ..........yu....
0x000000017579cf60:   000000017579d910 000000017579d958   ..yu....X.yu....
0x000000017579cf70:   000000017579d9a8 000000017579dea0   ..yu......yu....
0x000000017579cf80:   000000002fd4d810 000000017579d9d0   .../......yu....
0x000000017579cf90:   00000070004c35c8 000000017579d940   .5L.p...@.yu....
0x000000017579cfa0:   000000017579d930 0000007000007020   0.yu.... p..p...
0x000000017579cfb0:   00000070004c35c8 000000017579d998   .5L.p.....yu....
0x000000017579cfc0:   000000017579d990 000000082ab8ea00   ..yu.......*....
0x000000017579cfd0:   fffffffe00000000 0000000000000000   ................
0x000000017579cfe0:   0000000000000000 000000017579e140   ........@.yu....
0x000000017579cff0:   000000010ffbddb0 000000010ffbb590   ................
0x000000017579d000:   0000000000000000 0000000000000000   ................
0x000000017579d010:   000000017579e400 000000017579e140   ..yu....@.yu....
0x000000017579d020:   0000000106d7a000 0000000106da8d08   ................
0x000000017579d030:   0000000000000001 0000000000000000   ................
0x000000017579d040:   000000017579d150 000000017579d108   P.yu......yu....
0x000000017579d050:   000000017579d0f0 000000010652239c   ..yu.....#R.....
0x000000017579d060:   000000017579da90 0000000116ec8f70   ..yu....p.......
0x000000017579d070:   0000000116ec8890 0000000000000000   ................
0x000000017579d080:   0000000000000000 000000017579db00   ..........yu....
0x000000017579d090:   000000017579da70 000000082ab8ea00   p.yu.......*....
0x000000017579d0a0:   000000082ab8ea00 0000000302f80438   ...*....8.......
0x000000017579d0b0:   000000700004c0e0 0000000000000000   ....p...........
0x000000017579d0c0:   0000000000000000 000000013f2f3cc0   .........</?....
0x000000017579d0d0:   000000013f188841 00000001fb4f8870   A..?....p.O.....
0x000000017579d0e0:   000000013f28f117 000000013f2f3cc0   ..(?.....</?....
0x000000017579d0f0:   000000013f188841 00000001fb4f8870   A..?....p.O.....
0x000000017579d100:   00000001fb4f8870 00000001f68e1268   p.O.....h.......

Instructions: (pc=0x000000013f0ed7e0)
0x000000013f0ed6e0:   f9 03 00 aa 28 05 00 f0 08 2d 45 f9 08 01 40 f9
0x000000013f0ed6f0:   a8 03 1a f8 e8 03 00 aa 1f 4d 00 b8 e8 1f 00 f9
0x000000013f0ed700:   1f 00 00 b9 1f 08 00 b9 e8 03 00 aa 1f 0d 01 f8
0x000000013f0ed710:   e8 47 00 f9 e8 03 00 aa 1f 8d 02 f8 e8 2f 00 f9
0x000000013f0ed720:   1f 7c 03 a9 e8 03 00 aa 1f 8d 04 f8 e8 1b 00 f9
0x000000013f0ed730:   e8 03 00 aa 1f 8d 06 f8 f8 03 00 aa e8 57 00 f9
0x000000013f0ed740:   08 0f 06 f8 1f 7c 05 a9 1f 38 00 f9 1f 0c 00 f9
0x000000013f0ed750:   1f 80 00 39 00 e4 00 6f e8 03 00 aa 00 8d 87 3c
0x000000013f0ed760:   e8 33 00 f9 00 80 88 3c 08 f0 a7 52 08 98 00 b9
0x000000013f0ed770:   e8 03 00 aa 00 0d 8a 3c e8 3f 00 f9 e8 03 00 aa
0x000000013f0ed780:   00 0d 8c 3c e8 27 00 f9 00 2c 80 3d 1f 68 00 f9
0x000000013f0ed790:   48 06 80 52 08 d8 00 b9 00 00 07 ad 1f 80 00 f9
0x000000013f0ed7a0:   e0 04 00 90 00 f0 18 91 bc fd 01 94 20 01 00 b4
0x000000013f0ed7b0:   87 fd 01 94 1f 00 00 71 e8 d7 9f 1a e8 77 00 b9
0x000000013f0ed7c0:   f9 4b 00 f9 f8 5b 00 f9 d4 00 00 b5 3a 00 00 14
0x000000013f0ed7d0:   ff 77 00 b9 f9 4b 00 f9 f8 5b 00 f9 d4 06 00 b4
0x000000013f0ed7e0:   88 12 40 39 88 06 00 34 f3 83 14 91 36 03 80 52
0x000000013f0ed7f0:   04 00 00 14 88 32 44 39 94 22 04 91 c8 05 00 34
0x000000013f0ed800:   80 12 00 91 2d 00 02 94 28 01 80 92 e8 ff ef f2
0x000000013f0ed810:   1f 00 08 eb c8 d0 00 54 f5 03 00 aa 1f 5c 00 f1
0x000000013f0ed820:   a2 00 00 54 f5 df 04 39 f7 83 04 91 95 01 00 b5
0x000000013f0ed830:   0f 00 00 14 a8 0a 40 b2 1f 5d 00 f1 d9 06 88 9a
0x000000013f0ed840:   e0 03 19 aa 32 fd 01 94 f7 03 00 aa 28 03 41 b2
0x000000013f0ed850:   f5 a3 12 a9 e0 93 00 f9 f9 4b 40 f9 81 12 00 91
0x000000013f0ed860:   e0 03 17 aa e2 03 15 aa e1 ff 01 94 ff 6a 35 38
0x000000013f0ed870:   e0 4b c0 3d e0 4b 81 3d e8 9b 40 f9 e8 9b 02 f9
0x000000013f0ed880:   60 62 00 91 e1 03 14 aa 02 21 80 52 d5 ff 01 94
0x000000013f0ed890:   e1 83 14 91 e2 83 14 91 e0 33 40 f9 c4 0b 00 94
0x000000013f0ed8a0:   e8 df d4 39 88 fa ff 36 e0 93 42 f9 12 fd 01 94
0x000000013f0ed8b0:   d1 ff ff 17 ff 7f 00 f9 ea 2b 40 f9 48 5d c0 39
0x000000013f0ed8c0:   49 01 40 f9 1f 01 00 71 20 b1 8a 9a e2 e3 03 91
0x000000013f0ed8d0:   21 00 80 52 8d ff 01 94 e9 3f 40 f9 28 01 40 f9


Stack slot to memory mapping:

stack at sp + 0 slots: 0x0000000000000001 is an unknown value
stack at sp + 1 slots: 0x000000082ab8ea00 is a thread
stack at sp + 2 slots: 0x000000082fd4d810 points into unknown readable memory: 0x000000082fd4d830 | 30 d8 d4 2f 08 00 00 00
stack at sp + 3 slots: 0x0000000000000001 is an unknown value
stack at sp + 4 slots: 0x00000000000000b6 is an unknown value
stack at sp + 5 slots: 0x000000082f195cb0 points into unknown readable memory: 0x0000000000000002 | 02 00 00 00 00 00 00 00
stack at sp + 6 slots: 0x000000017579d978 is pointing into the stack for thread: 0x000000082ab8ea00
stack at sp + 7 slots: 0x000000017579d934 is pointing into the stack for thread: 0x000000082ab8ea00


Compiled method (c2) 20435 7365   !   4       kotlin.coroutines.jvm.internal.BaseContinuationImpl::resumeWith (124 bytes)
 total in heap  [0x0000000117786e10,0x00000001177876e8] = 2264
 relocation     [0x0000000117786f60,0x0000000117786ff8] = 152
 main code      [0x0000000117787000,0x00000001177873c0] = 960
 stub code      [0x00000001177873c0,0x0000000117787440] = 128
 oops           [0x0000000117787440,0x0000000117787458] = 24
 metadata       [0x0000000117787458,0x0000000117787498] = 64
 scopes data    [0x0000000117787498,0x0000000117787590] = 248
 scopes pcs     [0x0000000117787590,0x0000000117787650] = 192
 dependencies   [0x0000000117787650,0x0000000117787658] = 8
 handler table  [0x0000000117787658,0x00000001177876e8] = 144

[Constant Pool (empty)]

[MachCode]
[Entry Point]
  # {method} {0x000000012752e848} 'resumeWith' '(Ljava/lang/Object;)V' in 'kotlin/coroutines/jvm/internal/BaseContinuationImpl'
  # this:     c_rarg1:c_rarg1 
                        = 'kotlin/coroutines/jvm/internal/BaseContinuationImpl'
  # parm0:    c_rarg2:c_rarg2 
                        = 'java/lang/Object'
  #           [sp+0x40]  (sp of caller)
  0x0000000117787000: 2808 40b9 | 3f01 086b | 4000 0054 

  0x000000011778700c: ;   {runtime_call ic_miss_stub}
  0x000000011778700c: 9de3 dd17 
[Verified Entry Point]
  0x0000000117787010: 1f20 03d5 | e953 40d1 | 3f01 00f9 | ff03 01d1 | fd7b 03a9 | c81c 0018 | 8923 40b9 | 1f01 09eb 
  0x0000000117787030: c11b 0054 | 2a0c 40b9 | 4af1 7dd3 | ea0a 00b4 | e1ab 00a9 | e107 40f9 | e9ff 9fd2 | e9ff bff2 
  0x0000000117787050: e9ff dff2 

  0x0000000117787054: ; ImmutableOopMap {[8]=Oop [16]=Oop }
                      ;*invokevirtual invokeSuspend {reexecute=0 rethrow=0 return_oop=1}
                      ; - kotlin.coroutines.jvm.internal.BaseContinuationImpl::resumeWith@40 (line 34)
                      ;   {virtual_call}
  0x0000000117787054: 8da5 e197 

  0x0000000117787058: ;   {other}
  0x0000000117787058: 1f20 03d5 | 1f49 80f2 | 1f00 80f2 

  0x0000000117787064: ;   {oop(a 'kotlin/coroutines/intrinsics/CoroutineSingletons'{0x0000000300ba2810})}
  0x0000000117787064: 0a02 85d2 | 4a17 a0f2 | 6a00 c0f2 | 1f00 0aeb | 8004 0054 | e00f 00f9 | ea0b 40f9 | 4a09 40b9 
  0x0000000117787084: 4a09 5cd2 | 5d1d 40f9 | ea03 00f9 | e107 40f9 | e9ff 9fd2 | e9ff bff2 | e9ff dff2 

  0x00000001177870a0: ; ImmutableOopMap {[16]=Oop [24]=Oop }
                      ;*invokevirtual releaseIntercepted {reexecute=0 rethrow=0 return_oop=0}
                      ; - kotlin.coroutines.jvm.internal.BaseContinuationImpl::resumeWith@90 (line 40)
                      ;   {virtual_call}
  0x00000001177870a0: d8a5 e197 

  0x00000001177870a4: ;   {other}
  0x00000001177870a4: 1f20 03d5 | 9f52 80f2 | 1f20 80f2 

  0x00000001177870b0: ;   {metadata('kotlin/coroutines/jvm/internal/BaseContinuationImpl')}
  0x00000001177870b0: 0a80 82d2 | 4a20 a0f2 | 0a0e c0f2 | bf03 0aeb | e102 0054 

  0x00000001177870c4: ; ImmutableOopMap {[16]=Oop [24]=Oop }
                      ;*goto {reexecute=1 rethrow=0 return_oop=0}
                      ; - (reexecute) kotlin.coroutines.jvm.internal.BaseContinuationImpl::resumeWith@121 (line 30)
  0x00000001177870c4: 8a33 42f9 

  0x00000001177870c8: ;   {poll}
  0x00000001177870c8: 5f01 40b9 | eb03 40f9 | 6a11 40f9 

  0x00000001177870d4: ;   {metadata('kotlin/coroutines/Continuation')}
  0x00000001177870d4: 0042 83d2 | 4020 a0f2 | 000e c0f2 | 5f01 00eb | e102 0054 | ea0b 40f9 | 4b0d 40b9 | 6bf1 7dd3 
  0x00000001177870f4: 2b06 00b4 | e20f 40f9 | eaaf 00a9 | d1ff ff17 | fd7b 43a9 | ff03 0191 

  0x000000011778710c: ;   {poll_return}
  0x000000011778710c: 882f 42f9 | ff63 28eb | 4814 0054 | c003 5fd6 | e10b 41a9 | 09d4 80d2 | 092b a6f2 | 0901 c0f2 
  0x000000011778712c: ; ImmutableOopMap {}
                      ;*invokeinterface resumeWith {reexecute=0 rethrow=0 return_oop=0}
                      ; - kotlin.coroutines.jvm.internal.BaseContinuationImpl::resumeWith@114 (line 47)
                      ;   {virtual_call}
  0x000000011778712c: 57a4 e197 

  0x0000000117787130: ;   {other}
  0x0000000117787130: 1f20 03d5 | 1f64 80f2 | 1f60 80f2 | f2ff ff17 | e403 0baa | e503 40b2 | 8950 40f9 | 8050 40fd 
  0x0000000117787150: 8901 6836 | 0054 725f | 0058 200e | 00b8 310e | 0300 669e | 8114 40f9 | 2578 63f8 | a500 00ca 
  0x0000000117787170: 8500 00b4 | 6900 7036 | 2935 c993 

  0x000000011778717c: ;   {runtime_call StubRoutines (final stubs)}
  0x000000011778717c: af0a de97 | 45fb ffb4 | 2104 8012 

  0x0000000117787188: ; ImmutableOopMap {[16]=Oop [24]=Oop }
                      ;*checkcast {reexecute=0 rethrow=0 return_oop=0}
                      ; - kotlin.coroutines.jvm.internal.BaseContinuationImpl::resumeWith@10 (line 29)
                      ;   {runtime_call UncommonTrapBlob}
  0x0000000117787188: 7eff dd97 

  0x000000011778718c: ;   {other}
  0x000000011778718c: 1f20 03d5 | 9f6f 80f2 | 1f80 80f2 | e103 00f9 | fd03 02aa | ea0b 00f9 | 4117 8012 

  0x00000001177871a8: ; ImmutableOopMap {rfp=Oop [0]=Oop [16]=Oop }
                      ;*ifnonnull {reexecute=1 rethrow=0 return_oop=0}
                      ; - (reexecute) kotlin.jvm.internal.Intrinsics::checkNotNull@1 (line 24)
                      ; - kotlin.coroutines.jvm.internal.BaseContinuationImpl::resumeWith@31 (line 31)
                      ;   {runtime_call UncommonTrapBlob}
  0x00000001177871a8: 76ff dd97 

  0x00000001177871ac: ;   {other}
  0x00000001177871ac: 1f20 03d5 | 9f73 80f2 | 1fa0 80f2 | 4117 8012 | ea03 00f9 | eb0b 00f9 

  0x00000001177871c4: ; ImmutableOopMap {[0]=Oop [16]=Oop [24]=Oop }
                      ;*ifnonnull {reexecute=1 rethrow=0 return_oop=0}
                      ; - (reexecute) kotlin.jvm.internal.Intrinsics::checkNotNull@1 (line 24)
                      ; - kotlin.coroutines.jvm.internal.BaseContinuationImpl::resumeWith@31 (line 31)
                      ;   {runtime_call UncommonTrapBlob}
  0x00000001177871c4: 6fff dd97 

  0x00000001177871c8: ;   {other}
  0x00000001177871c8: 1f20 03d5 | 1f77 80f2 | 1fc0 80f2 | e103 1caa | c900 0010 | 89db 01f9 

  0x00000001177871e0: ;   {runtime_call G1BarrierSetRuntime::write_ref_field_pre_entry(oopDesc*, JavaThread*)}
  0x00000001177871e0: 88d3 83d2 | 08c8 a0f2 | 2800 c0f2 | 0001 3fd6 

  0x00000001177871f0: ;   {other}
  0x00000001177871f0: 1f20 03d5 | 1f00 80f2 | 1f00 80f2 | 2200 0014 | e003 00f9 | e103 00aa 

  0x0000000117787208: ;   {oop("exception"{0x0000000300cd0630})}
  0x0000000117787208: 02c6 80d2 | a219 a0f2 | 6200 c0f2 

  0x0000000117787214: ; ImmutableOopMap {[0]=Oop [8]=Oop [16]=Oop }
                      ;*invokestatic checkNotNullParameter {reexecute=0 rethrow=0 return_oop=0}
                      ; - kotlin.ResultKt::createFailure@3
                      ; - kotlin.coroutines.jvm.internal.BaseContinuationImpl::resumeWith@76 (line 38)
                      ;   {static_call}
  0x0000000117787214: 9b66 f697 

  0x0000000117787218: ;   {other}
  0x0000000117787218: 1f20 03d5 | 1f81 80f2 | 1fe0 80f2 | 80df 40f9 | 8ae7 40f9 | 0b40 0091 | 7f01 0aeb | 0209 0054 
  0x0000000117787238: ea03 40b2 | 8bdf 00f9 

  0x0000000117787240: ;   {metadata('kotlin/Result$Failure')}
  0x0000000117787240: 0c21 a0d2 | 0cca 90f2 | 0a00 00f9 | 0c08 00b9 | 70c1 80f9 | 1f0c 00b9 | fd03 00aa | e103 40f9 
  0x0000000117787260: ;   {oop("exception"{0x0000000300cd0630})}
  0x0000000117787260: 02c6 80d2 | a219 a0f2 | 6200 c0f2 

  0x000000011778726c: ; ImmutableOopMap {rfp=Oop [0]=Oop [8]=Oop [16]=Oop }
                      ;*invokestatic checkNotNullParameter {reexecute=0 rethrow=0 return_oop=0}
                      ; - kotlin.Result$Failure::<init>@3
                      ; - kotlin.ResultKt::createFailure@11 (line 122)
                      ; - kotlin.coroutines.jvm.internal.BaseContinuationImpl::resumeWith@76 (line 38)
                      ;   {static_call}
  0x000000011778726c: 8566 f697 

  0x0000000117787270: ;   {other}
  0x0000000117787270: 1f20 03d5 | 1f8c 80f2 | 1f00 81f2 | 8a03 c139 | 6a02 0035 | ec03 40f9 | ea03 1daa | eb03 0caa 
  0x0000000117787290: 6b01 0aca | 8cfd 43d3 | 6bfd 55d3 | ac0f 00b9 | 0b01 00b4 | 4afd 49d3 | eb7d a0d2 | 2b00 c0f2 
  0x00000001177872b0: 6001 0a8b | 0b00 c039 | 7f09 0071 | e101 0054 | bf3b 03d5 | fd0f 00f9 | 6dff ff17 | ab0f 40b9 
  0x00000001177872d0: 60f1 7dd3 | 80fd ffb4 | 8a17 40f9 | caf7 ffb4 | 8b1f 40f9 | 4c21 00d1 | 6a01 0a8b | 4081 1ff8 
  0x00000001177872f0: 8c17 00f9 | e4ff ff17 | 8a2f 40f9 | 8b27 40f9 | bf3b 03d5 | 0d00 c039 | cdfd ff34 | 1f00 0039 
  0x0000000117787310: 8b01 00b5 | e103 1caa | c900 0010 | 89db 01f9 

  0x0000000117787320: ;   {runtime_call G1BarrierSetRuntime::write_ref_field_post_entry(unsigned char volatile*, JavaThread*)}
  0x0000000117787320: 88d8 83d2 | 08c8 a0f2 | 2800 c0f2 | 0001 3fd6 

  0x0000000117787330: ;   {other}
  0x0000000117787330: 1f20 03d5 | 1f00 80f2 | 1f00 80f2 | e1ff ff17 | 6c21 00d1 | 4a01 0b8b | 4081 1ff8 | 8c27 00f9 
  0x0000000117787350: dcff ff17 

  0x0000000117787354: ;   {metadata('kotlin/Result$Failure')}
  0x0000000117787354: 01ca 90d2 | 0121 a0f2 | 010e c0f2 

  0x0000000117787360: ; ImmutableOopMap {[0]=Oop [8]=Oop [16]=Oop }
                      ;*new {reexecute=0 rethrow=0 return_oop=1}
                      ; - kotlin.ResultKt::createFailure@6 (line 122)
                      ; - kotlin.coroutines.jvm.internal.BaseContinuationImpl::resumeWith@76 (line 38)
                      ;   {runtime_call _new_instance_Java}
  0x0000000117787360: 2869 e197 

  0x0000000117787364: ;   {other}
  0x0000000117787364: 1f20 03d5 | 9faa 80f2 | 1f20 81f2 | baff ff17 | 0200 0014 | 0100 0014 | e103 00aa | 0400 0014 
  0x0000000117787384: e103 00aa | 0200 0014 | e103 00aa | fd7b 43a9 | ff03 0191 

  0x0000000117787398: ;   {runtime_call _rethrow_Java}
  0x0000000117787398: 5a7c e117 

  0x000000011778739c: ;   {internal_word}
  0x000000011778739c: 88eb ff10 | 883b 02f9 

  0x00000001177873a4: ;   {runtime_call SafepointBlob}
  0x00000001177873a4: 57fd dd17 | 0830 93d2 | 08de a2f2 | 2800 c0f2 | 0001 3fd6 | 1fff ff17 

  0x00000001177873bc: ;   {other}
  0x00000001177873bc: 0700 0000 
[Stub Code]
  0x00000001177873c0: ;   {no_reloc}
  0x00000001177873c0: 4800 0058 | 0001 1fd6 | 8806 ff16 | 0100 0000 

  0x00000001177873d0: ;   {trampoline_stub}
  0x00000001177873d0: 4800 0058 | 0001 1fd6 | 0008 ff16 | 0100 0000 

  0x00000001177873e0: ;   {trampoline_stub}
  0x00000001177873e0: 4800 0058 | 0001 1fd6 | 8802 ff16 | 0100 0000 

  0x00000001177873f0: ;   {trampoline_stub}
  0x00000001177873f0: 4800 0058 | 0001 1fd6 | 800c 5217 | 0100 0000 

  0x0000000117787400: ;   {trampoline_stub}
  0x0000000117787400: 4800 0058 | 0001 1fd6 | 800c 5217 | 0100 0000 

  0x0000000117787410: ;   {static_stub}
  0x0000000117787410: df3f 03d5 

  0x0000000117787414: ;   {metadata(nullptr)}
  0x0000000117787414: 0c00 80d2 | 0c00 a0f2 | 0c00 c0f2 | 0800 80d2 | 0800 a0f2 | 0800 c0f2 | 0001 1fd6 
[Exception Handler]
  0x0000000117787430: ;   {runtime_call ExceptionBlob}
  0x0000000117787430: 1456 e117 
[Deopt Handler Code]
  0x0000000117787434: 1e00 0010 

  0x0000000117787438: ;   {runtime_call DeoptimizationBlob}
  0x0000000117787438: 02fe dd17 | 0000 0000 
[/MachCode]


Compiled method (c2) 20442 7564   !   4       kotlinx.coroutines.DispatchedTask::run (400 bytes)
 total in heap  [0x00000001177a5390,0x00000001177a7a28] = 9880
 relocation     [0x00000001177a54e0,0x00000001177a5800] = 800
 main code      [0x00000001177a5800,0x00000001177a6660] = 3680
 stub code      [0x00000001177a6660,0x00000001177a6a00] = 928
 oops           [0x00000001177a6a00,0x00000001177a6a48] = 72
 metadata       [0x00000001177a6a48,0x00000001177a6b78] = 304
 scopes data    [0x00000001177a6b78,0x00000001177a7328] = 1968
 scopes pcs     [0x00000001177a7328,0x00000001177a76d8] = 944
 dependencies   [0x00000001177a76d8,0x00000001177a76e0] = 8
 handler table  [0x00000001177a76e0,0x00000001177a79e0] = 768
 nul chk table  [0x00000001177a79e0,0x00000001177a7a28] = 72

[Constant Pool (empty)]

[MachCode]
[Entry Point]
  # {method} {0x0000000127560ef0} 'run' '()V' in 'kotlinx/coroutines/DispatchedTask'
  #           [sp+0x60]  (sp of caller)
  0x00000001177a5800: 2808 40b9 | 3f01 086b | 4000 0054 

  0x00000001177a580c: ;   {runtime_call ic_miss_stub}
  0x00000001177a580c: 9d69 dd17 
[Verified Entry Point]
  0x00000001177a5810: 1f20 03d5 | e953 40d1 | 3f01 00f9 | ff83 01d1 | fd7b 05a9 | a871 0018 | 8923 40b9 | 1f01 09eb 
  0x00000001177a5830: a170 0054 | e113 00f9 | e9ff 9fd2 | e9ff bff2 | e9ff dff2 

  0x00000001177a5844: ; ImmutableOopMap {[32]=Oop }
                      ;*invokevirtual getDelegate$kotlinx_coroutines_core {reexecute=0 rethrow=0 return_oop=1}
                      ; - kotlinx.coroutines.DispatchedTask::run@34 (line 80)
                      ;   {virtual_call}
  0x00000001177a5844: 432c e197 

  0x00000001177a5848: ;   {other}
  0x00000001177a5848: 1f20 03d5 | 1f97 80f2 | 1f00 80f2 

  0x00000001177a5854: ; implicit exception: dispatches to 0x00000001177a6318
  0x00000001177a5854: 0a08 40b9 

  0x00000001177a5858: ;   {metadata('kotlinx/coroutines/internal/DispatchedContinuation')}
  0x00000001177a5858: 0c21 a0d2 | 0c93 8af2 | 5f01 0c6b | e14f 0054 | 0b20 40b9 | 0a28 40b9 | 6bf1 7dd3 | eb03 00f9 
  0x00000001177a5878: 5df1 7dd3 | e103 0baa | 09c0 86d2 | 092b a6f2 | 0901 c0f2 

  0x00000001177a588c: ; ImmutableOopMap {rfp=Oop [0]=Oop [32]=Oop }
                      ;*invokeinterface getContext {reexecute=0 rethrow=0 return_oop=1}
                      ; - kotlinx.coroutines.DispatchedTask::run@64 (line 222)
                      ;   {virtual_call}
  0x00000001177a588c: e72b e197 

  0x00000001177a5890: ;   {other}
  0x00000001177a5890: 1f20 03d5 | 1fa0 80f2 | 1f20 80f2 | e00b 00f9 | 3d20 00b4 

  0x00000001177a58a4: ;   {oop(a 'java/lang/Integer'{0x0000000300c01728} = 0)}
  0x00000001177a58a4: 0ae5 82d2 | 0a18 a0f2 | 6a00 c0f2 | eb03 1daa | bf03 0aeb | 412c 0054 

  0x00000001177a58bc: ;   {oop(a 'kotlinx/coroutines/internal/Symbol'{0x0000000300ba3210})}
  0x00000001177a58bc: 0b42 86d2 | 4b17 a0f2 | 6b00 c0f2 | ea03 1faa | eb0f 00f9 | ea17 00f9 | e103 40f9 | 0914 87d2 
  0x00000001177a58dc: 092b a6f2 | 0901 c0f2 

  0x00000001177a58e4: ; ImmutableOopMap {[0]=Oop [16]=Oop [24]=Oop [32]=Oop [40]=Oop }
                      ;*invokeinterface getContext {reexecute=0 rethrow=0 return_oop=1}
                      ; - kotlinx.coroutines.DispatchedTask::run@107 (line 83)
                      ;   {virtual_call}
  0x00000001177a58e4: d12b e197 

  0x00000001177a58e8: ;   {other}
  0x00000001177a58e8: 1f20 03d5 | 1fab 80f2 | 1f40 80f2 | fd03 00aa | e113 40f9 | e9ff 9fd2 | e9ff bff2 | e9ff dff2 
  0x00000001177a5908: ; ImmutableOopMap {rfp=Oop [0]=Oop [16]=Oop [24]=Oop [32]=Oop [40]=Oop }
                      ;*invokevirtual takeState$kotlinx_coroutines_core {reexecute=0 rethrow=0 return_oop=1}
                      ; - kotlinx.coroutines.DispatchedTask::run@115 (line 84)
                      ;   {virtual_call}
  0x00000001177a5908: f82a e197 

  0x00000001177a590c: ;   {other}
  0x00000001177a590c: 1f20 03d5 | 9faf 80f2 | 1f60 80f2 | e01b 00f9 | e113 40f9 | e203 00aa | e9ff 9fd2 | e9ff bff2 
  0x00000001177a592c: e9ff dff2 

  0x00000001177a5930: ; ImmutableOopMap {rfp=Oop [0]=Oop [16]=Oop [24]=Oop [32]=Oop [40]=Oop [48]=Oop }
                      ;*invokevirtual getExceptionalResult$kotlinx_coroutines_core {reexecute=0 rethrow=0 return_oop=1}
                      ; - kotlinx.coroutines.DispatchedTask::run@123 (line 85)
                      ;   {virtual_call}
  0x00000001177a5930: 602b e197 

  0x00000001177a5934: ;   {other}
  0x00000001177a5934: 1f20 03d5 | 9fb4 80f2 | 1f80 80f2 | 8013 00b5 | ed13 40f9 | ab19 40b9 | 7f05 0071 | 6000 0054 
  0x00000001177a5954: 7f09 0071 | e107 0054 | eb03 1daa 

  0x00000001177a5960: ; implicit exception: dispatches to 0x00000001177a62c8
  0x00000001177a5960: 6a09 40b9 

  0x00000001177a5964: ;   {metadata('kotlin/coroutines/CombinedContext')}
  0x00000001177a5964: 0c21 a0d2 | 0c23 8ef2 | 5f01 0c6b | 213d 0054 | ab13 40b9 | 61f1 7dd3 

  0x00000001177a597c: ;   {oop(a 'kotlinx/coroutines/Job$Key'{0x0000000300b9e878})}
  0x00000001177a597c: 020f 9dd2 | 2217 a0f2 | 6200 c0f2 | 0928 87d2 | 092b a6f2 | 0901 c0f2 

  0x00000001177a5994: ; ImmutableOopMap {rfp=Oop [0]=Oop [16]=Oop [24]=Oop [32]=Oop [40]=Oop [48]=Oop }
                      ;*invokeinterface get {reexecute=0 rethrow=0 return_oop=1}
                      ; - kotlin.coroutines.CombinedContext::get@14 (line 143)
                      ; - kotlinx.coroutines.DispatchedTask::run@151 (line 91)
                      ;   {virtual_call}
  0x00000001177a5994: 952a e197 

  0x00000001177a5998: ;   {other}
  0x00000001177a5998: 1f20 03d5 | 1fc1 80f2 | 1fa0 80f2 | ec03 00aa | 0003 00b5 | 1f20 03d5 | aa0f 40b9 | 41f1 7dd3 
  0x00000001177a59b8: ; implicit exception: dispatches to 0x00000001177a62f0
  0x00000001177a59b8: 2b08 40b9 

  0x00000001177a59bc: ;   {metadata('kotlin/coroutines/CombinedContext')}
  0x00000001177a59bc: 0c21 a0d2 | 0c23 8ef2 | 7f01 0c6b | 810c 0054 | fd03 01aa | ab13 40b9 | 61f1 7dd3 

  0x00000001177a59d8: ;   {oop(a 'kotlinx/coroutines/Job$Key'{0x0000000300b9e878})}
  0x00000001177a59d8: 020f 9dd2 | 2217 a0f2 | 6200 c0f2 | 091c 87d2 | 092b a6f2 | 0901 c0f2 

  0x00000001177a59f0: ; ImmutableOopMap {rfp=Oop [0]=Oop [16]=Oop [24]=Oop [32]=Oop [40]=Oop [48]=Oop }
                      ;*invokeinterface get {reexecute=0 rethrow=0 return_oop=1}
                      ; - kotlin.coroutines.CombinedContext::get@14 (line 143)
                      ; - kotlinx.coroutines.DispatchedTask::run@151 (line 91)
                      ;   {virtual_call}
  0x00000001177a59f0: 7e2a e197 

  0x00000001177a59f4: ;   {other}
  0x00000001177a59f4: 1f20 03d5 | 9fcc 80f2 | 1fc0 80f2 | ec03 00aa | 60fd ffb4 | 8a09 40b9 | 4409 5cd2 | 8a10 40f9 
  0x00000001177a5a14: ;   {metadata('kotlinx/coroutines/Job')}
  0x00000001177a5a14: 0b8e 84d2 | 0b21 a0f2 | 0b0e c0f2 | 5f01 0beb | a105 0054 | fd03 0caa | e103 1daa | 0920 87d2 
  0x00000001177a5a34: 092b a6f2 | 0901 c0f2 

  0x00000001177a5a3c: ; ImmutableOopMap {rfp=Oop [0]=Oop [16]=Oop [24]=Oop [32]=Oop [40]=Oop [48]=Oop }
                      ;*invokeinterface isActive {reexecute=0 rethrow=0 return_oop=0}
                      ; - kotlinx.coroutines.DispatchedTask::run@172 (line 92)
                      ;   {virtual_call}
  0x00000001177a5a3c: 1520 e597 

  0x00000001177a5a40: ;   {other}
  0x00000001177a5a40: 1f20 03d5 | 1fd6 80f2 | 1fe0 80f2 | c019 0034 | ed13 40f9 | ed13 00f9 | e103 0daa | e21b 40f9 
  0x00000001177a5a60: e9ff 9fd2 | e9ff bff2 | e9ff dff2 

  0x00000001177a5a6c: ; ImmutableOopMap {[0]=Oop [16]=Oop [24]=Oop [32]=Oop [40]=Oop }
                      ;*invokevirtual getSuccessfulResult$kotlinx_coroutines_core {reexecute=0 rethrow=0 return_oop=1}
                      ; - kotlinx.coroutines.DispatchedTask::run@308 (line 100)
                      ;   {virtual_call}
  0x00000001177a5a6c: 072b e197 

  0x00000001177a5a70: ;   {other}
  0x00000001177a5a70: 1f20 03d5 | 1fdc 80f2 | 1f00 81f2 | e103 40f9 | e203 00aa | 0918 87d2 | 092b a6f2 | 0901 c0f2 
  0x00000001177a5a90: ; ImmutableOopMap {[16]=Oop [24]=Oop [32]=Oop [40]=Oop }
                      ;*invokeinterface resumeWith {reexecute=0 rethrow=0 return_oop=0}
                      ; - kotlinx.coroutines.DispatchedTask::run@314 (line 100)
                      ;   {virtual_call}
  0x00000001177a5a90: fe29 e197 

  0x00000001177a5a94: ;   {other}
  0x00000001177a5a94: 1f20 03d5 | 9fe0 80f2 | 1f20 81f2 | ea17 40f9 | 2a35 00b5 

  0x00000001177a5aa8: ;   {oop(a 'kotlinx/coroutines/internal/Symbol'{0x0000000300ba3210})}
  0x00000001177a5aa8: 0a42 86d2 | 4a17 a0f2 | 6a00 c0f2 | ed0f 40f9 | bf01 0aeb | 2121 0054 | fd7b 45a9 | ff83 0191 
  0x00000001177a5ac8: ;   {poll_return}
  0x00000001177a5ac8: 882f 42f9 | ff63 28eb | 485b 0054 | c003 5fd6 

  0x00000001177a5ad8: ;   {metadata('kotlinx/coroutines/Job')}
  0x00000001177a5ad8: 008e 84d2 | 0021 a0f2 | 000e c0f2 | e503 40b2 | 8950 40f9 | 8050 40fd | 8901 e036 | 0054 635f 
  0x00000001177a5af8: 0058 200e | 00b8 310e | 0300 669e | 8114 40f9 | 2578 63f8 | a500 00ca | 8500 00b4 | 6900 e836 
  0x00000001177a5b18: 2971 c993 

  0x00000001177a5b1c: ;   {runtime_call StubRoutines (final stubs)}
  0x00000001177a5b1c: 4790 dd97 | 45f8 ffb4 | ea0b 40f9 | ea07 00f9 | ea0f 40f9 | ea0b 00f9 | ea17 40f9 | 2104 8012 
  0x00000001177a5b3c: fd13 40f9 | ea0f 00f9 | ec17 00f9 

  0x00000001177a5b48: ; ImmutableOopMap {rfp=Oop [0]=Oop [8]=Oop [16]=Oop [24]=Oop [40]=Oop [48]=Oop }
                      ;*checkcast {reexecute=0 rethrow=0 return_oop=0}
                      ; - kotlinx.coroutines.DispatchedTask::run@156 (line 91)
                      ;   {runtime_call UncommonTrapBlob}
  0x00000001177a5b48: 0e85 dd97 

  0x00000001177a5b4c: ;   {other}
  0x00000001177a5b4c: 1f20 03d5 | 9ff7 80f2 | 1f40 81f2 

  0x00000001177a5b58: ;   {oop(a 'kotlinx/coroutines/Job$Key'{0x0000000300b9e878})}
  0x00000001177a5b58: 020f 9dd2 | 2217 a0f2 | 6200 c0f2 | 092c 87d2 | 092b a6f2 | 0901 c0f2 

  0x00000001177a5b70: ; ImmutableOopMap {[0]=Oop [16]=Oop [24]=Oop [32]=Oop [40]=Oop [48]=Oop }
                      ;*invokeinterface get {reexecute=0 rethrow=0 return_oop=1}
                      ; - kotlin.coroutines.CombinedContext::get@55 (line 148)
                      ; - kotlinx.coroutines.DispatchedTask::run@151 (line 91)
                      ;   {virtual_call}
  0x00000001177a5b70: 1e2a e197 

  0x00000001177a5b74: ;   {other}
  0x00000001177a5b74: 1f20 03d5 | 9ffc 80f2 | 1f60 81f2 | ec03 00aa | 20f4 ffb5 | ea0b 40f9 | ea07 00f9 | ea0f 40f9 
  0x00000001177a5b94: 6101 8012 | fd13 40f9 | ea0b 00f9 

  0x00000001177a5ba0: ; ImmutableOopMap {rfp=Oop [0]=Oop [8]=Oop [16]=Oop [40]=Oop [48]=Oop }
                      ;*checkcast {reexecute=0 rethrow=0 return_oop=0}
                      ; - kotlinx.coroutines.DispatchedTask::run@156 (line 91)
                      ;   {runtime_call UncommonTrapBlob}
  0x00000001177a5ba0: f884 dd97 

  0x00000001177a5ba4: ;   {other}
  0x00000001177a5ba4: 1f20 03d5 | 9f02 81f2 | 1f80 81f2 | fd03 00aa | e103 00aa 

  0x00000001177a5bb8: ;   {oop("exception"{0x0000000300cd0630})}
  0x00000001177a5bb8: 02c6 80d2 | a219 a0f2 | 6200 c0f2 

  0x00000001177a5bc4: ; ImmutableOopMap {rfp=Oop [0]=Oop [16]=Oop [24]=Oop [32]=Oop [40]=Oop }
                      ;*invokestatic checkNotNullParameter {reexecute=0 rethrow=0 return_oop=0}
                      ; - kotlin.ResultKt::createFailure@3
                      ; - kotlinx.coroutines.DispatchedTask::run@286 (line 98)
                      ;   {static_call}
  0x00000001177a5bc4: 2fec f597 

  0x00000001177a5bc8: ;   {other}
  0x00000001177a5bc8: 1f20 03d5 | 1f07 81f2 | 1fa0 81f2 | 80df 40f9 | 8ae7 40f9 | 0b40 0091 | 7f01 0aeb | 8228 0054 
  0x00000001177a5be8: ea03 40b2 | 8bdf 00f9 | 0a00 00f9 

  0x00000001177a5bf4: ;   {metadata('kotlin/Result$Failure')}
  0x00000001177a5bf4: 0a21 a0d2 | 0aca 90f2 | 0a08 00b9 | 70c1 80f9 | 1f0c 00b9 | ea03 00aa | ea07 00f9 | e103 1daa 
  0x00000001177a5c14: ;   {oop("exception"{0x0000000300cd0630})}
  0x00000001177a5c14: 02c6 80d2 | a219 a0f2 | 6200 c0f2 

  0x00000001177a5c20: ; ImmutableOopMap {rfp=Oop [0]=Oop [8]=Oop [16]=Oop [24]=Oop [32]=Oop [40]=Oop }
                      ;*invokestatic checkNotNullParameter {reexecute=0 rethrow=0 return_oop=0}
                      ; - kotlin.Result$Failure::<init>@3
                      ; - kotlin.ResultKt::createFailure@11 (line 122)
                      ; - kotlinx.coroutines.DispatchedTask::run@286 (line 98)
                      ;   {static_call}
  0x00000001177a5c20: 18ec f597 

  0x00000001177a5c24: ;   {other}
  0x00000001177a5c24: 1f20 03d5 | 9f12 81f2 | 1fc0 81f2 | 8b03 c139 | ab21 0035 | f307 40f9 | ec03 1daa | ea03 13aa 
  0x00000001177a5c44: eb03 0caa | 6b01 0aca | 8dfd 43d3 | 6bfd 55d3 | 6d0e 00b9 | 0b01 00b4 | 4afd 49d3 | eb7d a0d2 
  0x00000001177a5c64: 2b00 c0f2 | 6001 0a8b | 0a00 c039 | 5f09 0071 | 2121 0054 | bf3b 03d5 | e103 40f9 | e203 13aa 
  0x00000001177a5c84: 09f8 83d2 | c92b a6f2 | 0901 c0f2 

  0x00000001177a5c90: ; ImmutableOopMap {[16]=Oop [24]=Oop [32]=Oop [40]=Oop }
                      ;*invokeinterface resumeWith {reexecute=0 rethrow=0 return_oop=0}
                      ; - kotlinx.coroutines.DispatchedTask::run@292 (line 98)
                      ;   {virtual_call}
  0x00000001177a5c90: 7e29 e197 

  0x00000001177a5c94: ;   {other}
  0x00000001177a5c94: 1f20 03d5 | 9f20 81f2 | 1fe0 81f2 | 80ff ff17 

  0x00000001177a5ca4: ; implicit exception: dispatches to 0x00000001177a6334
  0x00000001177a5ca4: 0b08 40b9 

  0x00000001177a5ca8: ;   {metadata('kotlin/coroutines/CombinedContext')}
  0x00000001177a5ca8: 0a21 a0d2 | 0a23 8ef2 | 7f01 0a6b | e125 0054 | fd03 00aa | aa0f 40b9 | 41f1 7dd3 

  0x00000001177a5cc4: ;   {oop(a 'kotlinx/coroutines/internal/ThreadContextKt$$Lambda+0x0000007001084800'{0x0000000300ba3200})}
  0x00000001177a5cc4: 0340 86d2 | 4317 a0f2 | 6300 c0f2 

  0x00000001177a5cd0: ;   {oop(a 'java/lang/Integer'{0x0000000300c01728} = 0)}
  0x00000001177a5cd0: 02e5 82d2 | 0218 a0f2 | 6200 c0f2 | e9ff 9fd2 | e9ff bff2 | e9ff dff2 

  0x00000001177a5ce8: ; ImmutableOopMap {rfp=Oop [0]=Oop [16]=Oop [32]=Oop }
                      ;*invokeinterface fold {reexecute=0 rethrow=0 return_oop=1}
                      ; - kotlin.coroutines.CombinedContext::fold@13 (line 154)
                      ; - kotlinx.coroutines.internal.ThreadContextKt::threadContextElements@8 (line 55)
                      ; - kotlinx.coroutines.internal.ThreadContextKt::updateThreadContext@7 (line 61)
                      ; - kotlinx.coroutines.DispatchedTask::run@75 (line 223)
                      ;   {virtual_call}
  0x00000001177a5ce8: e669 dd97 

  0x00000001177a5cec: ;   {other}
  0x00000001177a5cec: 1f20 03d5 | 9f2b 81f2 | 1f00 82f2 | ab13 40b9 | e017 00f9 | 6af1 7dd3 

  0x00000001177a5d04: ; implicit exception: dispatches to 0x00000001177a634c
  0x00000001177a5d04: 4b09 40b9 | 6409 5cd2 | 8b10 40f9 

  0x00000001177a5d10: ;   {metadata('kotlin/coroutines/CoroutineContext$Element')}
  0x00000001177a5d10: 0c76 86d2 | 2c20 a0f2 | 0c0e c0f2 | 7f01 0ceb | a113 0054 | 4c09 40b9 | 8409 5cd2 | 8b10 40f9 
  0x00000001177a5d30: ;   {metadata('kotlinx/coroutines/ThreadContextElement')}
  0x00000001177a5d30: 0c2b 83d2 | 0c21 a0f2 | 0c0e c0f2 | 7f01 0ceb | e115 0054 | ec17 40f9 

  0x00000001177a5d48: ; implicit exception: dispatches to 0x00000001177a6364
  0x00000001177a5d48: 8b09 40b9 

  0x00000001177a5d4c: ;   {metadata('java/lang/Integer')}
  0x00000001177a5d4c: 4d00 a0d2 | 0d5d 92f2 | 7f01 0d6b | e129 0054 | 8c0d 40b9 | ec00 0034 | 8105 0011 

  0x00000001177a5d68: ; ImmutableOopMap {[0]=Oop [16]=Oop [32]=Oop }
                      ;*invokestatic valueOf {reexecute=0 rethrow=0 return_oop=1}
                      ; - kotlinx.coroutines.internal.ThreadContextKt::countAll$lambda$0@46 (line 34)
                      ; - kotlinx.coroutines.internal.ThreadContextKt$$Lambda/0x0000007001084800::invoke@5
                      ; - kotlin.coroutines.CombinedContext::fold@22 (line 154)
                      ; - kotlinx.coroutines.internal.ThreadContextKt::threadContextElements@8 (line 55)
                      ; - kotlinx.coroutines.internal.ThreadContextKt::updateThreadContext@7 (line 61)
                      ; - kotlinx.coroutines.DispatchedTask::run@75 (line 223)
                      ;   {static_call}
  0x00000001177a5d68: 866a dd97 

  0x00000001177a5d6c: ;   {other}
  0x00000001177a5d6c: 1f20 03d5 | 9f3b 81f2 | 1f20 82f2 | ea03 00aa | fd03 0aaa | c9fe ff17 | aa0b 40b9 

  0x00000001177a5d88: ;   {metadata('kotlinx/coroutines/StandaloneCoroutine')}
  0x00000001177a5d88: 0c21 a0d2 | 0cb5 86f2 | 5f01 0c6b | eb03 1daa | 811f 0054 | e103 1daa | ea13 40f9 | 5d09 40b9 
  0x00000001177a5da8: ; ImmutableOopMap {[0]=Oop [16]=Oop [24]=Oop [32]=Oop [40]=Oop [48]=Oop }
                      ;*invokeinterface getCancellationException {reexecute=0 rethrow=0 return_oop=1}
                      ; - kotlinx.coroutines.DispatchedTask::run@182 (line 93)
                      ;   {optimized virtual_call}
  0x00000001177a5da8: b202 0094 

  0x00000001177a5dac: ;   {other}
  0x00000001177a5dac: 1f20 03d5 | 9f43 81f2 | 1f40 82f2 

  0x00000001177a5db8: ;   {metadata('kotlinx/coroutines/internal/DispatchedContinuation')}
  0x00000001177a5db8: 0b21 a0d2 | 0b93 8af2 | bf03 0b6b | e01f 00f9 | c001 0054 

  0x00000001177a5dcc: ;   {metadata('kotlinx/coroutines/CancellableContinuationImpl')}
  0x00000001177a5dcc: 0b21 a0d2 | 0b6c 98f2 | bf03 0b6b | 8120 0054 | ea13 40f9 | fd03 0aaa | e103 0aaa | e21b 40f9 
  0x00000001177a5dec: e303 00aa 

  0x00000001177a5df0: ; ImmutableOopMap {rfp=Oop [0]=Oop [16]=Oop [24]=Oop [32]=Oop [40]=Oop [56]=Oop }
                      ;*invokevirtual cancelCompletedResult$kotlinx_coroutines_core {reexecute=0 rethrow=0 return_oop=0}
                      ; - kotlinx.coroutines.DispatchedTask::run@197 (line 94)
                      ;   {optimized virtual_call}
  0x00000001177a5df0: e468 dd97 

  0x00000001177a5df4: ;   {other}
  0x00000001177a5df4: 1f20 03d5 | 9f4c 81f2 | 1f60 82f2 | fd13 40f9 | e11f 40f9 

  0x00000001177a5e08: ; ImmutableOopMap {rfp=Oop [0]=Oop [16]=Oop [24]=Oop [32]=Oop [40]=Oop }
                      ;*invokestatic createFailure {reexecute=0 rethrow=0 return_oop=1}
                      ; - kotlinx.coroutines.DispatchedTask::run@259 (line 232)
                      ;   {static_call}
  0x00000001177a5e08: b202 0094 

  0x00000001177a5e0c: ;   {other}
  0x00000001177a5e0c: 1f20 03d5 | 9f4f 81f2 | 1f80 82f2 | e103 40f9 | e203 00aa | 0965 97d2 | 6923 a0f2 | 090e c0f2 
  0x00000001177a5e2c: ; ImmutableOopMap {rfp=Oop [16]=Oop [24]=Oop [32]=Oop [40]=Oop }
                      ;*invokeinterface resumeWith {reexecute=0 rethrow=0 return_oop=0}
                      ; - kotlinx.coroutines.DispatchedTask::run@265 (line 232)
                      ;   {virtual_call}
  0x00000001177a5e2c: 7584 ff97 

  0x00000001177a5e30: ;   {other}
  0x00000001177a5e30: 1f20 03d5 | 1f54 81f2 | 1fa0 82f2 | 19ff ff17 | bd0b 40b9 

  0x00000001177a5e44: ;   {metadata('java/lang/Integer')}
  0x00000001177a5e44: 4a00 a0d2 | 0a5d 92f2 | bf03 0a6b | 401e 0054 | eb17 00f9 | e103 0baa 

  0x00000001177a5e5c: ;   {oop("null cannot be cast to non-null type kotlinx.coroutines.ThreadContextElement<kotlin.Any?>"{0x000000030158cde8})}
  0x00000001177a5e5c: 02bd 99d2 | 022b a0f2 | 6200 c0f2 

  0x00000001177a5e68: ; ImmutableOopMap {[0]=Oop [16]=Oop [32]=Oop [40]=Oop }
                      ;*invokestatic checkNotNull {reexecute=0 rethrow=0 return_oop=0}
                      ; - kotlinx.coroutines.internal.ThreadContextKt::updateThreadContext@63 (line 73)
                      ; - kotlinx.coroutines.DispatchedTask::run@75 (line 223)
                      ;   {static_call}
  0x00000001177a5e68: 466a dd97 

  0x00000001177a5e6c: ;   {other}
  0x00000001177a5e6c: 1f20 03d5 | 9f5b 81f2 | 1fc0 82f2 

  0x00000001177a5e78: ;   {metadata('kotlinx/coroutines/slf4j/MDCContext')}
  0x00000001177a5e78: 6a27 a0d2 | 0a5f 8df2 | bf03 0a6b | c11f 0054 | e117 40f9 | e20b 40f9 

  0x00000001177a5e90: ; ImmutableOopMap {[0]=Oop [16]=Oop [32]=Oop }
                      ;*invokevirtual updateThreadContext {reexecute=0 rethrow=0 return_oop=1}
                      ; - kotlinx.coroutines.slf4j.MDCContext::updateThreadContext@2 (line 77)
                      ; - kotlinx.coroutines.internal.ThreadContextKt::updateThreadContext@73 (line 74)
                      ; - kotlinx.coroutines.DispatchedTask::run@75 (line 223)
                      ;   {optimized virtual_call}
  0x00000001177a5e90: bc68 dd97 

  0x00000001177a5e94: ;   {other}
  0x00000001177a5e94: 1f20 03d5 | 9f60 81f2 | 1fe0 82f2 

  0x00000001177a5ea0: ;   {oop(a 'kotlinx/coroutines/internal/Symbol'{0x0000000300ba3210})}
  0x00000001177a5ea0: 0b42 86d2 | 4b17 a0f2 | 6b00 c0f2 | 1f00 0beb | 60d0 ff54 | fd03 00aa | e103 40f9 | e20b 40f9 
  0x00000001177a5ec0: e303 00aa 

  0x00000001177a5ec4: ; ImmutableOopMap {rfp=Oop [0]=Oop [16]=Oop [32]=Oop }
                      ;*invokestatic updateUndispatchedCompletion {reexecute=0 rethrow=0 return_oop=1}
                      ; - kotlinx.coroutines.DispatchedTask::run@93 (line 226)
                      ;   {static_call}
  0x00000001177a5ec4: 2f6a dd97 

  0x00000001177a5ec8: ;   {other}
  0x00000001177a5ec8: 1f20 03d5 | 1f67 81f2 | 1f00 83f2 | eb03 1daa | ea03 00aa | 7cfe ff17 | cd00 00b4 | aa09 40b9 
  0x00000001177a5ee8: ;   {metadata('kotlinx/coroutines/internal/ThreadState')}
  0x00000001177a5ee8: 0c21 a0d2 | 0cbc 8bf2 | 5f01 0c6b | 001a 0054 | ec0b 40f9 

  0x00000001177a5efc: ; implicit exception: dispatches to 0x00000001177a6380
  0x00000001177a5efc: 8b09 40b9 

  0x00000001177a5f00: ;   {metadata('kotlin/coroutines/CombinedContext')}
  0x00000001177a5f00: 0a21 a0d2 | 0a23 8ef2 | 7f01 0a6b | 011a 0054 | ea03 0caa | ed2b 00a9 

  0x00000001177a5f18: ;   {oop(a 'kotlinx/coroutines/internal/ThreadContextKt$$Lambda+0x0000007001084a30'{0x0000000300ba31f0})}
  0x00000001177a5f18: 033e 86d2 | 4317 a0f2 | 6300 c0f2 | e103 0aaa | e203 1faa 

  0x00000001177a5f2c: ; ImmutableOopMap {[0]=Oop [8]=Oop [32]=Oop }
                      ;*invokeinterface fold {reexecute=0 rethrow=0 return_oop=1}
                      ; - kotlinx.coroutines.internal.ThreadContextKt::restoreThreadContext@32 (line 89)
                      ; - kotlinx.coroutines.DispatchedTask::run@342 (line 237)
                      ;   {optimized virtual_call}
  0x00000001177a5f2c: 9568 dd97 

  0x00000001177a5f30: ;   {other}
  0x00000001177a5f30: 1f20 03d5 | 1f74 81f2 | 1f20 83f2 | fd03 00aa | e103 00aa 

  0x00000001177a5f44: ;   {oop("null cannot be cast to non-null type kotlinx.coroutines.ThreadContextElement<kotlin.Any?>"{0x000000030158cde8})}
  0x00000001177a5f44: 02bd 99d2 | 022b a0f2 | 6200 c0f2 

  0x00000001177a5f50: ; ImmutableOopMap {rfp=Oop [0]=Oop [8]=Oop [32]=Oop }
                      ;*invokestatic checkNotNull {reexecute=0 rethrow=0 return_oop=0}
                      ; - kotlinx.coroutines.internal.ThreadContextKt::restoreThreadContext@40 (line 89)
                      ; - kotlinx.coroutines.DispatchedTask::run@342 (line 237)
                      ;   {static_call}
  0x00000001177a5f50: 0c6a dd97 

  0x00000001177a5f54: ;   {other}
  0x00000001177a5f54: 1f20 03d5 | 9f78 81f2 | 1f40 83f2 | eb03 1daa 

  0x00000001177a5f64: ; implicit exception: dispatches to 0x00000001177a6394
  0x00000001177a5f64: 6a09 40b9 

  0x00000001177a5f68: ;   {metadata('kotlinx/coroutines/slf4j/MDCContext')}
  0x00000001177a5f68: 6c27 a0d2 | 0c5f 8df2 | 5f01 0c6b | e119 0054 | e103 0baa | e30b 40a9 

  0x00000001177a5f80: ; ImmutableOopMap {[32]=Oop }
                      ;*invokeinterface restoreThreadContext {reexecute=0 rethrow=0 return_oop=0}
                      ; - kotlinx.coroutines.internal.ThreadContextKt::restoreThreadContext@50 (line 90)
                      ; - kotlinx.coroutines.DispatchedTask::run@342 (line 237)
                      ;   {optimized virtual_call}
  0x00000001177a5f80: 8068 dd97 

  0x00000001177a5f84: ;   {other}
  0x00000001177a5f84: 1f20 03d5 | 9f7e 81f2 | 1f60 83f2 | ccfe ff17 

  0x00000001177a5f94: ;   {metadata('kotlin/coroutines/CoroutineContext$Element')}
  0x00000001177a5f94: 0076 86d2 | 2020 a0f2 | 000e c0f2 | e503 40b2 | 8950 40f9 | 8050 40fd | 8901 58b6 | 0054 545f 
  0x00000001177a5fb4: 0058 200e | 00b8 310e | 0300 669e | 8114 40f9 | 2578 63f8 | a500 00ca | 8500 00b4 | 6900 60b6 
  0x00000001177a5fd4: 29ad c993 

  0x00000001177a5fd8: ;   {runtime_call StubRoutines (final stubs)}
  0x00000001177a5fd8: 188f dd97 | 45ea ffb4 | 2104 8012 | fd13 40f9 | ea0f 00f9 

  0x00000001177a5fec: ; ImmutableOopMap {rfp=Oop [0]=Oop [16]=Oop [24]=Oop }
                      ;*checkcast {reexecute=0 rethrow=0 return_oop=0}
                      ; - kotlinx.coroutines.internal.ThreadContextKt$$Lambda/0x0000007001084800::invoke@2
                      ; - kotlin.coroutines.CombinedContext::fold@22 (line 154)
                      ; - kotlinx.coroutines.internal.ThreadContextKt::threadContextElements@8 (line 55)
                      ; - kotlinx.coroutines.internal.ThreadContextKt::updateThreadContext@7 (line 61)
                      ; - kotlinx.coroutines.DispatchedTask::run@75 (line 223)
                      ;   {runtime_call UncommonTrapBlob}
  0x00000001177a5fec: e583 dd97 

  0x00000001177a5ff0: ;   {other}
  0x00000001177a5ff0: 1f20 03d5 | 1f8c 81f2 | 1f80 83f2 

  0x00000001177a5ffc: ;   {metadata('kotlinx/coroutines/ThreadContextElement')}
  0x00000001177a5ffc: 002b 83d2 | 0021 a0f2 | 000e c0f2 | e503 40b2 | 8950 40f9 | 8050 40fd | 8901 2036 | 0054 7b5f 
  0x00000001177a601c: 0058 200e | 00b8 310e | 0300 669e | 8114 40f9 | 2578 63f8 | a500 00ca | 8500 00b4 | 6900 2836 
  0x00000001177a603c: 2911 c993 

  0x00000001177a6040: ;   {runtime_call StubRoutines (final stubs)}
  0x00000001177a6040: fe8e dd97 | 05e8 ffb4 | ea17 40f9 | 8ae9 ffb5 | 4117 8012 | fd13 40f9 

  0x00000001177a6058: ; ImmutableOopMap {rfp=Oop [0]=Oop [16]=Oop [40]=Oop }
                      ;*ifnonnull {reexecute=1 rethrow=0 return_oop=0}
                      ; - (reexecute) kotlin.jvm.internal.Intrinsics::checkNotNull@1 (line 24)
                      ; - kotlinx.coroutines.internal.ThreadContextKt::threadContextElements@14 (line 55)
                      ; - kotlinx.coroutines.internal.ThreadContextKt::updateThreadContext@7 (line 61)
                      ; - kotlinx.coroutines.DispatchedTask::run@75 (line 223)
                      ;   {runtime_call UncommonTrapBlob}
  0x00000001177a6058: ca83 dd97 

  0x00000001177a605c: ;   {other}
  0x00000001177a605c: 1f20 03d5 | 9f99 81f2 | 1fa0 83f2 | f307 40f9 | 6a0e 40b9 | 40f1 7dd3 | 40de ffb4 | 8a17 40f9 
  0x00000001177a607c: 0a0a 00b4 | 8b1f 40f9 | 4c21 00d1 | 6a01 0a8b | 4081 1ff8 | 8c17 00f9 | eafe ff17 | 8a27 40f9 
  0x00000001177a609c: 8b2f 40f9 | bf3b 03d5 | 0c00 c039 | 8cde ff34 | 1f00 0039 | 8a01 00b5 | e103 1caa | c900 0010 
  0x00000001177a60bc: 89db 01f9 

  0x00000001177a60c0: ;   {runtime_call G1BarrierSetRuntime::write_ref_field_post_entry(unsigned char volatile*, JavaThread*)}
  0x00000001177a60c0: 88d8 83d2 | 08c8 a0f2 | 2800 c0f2 | 0001 3fd6 

  0x00000001177a60d0: ;   {other}
  0x00000001177a60d0: 1f20 03d5 | 1f00 80f2 | 1f00 80f2 | e7fe ff17 | 4c21 00d1 | 6a01 0a8b | 4081 1ff8 | 8c27 00f9 
  0x00000001177a60f0: e2fe ff17 

  0x00000001177a60f4: ;   {metadata('kotlin/Result$Failure')}
  0x00000001177a60f4: 01ca 90d2 | 0121 a0f2 | 010e c0f2 

  0x00000001177a6100: ; ImmutableOopMap {rfp=Oop [0]=Oop [16]=Oop [24]=Oop [32]=Oop [40]=Oop }
                      ;*new {reexecute=0 rethrow=0 return_oop=1}
                      ; - kotlin.ResultKt::createFailure@6 (line 122)
                      ; - kotlinx.coroutines.DispatchedTask::run@286 (line 98)
                      ;   {runtime_call _new_instance_Java}
  0x00000001177a6100: c0ed e097 

  0x00000001177a6104: ;   {other}
  0x00000001177a6104: 1f20 03d5 | 9fae 81f2 | 1fc0 83f2 | befe ff17 | ea0b 40f9 | ea07 00f9 | ea0f 40f9 | ea0b 00f9 
  0x00000001177a6124: ea17 40f9 | 2104 8012 | fd03 0daa | ea0f 00f9 | eb17 00f9 

  0x00000001177a6138: ; ImmutableOopMap {rfp=Oop [0]=Oop [8]=Oop [16]=Oop [24]=Oop [40]=Oop [48]=Oop }
                      ;*invokeinterface get {reexecute=0 rethrow=0 return_oop=0}
                      ; - kotlinx.coroutines.DispatchedTask::run@151 (line 91)
                      ;   {runtime_call UncommonTrapBlob}
  0x00000001177a6138: 9283 dd97 

  0x00000001177a613c: ;   {other}
  0x00000001177a613c: 1f20 03d5 | 9fb5 81f2 | 1fe0 83f2 | eb0b 40f9 | eb03 00f9 | eb0f 40f9 | 4117 8012 | eb07 00f9 
  0x00000001177a615c: ea0f 00f9 

  0x00000001177a6160: ; ImmutableOopMap {[0]=Oop [8]=Oop [24]=Oop [32]=Oop [40]=Oop }
                      ;*ifnull {reexecute=1 rethrow=0 return_oop=0}
                      ; - (reexecute) kotlinx.coroutines.DispatchedTask::run@327 (line 236)
                      ;   {runtime_call UncommonTrapBlob}
  0x00000001177a6160: 8883 dd97 

  0x00000001177a6164: ;   {other}
  0x00000001177a6164: 1f20 03d5 | 9fba 81f2 | 1f00 84f2 | 2104 8012 | fd13 40f9 

  0x00000001177a6178: ; ImmutableOopMap {rfp=Oop [0]=Oop [16]=Oop }
                      ;*invokeinterface fold {reexecute=0 rethrow=0 return_oop=0}
                      ; - kotlinx.coroutines.internal.ThreadContextKt::threadContextElements@8 (line 55)
                      ; - kotlinx.coroutines.internal.ThreadContextKt::updateThreadContext@7 (line 61)
                      ; - kotlinx.coroutines.DispatchedTask::run@75 (line 223)
                      ;   {runtime_call UncommonTrapBlob}
  0x00000001177a6178: 8283 dd97 

  0x00000001177a617c: ;   {other}
  0x00000001177a617c: 1f20 03d5 | 9fbd 81f2 | 1f20 84f2 | ea0b 40f9 | ea07 00f9 | ea0f 40f9 | ea0b 00f9 | ea17 40f9 
  0x00000001177a619c: 2104 8012 | fd13 40f9 | ea0f 00f9 | eb17 00f9 

  0x00000001177a61ac: ; ImmutableOopMap {rfp=Oop [0]=Oop [8]=Oop [16]=Oop [24]=Oop [40]=Oop [48]=Oop }
                      ;*invokeinterface getCancellationException {reexecute=0 rethrow=0 return_oop=0}
                      ; - kotlinx.coroutines.DispatchedTask::run@182 (line 93)
                      ;   {runtime_call UncommonTrapBlob}
  0x00000001177a61ac: 7583 dd97 

  0x00000001177a61b0: ;   {other}
  0x00000001177a61b0: 1f20 03d5 | 1fc4 81f2 | 1f40 84f2 | e103 1caa | c900 0010 | 89db 01f9 

  0x00000001177a61c8: ;   {runtime_call G1BarrierSetRuntime::write_ref_field_pre_entry(oopDesc*, JavaThread*)}
  0x00000001177a61c8: 88d3 83d2 | 08c8 a0f2 | 2800 c0f2 | 0001 3fd6 

  0x00000001177a61d8: ;   {other}
  0x00000001177a61d8: 1f20 03d5 | 1f00 80f2 | 1f00 80f2 | 96fe ff17 | ea0b 40f9 | ea07 00f9 | ea0f 40f9 | ea0b 00f9 
  0x00000001177a61f8: ea17 40f9 | 2107 8012 | fd13 40f9 | ea0f 00f9 

  0x00000001177a6208: ; ImmutableOopMap {rfp=Oop [0]=Oop [8]=Oop [16]=Oop [24]=Oop [48]=Oop [56]=Oop }
                      ;*invokevirtual cancelCompletedResult$kotlinx_coroutines_core {reexecute=0 rethrow=0 return_oop=0}
                      ; - kotlinx.coroutines.DispatchedTask::run@197 (line 94)
                      ;   {runtime_call UncommonTrapBlob}
  0x00000001177a6208: 5e83 dd97 

  0x00000001177a620c: ;   {other}
  0x00000001177a620c: 1f20 03d5 | 9fcf 81f2 | 1f60 84f2 | fd13 40f9 | 4105 8052 | eb13 00f9 

  0x00000001177a6224: ; ImmutableOopMap {rfp=Oop [0]=Oop [16]=Oop [32]=Oop }
                      ;*new {reexecute=0 rethrow=0 return_oop=0}
                      ; - kotlinx.coroutines.internal.ThreadContextKt::updateThreadContext@34 (line 68)
                      ; - kotlinx.coroutines.DispatchedTask::run@75 (line 223)
                      ;   {runtime_call UncommonTrapBlob}
  0x00000001177a6224: 5783 dd97 

  0x00000001177a6228: ;   {other}
  0x00000001177a6228: 1f20 03d5 | 1fd3 81f2 | 1f80 84f2 | fd03 0daa | 410a 8012 

  0x00000001177a623c: ; ImmutableOopMap {rfp=Oop [16]=Oop [32]=Oop }
                      ;*invokevirtual restore {reexecute=0 rethrow=0 return_oop=0}
                      ; - kotlinx.coroutines.internal.ThreadContextKt::restoreThreadContext@21 (line 84)
                      ; - kotlinx.coroutines.DispatchedTask::run@342 (line 237)
                      ;   {runtime_call UncommonTrapBlob}
  0x00000001177a623c: 5183 dd97 

  0x00000001177a6240: ;   {other}
  0x00000001177a6240: 1f20 03d5 | 1fd6 81f2 | 1fa0 84f2 | 2104 8012 

  0x00000001177a6250: ; ImmutableOopMap {[16]=Oop [24]=Oop [32]=Oop }
                      ;*invokeinterface fold {reexecute=0 rethrow=0 return_oop=0}
                      ; - kotlinx.coroutines.internal.ThreadContextKt::restoreThreadContext@32 (line 89)
                      ; - kotlinx.coroutines.DispatchedTask::run@342 (line 237)
                      ;   {runtime_call UncommonTrapBlob}
  0x00000001177a6250: 4c83 dd97 

  0x00000001177a6254: ;   {other}
  0x00000001177a6254: 1f20 03d5 | 9fd8 81f2 | 1fc0 84f2 | 2104 8012 | fd13 40f9 | e003 00f9 

  0x00000001177a626c: ; ImmutableOopMap {rfp=Oop [0]=Oop }
                      ;*checkcast {reexecute=0 rethrow=0 return_oop=0}
                      ; - kotlinx.coroutines.DispatchedTask::run@43 (line 80)
                      ;   {runtime_call UncommonTrapBlob}
  0x00000001177a626c: 4583 dd97 

  0x00000001177a6270: ;   {other}
  0x00000001177a6270: 1f20 03d5 | 1fdc 81f2 | 1fe0 84f2 | 2104 8012 | fd13 40f9 

  0x00000001177a6284: ; ImmutableOopMap {rfp=Oop [0]=Oop [16]=Oop [40]=Oop }
                      ;*checkcast {reexecute=0 rethrow=0 return_oop=0}
                      ; - kotlinx.coroutines.internal.ThreadContextKt::updateThreadContext@67 (line 73)
                      ; - kotlinx.coroutines.DispatchedTask::run@75 (line 223)
                      ;   {runtime_call UncommonTrapBlob}
  0x00000001177a6284: 3f83 dd97 

  0x00000001177a6288: ;   {other}
  0x00000001177a6288: 1f20 03d5 | 1fdf 81f2 | 1f00 85f2 | fd13 40f9 | 2104 8012 | ea13 00f9 

  0x00000001177a62a0: ; ImmutableOopMap {rfp=Oop [0]=Oop [16]=Oop [32]=Oop [40]=Oop }
                      ;*instanceof {reexecute=0 rethrow=0 return_oop=0}
                      ; - kotlinx.coroutines.internal.ThreadContextKt::countAll$lambda$0@8 (line 33)
                      ; - kotlinx.coroutines.internal.ThreadContextKt$$Lambda/0x0000007001084800::invoke@5
                      ; - kotlin.coroutines.CombinedContext::fold@22 (line 154)
                      ; - kotlinx.coroutines.internal.ThreadContextKt::threadContextElements@8 (line 55)
                      ; - kotlinx.coroutines.internal.ThreadContextKt::updateThreadContext@7 (line 61)
                      ; - kotlinx.coroutines.DispatchedTask::run@75 (line 223)
                      ;   {runtime_call UncommonTrapBlob}
  0x00000001177a62a0: 3883 dd97 

  0x00000001177a62a4: ;   {other}
  0x00000001177a62a4: 1f20 03d5 | 9fe2 81f2 | 1f20 85f2 | eb0b 00f9 | 2104 8012 

  0x00000001177a62b8: ; ImmutableOopMap {[0]=Oop [8]=Oop [16]=Oop [32]=Oop }
                      ;*checkcast {reexecute=0 rethrow=0 return_oop=0}
                      ; - kotlinx.coroutines.internal.ThreadContextKt::restoreThreadContext@43 (line 89)
                      ; - kotlinx.coroutines.DispatchedTask::run@342 (line 237)
                      ;   {runtime_call UncommonTrapBlob}
  0x00000001177a62b8: 3283 dd97 

  0x00000001177a62bc: ;   {other}
  0x00000001177a62bc: 1f20 03d5 | 9fe5 81f2 | 1f40 85f2 | ea0b 40f9 | ea07 00f9 | ea0f 40f9 | 2101 8012 | fd03 0daa 
  0x00000001177a62dc: ea0b 00f9 

  0x00000001177a62e0: ; ImmutableOopMap {rfp=Oop [0]=Oop [8]=Oop [16]=Oop [40]=Oop [48]=Oop }
                      ;*invokeinterface get {reexecute=0 rethrow=0 return_oop=0}
                      ; - kotlinx.coroutines.DispatchedTask::run@151 (line 91)
                      ;   {runtime_call UncommonTrapBlob}
  0x00000001177a62e0: 2883 dd97 

  0x00000001177a62e4: ;   {other}
  0x00000001177a62e4: 1f20 03d5 | 9fea 81f2 | 1f60 85f2 | ea0b 40f9 | ea07 00f9 | ea0f 40f9 | 6101 8012 | fd13 40f9 
  0x00000001177a6304: ea0b 00f9 

  0x00000001177a6308: ; ImmutableOopMap {rfp=Oop [0]=Oop [8]=Oop [16]=Oop [40]=Oop [48]=Oop }
                      ;*instanceof {reexecute=0 rethrow=0 return_oop=0}
                      ; - kotlin.coroutines.CombinedContext::get@39 (line 145)
                      ; - kotlinx.coroutines.DispatchedTask::run@151 (line 91)
                      ;   {runtime_call UncommonTrapBlob}
  0x00000001177a6308: 1e83 dd97 

  0x00000001177a630c: ;   {other}
  0x00000001177a630c: 1f20 03d5 | 9fef 81f2 | 1f80 85f2 | 4117 8012 | fd13 40f9 | e007 00f9 

  0x00000001177a6324: ; ImmutableOopMap {rfp=Oop [8]=Oop }
                      ;*ifnonnull {reexecute=1 rethrow=0 return_oop=0}
                      ; - (reexecute) kotlin.jvm.internal.Intrinsics::checkNotNull@1 (line 30)
                      ; - kotlinx.coroutines.DispatchedTask::run@40 (line 80)
                      ;   {runtime_call UncommonTrapBlob}
  0x00000001177a6324: 1783 dd97 

  0x00000001177a6328: ;   {other}
  0x00000001177a6328: 1f20 03d5 | 1ff3 81f2 | 1fa0 85f2 | 2101 8012 | fd13 40f9 

  0x00000001177a633c: ; ImmutableOopMap {rfp=Oop [0]=Oop [16]=Oop }
                      ;*invokeinterface fold {reexecute=0 rethrow=0 return_oop=0}
                      ; - kotlinx.coroutines.internal.ThreadContextKt::threadContextElements@8 (line 55)
                      ; - kotlinx.coroutines.internal.ThreadContextKt::updateThreadContext@7 (line 61)
                      ; - kotlinx.coroutines.DispatchedTask::run@75 (line 223)
                      ;   {runtime_call UncommonTrapBlob}
  0x00000001177a633c: 1183 dd97 

  0x00000001177a6340: ;   {other}
  0x00000001177a6340: 1f20 03d5 | 1ff6 81f2 | 1fc0 85f2 | 6101 8012 | fd13 40f9 

  0x00000001177a6354: ; ImmutableOopMap {rfp=Oop [0]=Oop [16]=Oop [40]=Oop }
                      ;*checkcast {reexecute=0 rethrow=0 return_oop=0}
                      ; - kotlinx.coroutines.internal.ThreadContextKt$$Lambda/0x0000007001084800::invoke@2
                      ; - kotlin.coroutines.CombinedContext::fold@22 (line 154)
                      ; - kotlinx.coroutines.internal.ThreadContextKt::threadContextElements@8 (line 55)
                      ; - kotlinx.coroutines.internal.ThreadContextKt::updateThreadContext@7 (line 61)
                      ; - kotlinx.coroutines.DispatchedTask::run@75 (line 223)
                      ;   {runtime_call UncommonTrapBlob}
  0x00000001177a6354: 0b83 dd97 

  0x00000001177a6358: ;   {other}
  0x00000001177a6358: 1f20 03d5 | 1ff9 81f2 | 1fe0 85f2 | fd13 40f9 | 6101 8012 | ea13 00f9 

  0x00000001177a6370: ; ImmutableOopMap {rfp=Oop [0]=Oop [16]=Oop [32]=Oop }
                      ;*instanceof {reexecute=0 rethrow=0 return_oop=0}
                      ; - kotlinx.coroutines.internal.ThreadContextKt::countAll$lambda$0@8 (line 33)
                      ; - kotlinx.coroutines.internal.ThreadContextKt$$Lambda/0x0000007001084800::invoke@5
                      ; - kotlin.coroutines.CombinedContext::fold@22 (line 154)
                      ; - kotlinx.coroutines.internal.ThreadContextKt::threadContextElements@8 (line 55)
                      ; - kotlinx.coroutines.internal.ThreadContextKt::updateThreadContext@7 (line 61)
                      ; - kotlinx.coroutines.DispatchedTask::run@75 (line 223)
                      ;   {runtime_call UncommonTrapBlob}
  0x00000001177a6370: 0483 dd97 

  0x00000001177a6374: ;   {other}
  0x00000001177a6374: 1f20 03d5 | 9ffc 81f2 | 1f00 86f2 | 2101 8012 

  0x00000001177a6384: ; ImmutableOopMap {[32]=Oop }
                      ;*invokeinterface fold {reexecute=0 rethrow=0 return_oop=0}
                      ; - kotlinx.coroutines.internal.ThreadContextKt::restoreThreadContext@32 (line 89)
                      ; - kotlinx.coroutines.DispatchedTask::run@342 (line 237)
                      ;   {runtime_call UncommonTrapBlob}
  0x00000001177a6384: ff82 dd97 

  0x00000001177a6388: ;   {other}
  0x00000001177a6388: 1f20 03d5 | 1fff 81f2 | 1f20 86f2 | 6101 8012 

  0x00000001177a6398: ; ImmutableOopMap {[0]=Oop [8]=Oop [32]=Oop }
                      ;*checkcast {reexecute=0 rethrow=0 return_oop=0}
                      ; - kotlinx.coroutines.internal.ThreadContextKt::restoreThreadContext@43 (line 89)
                      ; - kotlinx.coroutines.DispatchedTask::run@342 (line 237)
                      ;   {runtime_call UncommonTrapBlob}
  0x00000001177a6398: fa82 dd97 

  0x00000001177a639c: ;   {other}
  0x00000001177a639c: 1f20 03d5 | 9f01 82f2 | 1f40 86f2 | e103 00aa | 0400 0014 | e103 00aa | 0200 0014 | e103 00aa 
  0x00000001177a63bc: fd7b 45a9 | ff83 0191 

  0x00000001177a63c4: ;   {runtime_call _rethrow_Java}
  0x00000001177a63c4: 4f00 e117 | e203 00aa | 9300 0014 | 4800 0014 | 0a08 40b9 

  0x00000001177a63d8: ;   {metadata('kotlinx/coroutines/DispatchException')}
  0x00000001177a63d8: 0c21 a0d2 | 0ce8 8af2 | 5f01 0c6b | 21ff ff54 | fd03 00aa | 7400 0014 | e203 00aa | 8900 0014 
  0x00000001177a63f8: e203 00aa | 8700 0014 | 0b08 40b9 

  0x00000001177a6404: ;   {metadata('kotlinx/coroutines/DispatchException')}
  0x00000001177a6404: 0a21 a0d2 | 0ae8 8af2 | 7f01 0a6b | 01ff ff54 | fd03 00aa | 6900 0014 | 0b08 40b9 

  0x00000001177a6420: ;   {metadata('kotlinx/coroutines/DispatchException')}
  0x00000001177a6420: 0a21 a0d2 | 0ae8 8af2 | 7f01 0a6b | 61fe ff54 | fd03 00aa | 6200 0014 | e203 00aa | 7700 0014 
  0x00000001177a6440: 0b08 40b9 | 2100 0014 | 0b08 40b9 | 1f00 0014 | fd03 00aa | 4800 0014 | e203 00aa | 6f00 0014 
  0x00000001177a6460: 0b08 40b9 | 6a09 5cd2 | 0600 0014 | 0a08 40b9 | 4a09 5cd2 | 0300 0014 | 0b08 40b9 | 6a09 5cd2 
  0x00000001177a6480: 4a25 40f9 

  0x00000001177a6484: ;   {metadata('kotlinx/coroutines/DispatchException')}
  0x00000001177a6484: 0be8 8ad2 | 0b21 a0f2 | 0b0e c0f2 | 5f01 0beb | 21fd ff54 | fd03 00aa | 4800 0014 | fd03 00aa 
  0x00000001177a64a4: 3400 0014 | fd03 00aa | 3200 0014 | fd03 00aa | 3000 0014 | fd03 00aa | 2e00 0014 | 0100 0014 
  0x00000001177a64c4: 0b08 40b9 | 6a09 5cd2 | 4a25 40f9 

  0x00000001177a64d0: ;   {metadata('kotlinx/coroutines/DispatchException')}
  0x00000001177a64d0: 0be8 8ad2 | 0b21 a0f2 | 0b0e c0f2 | 5f01 0beb | c1fb ff54 | fd03 00aa | 3500 0014 | 0100 0014 
  0x00000001177a64f0: fd03 00aa | 2000 0014 | 1e00 0014 | e203 00aa | 4600 0014 | 0b08 40b9 

  0x00000001177a6508: ;   {metadata('kotlinx/coroutines/DispatchException')}
  0x00000001177a6508: 0a21 a0d2 | 0ae8 8af2 | 7f01 0a6b | 41ff ff54 | fd03 00aa | 2800 0014 | 0a08 40b9 

  0x00000001177a6524: ;   {metadata('kotlinx/coroutines/DispatchException')}
  0x00000001177a6524: 0c21 a0d2 | 0ce8 8af2 | 5f01 0c6b | 0108 0054 | fd03 00aa | 2100 0014 | fd03 00aa | 0d00 0014 
  0x00000001177a6544: fd03 00aa | 0b00 0014 | fd03 00aa | 0900 0014 | fd03 00aa | 0700 0014 | fd03 00aa | 0500 0014 
  0x00000001177a6564: fd03 00aa | 0300 0014 | 0100 0014 | fd03 00aa | ea17 40f9 | ea00 00b4 | e103 0aaa 

  0x00000001177a6580: ; ImmutableOopMap {rfp=Oop [16]=Oop [24]=Oop [32]=Oop }
                      ;*invokevirtual clearThreadContext {reexecute=0 rethrow=0 return_oop=0}
                      ; - kotlinx.coroutines.DispatchedTask::run@357 (line 236)
                      ;   {optimized virtual_call}
  0x00000001177a6580: 0067 dd97 

  0x00000001177a6584: ;   {other}
  0x00000001177a6584: 1f20 03d5 | 9f3e 82f2 | 1f60 86f2 | c000 0034 | e10b 41a9 

  0x00000001177a6598: ; ImmutableOopMap {rfp=Oop [32]=Oop }
                      ;*invokestatic restoreThreadContext {reexecute=0 rethrow=0 return_oop=0}
                      ; - kotlinx.coroutines.DispatchedTask::run@367 (line 237)
                      ;   {static_call}
  0x00000001177a6598: 7a68 dd97 

  0x00000001177a659c: ;   {other}
  0x00000001177a659c: 1f20 03d5 | 9f41 82f2 | 1f80 86f2 | aa0b 40b9 

  0x00000001177a65ac: ;   {metadata('kotlinx/coroutines/DispatchException')}
  0x00000001177a65ac: 0c21 a0d2 | 0ce8 8af2 | 5f01 0c6b | e102 0054 | e113 40f9 | e9ff 9fd2 | e9ff bff2 | e9ff dff2 
  0x00000001177a65cc: ; ImmutableOopMap {rfp=Oop }
                      ;*invokevirtual getDelegate$kotlinx_coroutines_core {reexecute=0 rethrow=0 return_oop=1}
                      ; - kotlinx.coroutines.DispatchedTask::run@375 (line 105)
                      ;   {virtual_call}
  0x00000001177a65cc: ad67 dd97 

  0x00000001177a65d0: ;   {other}
  0x00000001177a65d0: 1f20 03d5 | 1f48 82f2 | 1fa0 86f2 | e103 00aa | e9ff 9fd2 | e9ff bff2 | e9ff dff2 

  0x00000001177a65ec: ; ImmutableOopMap {rfp=Oop }
                      ;*invokeinterface getContext {reexecute=0 rethrow=0 return_oop=1}
                      ; - kotlinx.coroutines.DispatchedTask::run@378 (line 105)
                      ;   {virtual_call}
  0x00000001177a65ec: a567 dd97 

  0x00000001177a65f0: ;   {other}
  0x00000001177a65f0: 1f20 03d5 | 1f4c 82f2 | 1fc0 86f2 | e003 00f9 | 410a 8012 

  0x00000001177a6604: ; ImmutableOopMap {rfp=Oop [0]=Oop }
                      ;*invokevirtual getCause {reexecute=0 rethrow=0 return_oop=0}
                      ; - kotlinx.coroutines.DispatchedTask::run@384 (line 105)
                      ;   {runtime_call UncommonTrapBlob}
  0x00000001177a6604: 5f82 dd97 

  0x00000001177a6608: ;   {other}
  0x00000001177a6608: 1f20 03d5 | 1f4f 82f2 | 1fe0 86f2 | e203 1daa | e113 40f9 

  0x00000001177a661c: ; ImmutableOopMap {}
                      ;*invokevirtual handleFatalException$kotlinx_coroutines_core {reexecute=0 rethrow=0 return_oop=0}
                      ; - kotlinx.coroutines.DispatchedTask::run@396 (line 107)
                      ;   {optimized virtual_call}
  0x00000001177a661c: d966 dd97 

  0x00000001177a6620: ;   {other}
  0x00000001177a6620: 1f20 03d5 | 1f52 82f2 | 1f00 87f2 | 25fd ff17 | e203 00aa | f9ff ff17 

  0x00000001177a6638: ;   {internal_word}
  0x00000001177a6638: 88a4 ff10 | 883b 02f9 

  0x00000001177a6640: ;   {runtime_call SafepointBlob}
  0x00000001177a6640: b080 dd17 | 0830 93d2 | 08de a2f2 | 2800 c0f2 | 0001 3fd6 | 78fc ff17 

  0x00000001177a6658: ;   {other}
  0x00000001177a6658: 0700 0000 | 0000 0000 
[Stub Code]
  0x00000001177a6660: ;   {no_reloc}
  0x00000001177a6660: 4800 0058 | 0001 1fd6 | 5009 ff16 | 0100 0000 

  0x00000001177a6670: ;   {trampoline_stub}
  0x00000001177a6670: 4800 0058 | 0001 1fd6 | 2808 ff16 | 0100 0000 

  0x00000001177a6680: ;   {trampoline_stub}
  0x00000001177a6680: 4800 0058 | 0001 1fd6 | 2808 ff16 | 0100 0000 

  0x00000001177a6690: ;   {trampoline_stub}
  0x00000001177a6690: 4800 0058 | 0001 1fd6 | e804 ff16 | 0100 0000 

  0x00000001177a66a0: ;   {trampoline_stub}
  0x00000001177a66a0: 4800 0058 | 0001 1fd6 | b006 ff16 | 0100 0000 

  0x00000001177a66b0: ;   {trampoline_stub}
  0x00000001177a66b0: 4800 0058 | 0001 1fd6 | e803 ff16 | 0100 0000 

  0x00000001177a66c0: ;   {trampoline_stub}
  0x00000001177a66c0: 4800 0058 | 0001 1fd6 | e803 ff16 | 0100 0000 

  0x00000001177a66d0: ;   {trampoline_stub}
  0x00000001177a66d0: 4800 0058 | 0001 1fd6 | 90da 0e17 | 0100 0000 

  0x00000001177a66e0: ;   {trampoline_stub}
  0x00000001177a66e0: 4800 0058 | 0001 1fd6 | 8806 ff16 | 0100 0000 

  0x00000001177a66f0: ;   {trampoline_stub}
  0x00000001177a66f0: 4800 0058 | 0001 1fd6 | 8802 ff16 | 0100 0000 

  0x00000001177a6700: ;   {trampoline_stub}
  0x00000001177a6700: 4800 0058 | 0001 1fd6 | e803 ff16 | 0100 0000 

  0x00000001177a6710: ;   {trampoline_stub}
  0x00000001177a6710: 4800 0058 | 0001 1fd6 | 800c 5217 | 0100 0000 

  0x00000001177a6720: ;   {trampoline_stub}
  0x00000001177a6720: 4800 0058 | 0001 1fd6 | 800c 5217 | 0100 0000 

  0x00000001177a6730: ;   {trampoline_stub}
  0x00000001177a6730: 4800 0058 | 0001 1fd6 | 8802 ff16 | 0100 0000 

  0x00000001177a6740: ;   {trampoline_stub}
  0x00000001177a6740: 4800 0058 | 0001 1fd6 | 8004 f016 | 0100 0000 

  0x00000001177a6750: ;   {trampoline_stub}
  0x00000001177a6750: 4800 0058 | 0001 1fd6 | 8007 f016 | 0100 0000 

  0x00000001177a6760: ;   {trampoline_stub}
  0x00000001177a6760: 4800 0058 | 0001 1fd6 | 7068 7a17 | 0100 0000 

  0x00000001177a6770: ;   {trampoline_stub}
  0x00000001177a6770: 4800 0058 | 0001 1fd6 | 8001 f016 | 0100 0000 

  0x00000001177a6780: ;   {static_stub}
  0x00000001177a6780: df3f 03d5 

  0x00000001177a6784: ;   {metadata(nullptr)}
  0x00000001177a6784: 0c00 80d2 | 0c00 a0f2 | 0c00 c0f2 | 0800 80d2 | 0800 a0f2 | 0800 c0f2 | 0001 1fd6 

  0x00000001177a67a0: ;   {trampoline_stub}
  0x00000001177a67a0: 4800 0058 | 0001 1fd6 | d068 7a17 | 0100 0000 

  0x00000001177a67b0: ;   {trampoline_stub}
  0x00000001177a67b0: 4800 0058 | 0001 1fd6 | 0070 7817 | 0100 0000 

  0x00000001177a67c0: ;   {trampoline_stub}
  0x00000001177a67c0: 4800 0058 | 0001 1fd6 | 8007 f016 | 0100 0000 

  0x00000001177a67d0: ;   {trampoline_stub}
  0x00000001177a67d0: 4800 0058 | 0001 1fd6 | 8001 f016 | 0100 0000 

  0x00000001177a67e0: ;   {trampoline_stub}
  0x00000001177a67e0: 4800 0058 | 0001 1fd6 | 8007 f016 | 0100 0000 

  0x00000001177a67f0: ;   {trampoline_stub}
  0x00000001177a67f0: 4800 0058 | 0001 1fd6 | 8001 f016 | 0100 0000 

  0x00000001177a6800: ;   {trampoline_stub}
  0x00000001177a6800: 4800 0058 | 0001 1fd6 | 8007 f016 | 0100 0000 

  0x00000001177a6810: ;   {trampoline_stub}
  0x00000001177a6810: 4800 0058 | 0001 1fd6 | 8001 f016 | 0100 0000 

  0x00000001177a6820: ;   {trampoline_stub}
  0x00000001177a6820: 4800 0058 | 0001 1fd6 | 8001 f016 | 0100 0000 

  0x00000001177a6830: ;   {trampoline_stub}
  0x00000001177a6830: 4800 0058 | 0001 1fd6 | 8007 f016 | 0100 0000 

  0x00000001177a6840: ;   {trampoline_stub}
  0x00000001177a6840: 4800 0058 | 0001 1fd6 | 8004 f016 | 0100 0000 

  0x00000001177a6850: ;   {trampoline_stub}
  0x00000001177a6850: 4800 0058 | 0001 1fd6 | 8004 f016 | 0100 0000 

  0x00000001177a6860: ;   {trampoline_stub}
  0x00000001177a6860: 4800 0058 | 0001 1fd6 | 8001 f016 | 0100 0000 

  0x00000001177a6870: ;   {static_stub}
  0x00000001177a6870: df3f 03d5 

  0x00000001177a6874: ;   {metadata({method} {0x0000000127547f08} 'getCancellationException' '()Ljava/util/concurrent/CancellationException;' in 'kotlinx/coroutines/JobSupport')}
  0x00000001177a6874: 0ce1 8fd2 | 8cea a4f2 | 2c00 c0f2 | 886a 89d2 | 08de a2f2 | 2800 c0f2 | 0001 1fd6 

  0x00000001177a6890: ;   {static_stub}
  0x00000001177a6890: df3f 03d5 

  0x00000001177a6894: ;   {metadata(nullptr)}
  0x00000001177a6894: 0c00 80d2 | 0c00 a0f2 | 0c00 c0f2 | 0800 80d2 | 0800 a0f2 | 0800 c0f2 | 0001 1fd6 

  0x00000001177a68b0: ;   {static_stub}
  0x00000001177a68b0: df3f 03d5 

  0x00000001177a68b4: ;   {metadata(nullptr)}
  0x00000001177a68b4: 0c00 80d2 | 0c00 a0f2 | 0c00 c0f2 | 0800 80d2 | 0800 a0f2 | 0800 c0f2 | 0001 1fd6 

  0x00000001177a68d0: ;   {static_stub}
  0x00000001177a68d0: df3f 03d5 

  0x00000001177a68d4: ;   {metadata({method} {0x0000000127580dd0} 'createFailure' '(Ljava/lang/Throwable;)Ljava/lang/Object;' in 'kotlin/ResultKt')}
  0x00000001177a68d4: 0cba 81d2 | 0ceb a4f2 | 2c00 c0f2 | 886a 89d2 | 08de a2f2 | 2800 c0f2 | 0001 1fd6 

  0x00000001177a68f0: ;   {static_stub}
  0x00000001177a68f0: df3f 03d5 

  0x00000001177a68f4: ;   {metadata(nullptr)}
  0x00000001177a68f4: 0c00 80d2 | 0c00 a0f2 | 0c00 c0f2 | 0800 80d2 | 0800 a0f2 | 0800 c0f2 | 0001 1fd6 

  0x00000001177a6910: ;   {static_stub}
  0x00000001177a6910: df3f 03d5 

  0x00000001177a6914: ;   {metadata(nullptr)}
  0x00000001177a6914: 0c00 80d2 | 0c00 a0f2 | 0c00 c0f2 | 0800 80d2 | 0800 a0f2 | 0800 c0f2 | 0001 1fd6 

  0x00000001177a6930: ;   {static_stub}
  0x00000001177a6930: df3f 03d5 

  0x00000001177a6934: ;   {metadata(nullptr)}
  0x00000001177a6934: 0c00 80d2 | 0c00 a0f2 | 0c00 c0f2 | 0800 80d2 | 0800 a0f2 | 0800 c0f2 | 0001 1fd6 

  0x00000001177a6950: ;   {static_stub}
  0x00000001177a6950: df3f 03d5 

  0x00000001177a6954: ;   {metadata(nullptr)}
  0x00000001177a6954: 0c00 80d2 | 0c00 a0f2 | 0c00 c0f2 | 0800 80d2 | 0800 a0f2 | 0800 c0f2 | 0001 1fd6 

  0x00000001177a6970: ;   {static_stub}
  0x00000001177a6970: df3f 03d5 

  0x00000001177a6974: ;   {metadata(nullptr)}
  0x00000001177a6974: 0c00 80d2 | 0c00 a0f2 | 0c00 c0f2 | 0800 80d2 | 0800 a0f2 | 0800 c0f2 | 0001 1fd6 

  0x00000001177a6990: ;   {static_stub}
  0x00000001177a6990: df3f 03d5 

  0x00000001177a6994: ;   {metadata(nullptr)}
  0x00000001177a6994: 0c00 80d2 | 0c00 a0f2 | 0c00 c0f2 | 0800 80d2 | 0800 a0f2 | 0800 c0f2 | 0001 1fd6 

  0x00000001177a69b0: ;   {static_stub}
  0x00000001177a69b0: df3f 03d5 

  0x00000001177a69b4: ;   {metadata(nullptr)}
  0x00000001177a69b4: 0c00 80d2 | 0c00 a0f2 | 0c00 c0f2 | 0800 80d2 | 0800 a0f2 | 0800 c0f2 | 0001 1fd6 

  0x00000001177a69d0: ;   {static_stub}
  0x00000001177a69d0: df3f 03d5 

  0x00000001177a69d4: ;   {metadata(nullptr)}
  0x00000001177a69d4: 0c00 80d2 | 0c00 a0f2 | 0c00 c0f2 | 0800 80d2 | 0800 a0f2 | 0800 c0f2 | 0001 1fd6 
[Exception Handler]
  0x00000001177a69f0: ;   {runtime_call ExceptionBlob}
  0x00000001177a69f0: a4d8 e017 
[Deopt Handler Code]
  0x00000001177a69f4: 1e00 0010 

  0x00000001177a69f8: ;   {runtime_call DeoptimizationBlob}
  0x00000001177a69f8: 9280 dd17 | 0000 0000 
[/MachCode]


---------------  P R O C E S S  ---------------

Threads class SMR info:
_java_thread_list=0x00000008310aad20, length=43, elements={
0x0000000100b10680, 0x0000000100b24910, 0x0000000100b287f0, 0x000000082ed28000,
0x000000082ed28700, 0x000000082ed28e00, 0x000000082ecd2800, 0x000000082ecd3000,
0x000000082ed29500, 0x000000082ed29c00, 0x000000082d288700, 0x000000082d288e00,
0x000000082d28aa00, 0x000000082d28b100, 0x000000082d28b800, 0x000000082ce04000,
0x000000082ce04700, 0x000000082ce05500, 0x000000082cee0000, 0x000000082cee0700,
0x000000082cfd2a00, 0x000000082c0bd500, 0x000000082c0bf800, 0x000000082a913800,
0x000000082a97ce00, 0x000000082a97d500, 0x000000082a97dc00, 0x000000082ab8e300,
0x000000082ab8ea00, 0x000000082ab8f100, 0x000000082a007800, 0x000000082aaf1c00,
0x000000082a0ac000, 0x000000082a0ac700, 0x000000082a187800, 0x000000082c884000,
0x000000082c884700, 0x000000082c884e00, 0x000000082c885500, 0x000000082c885c00,
0x000000082c886300, 0x000000082c886a00, 0x000000082c887100
}

Java Threads: ( => current thread )
  0x0000000100b10680 JavaThread "main"                              [_thread_blocked, id=5123, stack(0x000000016fbd0000,0x000000016fdd3000) (2060K)]
  0x0000000100b24910 JavaThread "Reference Handler"          daemon [_thread_blocked, id=29699, stack(0x0000000170d48000,0x0000000170f4b000) (2060K)]
  0x0000000100b287f0 JavaThread "Finalizer"                  daemon [_thread_blocked, id=29187, stack(0x0000000170f54000,0x0000000171157000) (2060K)]
  0x000000082ed28000 JavaThread "Signal Dispatcher"          daemon [_thread_blocked, id=28675, stack(0x0000000171160000,0x0000000171363000) (2060K)]
  0x000000082ed28700 JavaThread "Service Thread"             daemon [_thread_blocked, id=24323, stack(0x000000017136c000,0x000000017156f000) (2060K)]
  0x000000082ed28e00 JavaThread "Monitor Deflation Thread"   daemon [_thread_blocked, id=27907, stack(0x0000000171578000,0x000000017177b000) (2060K)]
  0x000000082ecd2800 JavaThread "C2 CompilerThread0"         daemon [_thread_blocked, id=27651, stack(0x0000000171784000,0x0000000171987000) (2060K)]
  0x000000082ecd3000 JavaThread "C1 CompilerThread0"         daemon [_thread_blocked, id=24835, stack(0x0000000171990000,0x0000000171b93000) (2060K)]
  0x000000082ed29500 JavaThread "Notification Thread"        daemon [_thread_blocked, id=25091, stack(0x0000000171b9c000,0x0000000171d9f000) (2060K)]
  0x000000082ed29c00 JavaThread "Common-Cleaner"             daemon [_thread_blocked, id=25603, stack(0x0000000171da8000,0x0000000171fab000) (2060K)]
  0x000000082d288700 JavaThread "AppKit Thread"              daemon [_thread_in_native, id=259, stack(0x000000016f348000,0x000000016fb44000) (8176K)]
  0x000000082d288e00 JavaThread "AWT-Shutdown"                      [_thread_blocked, id=47379, stack(0x00000001720cc000,0x00000001722cf000) (2060K)]
  0x000000082d28aa00 JavaThread "DefaultDispatcher-worker-1" daemon [_thread_blocked, id=73763, stack(0x0000000172364000,0x0000000172567000) (2060K)]
  0x000000082d28b100 JavaThread "DefaultDispatcher-worker-2" daemon [_thread_blocked, id=79131, stack(0x0000000172570000,0x0000000172773000) (2060K)]
  0x000000082d28b800 JavaThread "DefaultDispatcher-worker-3" daemon [_thread_blocked, id=72979, stack(0x000000017277c000,0x000000017297f000) (2060K)]
  0x000000082ce04000 JavaThread "Reference Cleaner"          daemon [_thread_blocked, id=72467, stack(0x0000000172988000,0x0000000172b8b000) (2060K)]
  0x000000082ce04700 JavaThread "kotlinx.coroutines.DefaultExecutor" daemon [_thread_blocked, id=73987, stack(0x0000000172b94000,0x0000000172d97000) (2060K)]
  0x000000082ce05500 JavaThread "AWT-EventQueue-0"                  [_thread_in_Java, id=74499, stack(0x0000000172da0000,0x0000000172fa3000) (2060K)]
  0x000000082cee0000 JavaThread "Java2D Queue Flusher"       daemon [_thread_blocked, id=76035, stack(0x00000001739e8000,0x0000000173beb000) (2060K)]
  0x000000082cee0700 JavaThread "Java2D Disposer"            daemon [_thread_blocked, id=87299, stack(0x0000000173bf4000,0x0000000173df7000) (2060K)]
  0x000000082cfd2a00 JavaThread "TimerQueue"                 daemon [_thread_blocked, id=92175, stack(0x0000000173e00000,0x0000000174003000) (2060K)]
  0x000000082c0bd500 JavaThread "skiko-dispatcher-to-block-on" daemon [_thread_blocked, id=93699, stack(0x0000000174124000,0x0000000174327000) (2060K)]
  0x000000082c0bf800 JavaThread "JNA Cleaner"                daemon [_thread_blocked, id=94979, stack(0x0000000174748000,0x000000017494b000) (2060K)]
  0x000000082a913800 JavaThread "OkHttp Dispatcher"                 [_thread_blocked, id=116467, stack(0x0000000174b60000,0x0000000174d63000) (2060K)]
  0x000000082a97ce00 JavaThread "OkHttp Dispatcher"                 [_thread_blocked, id=117235, stack(0x0000000174d6c000,0x0000000174f6f000) (2060K)]
  0x000000082a97d500 JavaThread "DefaultDispatcher-worker-4" daemon [_thread_blocked, id=102255, stack(0x0000000174f78000,0x000000017517b000) (2060K)]
  0x000000082a97dc00 JavaThread "OkHttp Dispatcher"                 [_thread_blocked, id=99955, stack(0x0000000175184000,0x0000000175387000) (2060K)]
  0x000000082ab8e300 JavaThread "DefaultDispatcher-worker-5" daemon [_thread_blocked, id=101183, stack(0x0000000175390000,0x0000000175593000) (2060K)]
=>0x000000082ab8ea00 JavaThread "DefaultDispatcher-worker-6" daemon [_thread_in_native, id=114179, stack(0x000000017559c000,0x000000017579f000) (2060K)]
  0x000000082ab8f100 JavaThread "OkHttp Dispatcher"                 [_thread_blocked, id=102659, stack(0x00000001757a8000,0x00000001759ab000) (2060K)]
  0x000000082a007800 JavaThread "OkHttp TaskRunner"          daemon [_thread_blocked, id=113923, stack(0x00000001759b4000,0x0000000175bb7000) (2060K)]
  0x000000082aaf1c00 JavaThread "OkHttp writeopia.io"        daemon [_thread_in_native, id=113667, stack(0x0000000175bc0000,0x0000000175dc3000) (2060K)]
  0x000000082a0ac000 JavaThread "OkHttp TaskRunner"          daemon [_thread_blocked, id=113155, stack(0x0000000175dcc000,0x0000000175fcf000) (2060K)]
  0x000000082a0ac700 JavaThread "OkHttp TaskRunner"          daemon [_thread_blocked, id=103683, stack(0x0000000175fd8000,0x00000001761db000) (2060K)]
  0x000000082a187800 JavaThread "OkHttp TaskRunner"          daemon [_thread_blocked, id=111875, stack(0x00000001761e4000,0x00000001763e7000) (2060K)]
  0x000000082c884000 JavaThread "Okio Watchdog"              daemon [_thread_blocked, id=111619, stack(0x00000001763f0000,0x00000001765f3000) (2060K)]
  0x000000082c884700 JavaThread "DefaultDispatcher-worker-7" daemon [_thread_blocked, id=104067, stack(0x00000001765fc000,0x00000001767ff000) (2060K)]
  0x000000082c884e00 JavaThread "DefaultDispatcher-worker-8" daemon [_thread_blocked, id=112187, stack(0x0000000176808000,0x0000000176a0b000) (2060K)]
  0x000000082c885500 JavaThread "DefaultDispatcher-worker-9" daemon [_thread_blocked, id=111107, stack(0x0000000176a14000,0x0000000176c17000) (2060K)]
  0x000000082c885c00 JavaThread "DefaultDispatcher-worker-11" daemon [_thread_blocked, id=110851, stack(0x0000000176c20000,0x0000000176e23000) (2060K)]
  0x000000082c886300 JavaThread "DefaultDispatcher-worker-10" daemon [_thread_blocked, id=105219, stack(0x0000000176e2c000,0x000000017702f000) (2060K)]
  0x000000082c886a00 JavaThread "DefaultDispatcher-worker-12" daemon [_thread_blocked, id=105475, stack(0x0000000177038000,0x000000017723b000) (2060K)]
  0x000000082c887100 JavaThread "DefaultDispatcher-worker-13" daemon [_thread_blocked, id=110339, stack(0x0000000177244000,0x0000000177447000) (2060K)]
Total: 43

Other Threads:
  0x000000082f159c00 VMThread "VM Thread"                           [id=20227, stack(0x0000000170a24000,0x0000000170c27000) (2060K)]
  0x000000082f159000 WatcherThread "VM Periodic Task Thread"        [id=16899, stack(0x0000000170818000,0x0000000170a1b000) (2060K)]
  0x0000000100b17cd0 WorkerThread "GC Thread#0"                     [id=13059, stack(0x000000016fddc000,0x000000016ffdf000) (2060K)]
  0x000000082f813000 WorkerThread "GC Thread#1"                     [id=75027, stack(0x0000000172fac000,0x00000001731af000) (2060K)]
  0x000000082f813400 WorkerThread "GC Thread#2"                     [id=78339, stack(0x00000001731b8000,0x00000001733bb000) (2060K)]
  0x000000082f813800 WorkerThread "GC Thread#3"                     [id=77827, stack(0x00000001733c4000,0x00000001735c7000) (2060K)]
  0x000000082f813c00 WorkerThread "GC Thread#4"                     [id=77571, stack(0x00000001735d0000,0x00000001737d3000) (2060K)]
  0x000000082f87c000 WorkerThread "GC Thread#5"                     [id=77315, stack(0x00000001737dc000,0x00000001739df000) (2060K)]
  0x000000082fc47c00 WorkerThread "GC Thread#6"                     [id=94739, stack(0x0000000174330000,0x0000000174533000) (2060K)]
  0x000000082fd4c000 WorkerThread "GC Thread#7"                     [id=126527, stack(0x000000017453c000,0x000000017473f000) (2060K)]
  0x0000000100b18af0 ConcurrentGCThread "G1 Main Marker"            [id=15107, stack(0x000000016ffe8000,0x00000001701eb000) (2060K)]
  0x0000000100b19590 WorkerThread "G1 Conc#0"                       [id=14083, stack(0x00000001701f4000,0x00000001703f7000) (2060K)]
  0x000000082fd4d400 WorkerThread "G1 Conc#1"                       [id=95235, stack(0x0000000174954000,0x0000000174b57000) (2060K)]
  0x000000082ecc8000 ConcurrentGCThread "G1 Refine#0"               [id=13571, stack(0x0000000170400000,0x0000000170603000) (2060K)]
  0x000000082f158400 ConcurrentGCThread "G1 Service"                [id=16643, stack(0x000000017060c000,0x000000017080f000) (2060K)]
Total: 15

Threads with active compile tasks:
Total: 0

VM state: not at safepoint (normal execution)

VM Mutex/Monitor currently owned by a thread: None

Heap address: 0x0000000300800000, size: 4096 MB, Compressed Oops mode: Zero based, Oop shift amount: 3

CDS archive(s) mapped at: [0x0000007000000000-0x0000007000cfc000-0x0000007000cfc000), size 13615104, SharedBaseAddress: 0x0000007000000000, ArchiveRelocationMode: 1.
Compressed class space mapped at: 0x0000007001000000-0x0000007041000000, reserved size: 1073741824
Narrow klass base: 0x0000007000000000, Narrow klass shift: 0, Narrow klass range: 0x100000000

GC Precious Log:
 CardTable entry size: 512
 Card Set container configuration: InlinePtr #cards 4 size 8 Array Of Cards #cards 16 size 48 Howl #buckets 8 coarsen threshold 3686 Howl Bitmap #cards 512 size 80 coarsen threshold 460 Card regions per heap region 1 cards per card region 4096
 CPUs: 8 total, 8 available
 Memory: 16384M
 Large Page Support: Disabled
 NUMA Support: Disabled
 Compressed Oops: Enabled (Zero based)
 Heap Region Size: 2M
 Heap Min Capacity: 8M
 Heap Initial Capacity: 256M
 Heap Max Capacity: 4G
 Pre-touch: Disabled
 Parallel Workers: 8
 Concurrent Workers: 2
 Concurrent Refinement Workers: 8
 Periodic GC: Disabled

Heap:
 garbage-first heap   total 75776K, used 44571K [0x0000000300800000, 0x0000000400800000)
  region size 2048K, 18 young (36864K), 5 survivors (10240K)
 Metaspace       used 63486K, committed 64576K, reserved 1114112K
  class space    used 6955K, committed 7360K, reserved 1048576K

Heap Regions: E=young(eden), S=young(survivor), O=old, HS=humongous(starts), HC=humongous(continues), CS=collection set, F=free, TAMS=top-at-mark-start, PB=parsable bottom
|   0|0x0000000300800000, 0x0000000300a00000, 0x0000000300a00000|100%| O|  |TAMS 0x0000000300800000| PB 0x0000000300800000| Untracked 
|   1|0x0000000300a00000, 0x0000000300be82d8, 0x0000000300c00000| 95%| O|  |TAMS 0x0000000300a00000| PB 0x0000000300a00000| Untracked 
|   2|0x0000000300c00000, 0x0000000300e00000, 0x0000000300e00000|100%| O|  |TAMS 0x0000000300c00000| PB 0x0000000300c00000| Untracked 
|   3|0x0000000300e00000, 0x0000000301000000, 0x0000000301000000|100%| O|  |TAMS 0x0000000300e00000| PB 0x0000000300e00000| Untracked 
|   4|0x0000000301000000, 0x0000000301000000, 0x0000000301200000|  0%| F|  |TAMS 0x0000000301000000| PB 0x0000000301000000| Untracked 
|   5|0x0000000301200000, 0x0000000301200000, 0x0000000301400000|  0%| F|  |TAMS 0x0000000301200000| PB 0x0000000301200000| Untracked 
|   6|0x0000000301400000, 0x0000000301600000, 0x0000000301600000|100%| O|  |TAMS 0x0000000301400000| PB 0x0000000301400000| Untracked 
|   7|0x0000000301600000, 0x00000003016c9fd8, 0x0000000301800000| 39%| O|Cm|TAMS 0x0000000301600000| PB 0x0000000301600000| Complete 
|   8|0x0000000301800000, 0x0000000301800000, 0x0000000301a00000|  0%| F|  |TAMS 0x0000000301800000| PB 0x0000000301800000| Untracked 
|   9|0x0000000301a00000, 0x0000000301a00000, 0x0000000301c00000|  0%| F|  |TAMS 0x0000000301a00000| PB 0x0000000301a00000| Untracked 
|  10|0x0000000301c00000, 0x0000000301c00000, 0x0000000301e00000|  0%| F|  |TAMS 0x0000000301c00000| PB 0x0000000301c00000| Untracked 
|  11|0x0000000301e00000, 0x0000000301e00000, 0x0000000302000000|  0%| F|  |TAMS 0x0000000301e00000| PB 0x0000000301e00000| Untracked 
|  12|0x0000000302000000, 0x0000000302000000, 0x0000000302200000|  0%| F|  |TAMS 0x0000000302000000| PB 0x0000000302000000| Untracked 
|  13|0x0000000302200000, 0x0000000302200000, 0x0000000302400000|  0%| F|  |TAMS 0x0000000302200000| PB 0x0000000302200000| Untracked 
|  14|0x0000000302400000, 0x0000000302400000, 0x0000000302600000|  0%| F|  |TAMS 0x0000000302400000| PB 0x0000000302400000| Untracked 
|  15|0x0000000302600000, 0x0000000302600000, 0x0000000302800000|  0%| F|  |TAMS 0x0000000302600000| PB 0x0000000302600000| Untracked 
|  16|0x0000000302800000, 0x0000000302800000, 0x0000000302a00000|  0%| F|  |TAMS 0x0000000302800000| PB 0x0000000302800000| Untracked 
|  17|0x0000000302a00000, 0x0000000302a00000, 0x0000000302c00000|  0%| F|  |TAMS 0x0000000302a00000| PB 0x0000000302a00000| Untracked 
|  18|0x0000000302c00000, 0x0000000302c00000, 0x0000000302e00000|  0%| F|  |TAMS 0x0000000302c00000| PB 0x0000000302c00000| Untracked 
|  19|0x0000000302e00000, 0x0000000302f9ef88, 0x0000000303000000| 81%| E|  |TAMS 0x0000000302e00000| PB 0x0000000302e00000| Complete 
|  20|0x0000000303000000, 0x0000000303200000, 0x0000000303200000|100%| E|CS|TAMS 0x0000000303000000| PB 0x0000000303000000| Complete 
|  21|0x0000000303200000, 0x0000000303400000, 0x0000000303400000|100%| E|CS|TAMS 0x0000000303200000| PB 0x0000000303200000| Complete 
|  22|0x0000000303400000, 0x0000000303600000, 0x0000000303600000|100%| E|CS|TAMS 0x0000000303400000| PB 0x0000000303400000| Complete 
|  23|0x0000000303600000, 0x0000000303800000, 0x0000000303800000|100%| E|CS|TAMS 0x0000000303600000| PB 0x0000000303600000| Complete 
|  24|0x0000000303800000, 0x0000000303a00000, 0x0000000303a00000|100%| E|CS|TAMS 0x0000000303800000| PB 0x0000000303800000| Complete 
|  25|0x0000000303a00000, 0x0000000303c00000, 0x0000000303c00000|100%| E|CS|TAMS 0x0000000303a00000| PB 0x0000000303a00000| Complete 
|  26|0x0000000303c00000, 0x0000000303e00000, 0x0000000303e00000|100%| E|CS|TAMS 0x0000000303c00000| PB 0x0000000303c00000| Complete 
|  27|0x0000000303e00000, 0x0000000304000000, 0x0000000304000000|100%| E|CS|TAMS 0x0000000303e00000| PB 0x0000000303e00000| Complete 
|  28|0x0000000304000000, 0x0000000304200000, 0x0000000304200000|100%| E|CS|TAMS 0x0000000304000000| PB 0x0000000304000000| Complete 
|  29|0x0000000304200000, 0x0000000304400000, 0x0000000304400000|100%| E|CS|TAMS 0x0000000304200000| PB 0x0000000304200000| Complete 
|  30|0x0000000304400000, 0x0000000304600000, 0x0000000304600000|100%| E|CS|TAMS 0x0000000304400000| PB 0x0000000304400000| Complete 
|  37|0x0000000305200000, 0x00000003052d4c18, 0x0000000305400000| 41%| S|CS|TAMS 0x0000000305200000| PB 0x0000000305200000| Complete 
|  38|0x0000000305400000, 0x0000000305600000, 0x0000000305600000|100%| S|CS|TAMS 0x0000000305400000| PB 0x0000000305400000| Complete 
|  39|0x0000000305600000, 0x0000000305800000, 0x0000000305800000|100%| S|CS|TAMS 0x0000000305600000| PB 0x0000000305600000| Complete 
|  40|0x0000000305800000, 0x0000000305a00000, 0x0000000305a00000|100%| S|CS|TAMS 0x0000000305800000| PB 0x0000000305800000| Complete 
|  41|0x0000000305a00000, 0x0000000305c00000, 0x0000000305c00000|100%| S|CS|TAMS 0x0000000305a00000| PB 0x0000000305a00000| Complete 
|2047|0x0000000400600000, 0x0000000400800000, 0x0000000400800000|100%| E|CS|TAMS 0x0000000400600000| PB 0x0000000400600000| Complete 

Card table byte_map: [0x00000001056f4000,0x0000000105ef4000] _byte_map_base: 0x0000000103ef0000

Marking Bits: (CMBitMap*) 0x0000000100b18380
 Bits: [0x0000000120604000, 0x0000000124604000)

Polling page: 0x00000001002e4000

Metaspace:

Usage:
  Non-class:     55.21 MB used.
      Class:      6.79 MB used.
       Both:     62.00 MB used.

Virtual space:
  Non-class space:       64.00 MB reserved,      55.88 MB ( 87%) committed,  1 nodes.
      Class space:        1.00 GB reserved,       7.19 MB ( <1%) committed,  1 nodes.
             Both:        1.06 GB reserved,      63.06 MB (  6%) committed. 

Chunk freelists:
   Non-Class:  7.98 MB
       Class:  8.63 MB
        Both:  16.61 MB

MaxMetaspaceSize: unlimited
CompressedClassSpaceSize: 1.00 GB
Initial GC threshold: 21.00 MB
Current GC threshold: 98.75 MB
CDS: on
 - commit_granule_bytes: 65536.
 - commit_granule_words: 8192.
 - virtual_space_node_default_size: 8388608.
 - enlarge_chunks_in_place: 1.
 - use_allocation_guard: 0.


Internal statistics:

num_allocs_failed_limit: 9.
num_arena_births: 1556.
num_arena_deaths: 0.
num_vsnodes_births: 2.
num_vsnodes_deaths: 0.
num_space_committed: 1009.
num_space_uncommitted: 0.
num_chunks_returned_to_freelist: 9.
num_chunks_taken_from_freelist: 3639.
num_chunk_merges: 3.
num_chunk_splits: 2544.
num_chunks_enlarged: 1878.
num_inconsistent_stats: 0.

CodeHeap 'non-profiled nmethods': size=120032Kb used=3631Kb max_used=3631Kb free=116400Kb
 bounds [0x0000000117458000, 0x00000001177e8000, 0x000000011e990000]
CodeHeap 'profiled nmethods': size=120016Kb used=13583Kb max_used=13583Kb free=106432Kb
 bounds [0x000000010f990000, 0x00000001106e0000, 0x0000000116ec4000]
CodeHeap 'non-nmethods': size=5712Kb used=3130Kb max_used=3156Kb free=2581Kb
 bounds [0x0000000116ec4000, 0x00000001171e4000, 0x0000000117458000]
CodeCache: size=245760Kb, used=20344Kb, max_used=20370Kb, free=225413Kb
 total_blobs=9805, nmethods=7432, adapters=2281, full_count=0
Compilation: enabled, stopped_count=0, restarted_count=0

Compilation events (20 events):
Event: 20.422 Thread 0x000000082ecd3000 7828       3       java.lang.invoke.ClassSpecializer$SpeciesData::getterFunction (78 bytes)
Event: 20.422 Thread 0x000000082ecd3000 nmethod 7828 0x00000001106cd190 code [0x00000001106cd340, 0x00000001106cd698]
Event: 20.422 Thread 0x000000082ecd3000 7829       3       java.lang.invoke.DelegatingMethodHandle::whichKind (44 bytes)
Event: 20.422 Thread 0x000000082ecd3000 nmethod 7829 0x00000001106cd790 code [0x00000001106cd940, 0x00000001106cdb00]
Event: 20.422 Thread 0x000000082ecd3000 7831       3       java.lang.reflect.Constructor::<init> (50 bytes)
Event: 20.422 Thread 0x000000082ecd3000 nmethod 7831 0x00000001106cdb90 code [0x00000001106cdd40, 0x00000001106ce148]
Event: 20.422 Thread 0x000000082ecd3000 7832       3       java.lang.reflect.ReflectAccess::copyConstructor (5 bytes)
Event: 20.422 Thread 0x000000082ecd3000 nmethod 7832 0x00000001106ce290 code [0x00000001106ce440, 0x00000001106ce5c0]
Event: 20.422 Thread 0x000000082ecd3000 7833       3       java.lang.reflect.Constructor::copy (72 bytes)
Event: 20.422 Thread 0x000000082ecd3000 nmethod 7833 0x00000001106ce690 code [0x00000001106ce880, 0x00000001106cec30]
Event: 20.422 Thread 0x000000082ecd3000 7834       3       jdk.internal.reflect.ReflectionFactory::copyConstructor (11 bytes)
Event: 20.422 Thread 0x000000082ecd3000 nmethod 7834 0x00000001106ced90 code [0x00000001106cef40, 0x00000001106cf158]
Event: 20.423 Thread 0x000000082ecd3000 7836       3       jdk.internal.reflect.MethodHandleFieldAccessorImpl::isStatic (16 bytes)
Event: 20.423 Thread 0x000000082ecd3000 nmethod 7836 0x00000001106cf290 code [0x00000001106cf440, 0x00000001106cf5b0]
Event: 20.423 Thread 0x000000082ecd3000 7837       3       java.util.LinkedList$ListItr::checkForComodification (23 bytes)
Event: 20.423 Thread 0x000000082ecd3000 nmethod 7837 0x00000001106cf690 code [0x00000001106cf840, 0x00000001106cfa58]
Event: 20.423 Thread 0x000000082ecd3000 7838       3       java.util.ArrayList::set (24 bytes)
Event: 20.423 Thread 0x000000082ecd3000 nmethod 7838 0x00000001106cfb90 code [0x00000001106cfd40, 0x00000001106d0140]
Event: 20.425 Thread 0x000000082ecd2800 nmethod 7824 0x00000001177df890 code [0x00000001177dfb00, 0x00000001177e0088]
Event: 20.425 Thread 0x000000082ecd2800 7839       4       java.util.Arrays::fill (28 bytes)

GC Heap History (20 events):
Event: 0.778 GC heap before
{Heap before GC invocations=0 (full 0):
 garbage-first heap   total 264192K, used 21547K [0x0000000300800000, 0x0000000400800000)
  region size 2048K, 11 young (22528K), 0 survivors (0K)
 Metaspace       used 6996K, committed 7232K, reserved 1114112K
  class space    used 683K, committed 768K, reserved 1048576K
}
Event: 0.780 GC heap after
{Heap after GC invocations=1 (full 0):
 garbage-first heap   total 264192K, used 5330K [0x0000000300800000, 0x0000000400800000)
  region size 2048K, 2 young (4096K), 2 survivors (4096K)
 Metaspace       used 6996K, committed 7232K, reserved 1114112K
  class space    used 683K, committed 768K, reserved 1048576K
}
Event: 1.485 GC heap before
{Heap before GC invocations=1 (full 0):
 garbage-first heap   total 264192K, used 40146K [0x0000000300800000, 0x0000000400800000)
  region size 2048K, 20 young (40960K), 2 survivors (4096K)
 Metaspace       used 21095K, committed 21440K, reserved 1114112K
  class space    used 2176K, committed 2368K, reserved 1048576K
}
Event: 1.489 GC heap after
{Heap after GC invocations=2 (full 0):
 garbage-first heap   total 264192K, used 7076K [0x0000000300800000, 0x0000000400800000)
  region size 2048K, 1 young (2048K), 1 survivors (2048K)
 Metaspace       used 21095K, committed 21440K, reserved 1114112K
  class space    used 2176K, committed 2368K, reserved 1048576K
}
Event: 1.498 GC heap before
{Heap before GC invocations=2 (full 0):
 garbage-first heap   total 264192K, used 7076K [0x0000000300800000, 0x0000000400800000)
  region size 2048K, 2 young (4096K), 1 survivors (2048K)
 Metaspace       used 21195K, committed 21504K, reserved 1114112K
  class space    used 2186K, committed 2368K, reserved 1048576K
}
Event: 1.501 GC heap after
{Heap after GC invocations=3 (full 0):
 garbage-first heap   total 264192K, used 7115K [0x0000000300800000, 0x0000000400800000)
  region size 2048K, 1 young (2048K), 1 survivors (2048K)
 Metaspace       used 21195K, committed 21504K, reserved 1114112K
  class space    used 2186K, committed 2368K, reserved 1048576K
}
Event: 2.654 GC heap before
{Heap before GC invocations=4 (full 0):
 garbage-first heap   total 28672K, used 27595K [0x0000000300800000, 0x0000000400800000)
  region size 2048K, 11 young (22528K), 1 survivors (2048K)
 Metaspace       used 26593K, committed 26944K, reserved 1114112K
  class space    used 2812K, committed 2944K, reserved 1048576K
}
Event: 2.656 GC heap after
{Heap after GC invocations=5 (full 0):
 garbage-first heap   total 32768K, used 8766K [0x0000000300800000, 0x0000000400800000)
  region size 2048K, 2 young (4096K), 2 survivors (4096K)
 Metaspace       used 26593K, committed 26944K, reserved 1114112K
  class space    used 2812K, committed 2944K, reserved 1048576K
}
Event: 2.729 GC heap before
{Heap before GC invocations=5 (full 0):
 garbage-first heap   total 32768K, used 23102K [0x0000000300800000, 0x0000000400800000)
  region size 2048K, 9 young (18432K), 2 survivors (4096K)
 Metaspace       used 28973K, committed 29376K, reserved 1114112K
  class space    used 3067K, committed 3200K, reserved 1048576K
}
Event: 2.732 GC heap after
{Heap after GC invocations=6 (full 0):
 garbage-first heap   total 32768K, used 9679K [0x0000000300800000, 0x0000000400800000)
  region size 2048K, 2 young (4096K), 2 survivors (4096K)
 Metaspace       used 28973K, committed 29376K, reserved 1114112K
  class space    used 3067K, committed 3200K, reserved 1048576K
}
Event: 3.226 GC heap before
{Heap before GC invocations=6 (full 0):
 garbage-first heap   total 32768K, used 24015K [0x0000000300800000, 0x0000000400800000)
  region size 2048K, 9 young (18432K), 2 survivors (4096K)
 Metaspace       used 32928K, committed 33408K, reserved 1114112K
  class space    used 3485K, committed 3712K, reserved 1048576K
}
Event: 3.228 GC heap after
{Heap after GC invocations=7 (full 0):
 garbage-first heap   total 32768K, used 10569K [0x0000000300800000, 0x0000000400800000)
  region size 2048K, 1 young (2048K), 1 survivors (2048K)
 Metaspace       used 32928K, committed 33408K, reserved 1114112K
  class space    used 3485K, committed 3712K, reserved 1048576K
}
Event: 3.302 GC heap before
{Heap before GC invocations=7 (full 0):
 garbage-first heap   total 32768K, used 20809K [0x0000000300800000, 0x0000000400800000)
  region size 2048K, 7 young (14336K), 1 survivors (2048K)
 Metaspace       used 35684K, committed 36160K, reserved 1114112K
  class space    used 3766K, committed 3968K, reserved 1048576K
}
Event: 3.304 GC heap after
{Heap after GC invocations=8 (full 0):
 garbage-first heap   total 32768K, used 11067K [0x0000000300800000, 0x0000000400800000)
  region size 2048K, 2 young (4096K), 2 survivors (4096K)
 Metaspace       used 35684K, committed 36160K, reserved 1114112K
  class space    used 3766K, committed 3968K, reserved 1048576K
}
Event: 3.358 GC heap before
{Heap before GC invocations=9 (full 0):
 garbage-first heap   total 32768K, used 25403K [0x0000000300800000, 0x0000000400800000)
  region size 2048K, 9 young (18432K), 2 survivors (4096K)
 Metaspace       used 39365K, committed 39872K, reserved 1114112K
  class space    used 4173K, committed 4352K, reserved 1048576K
}
Event: 3.359 GC heap after
{Heap after GC invocations=10 (full 0):
 garbage-first heap   total 32768K, used 12750K [0x0000000300800000, 0x0000000400800000)
  region size 2048K, 2 young (4096K), 2 survivors (4096K)
 Metaspace       used 39365K, committed 39872K, reserved 1114112K
  class space    used 4173K, committed 4352K, reserved 1048576K
}
Event: 3.431 GC heap before
{Heap before GC invocations=10 (full 0):
 garbage-first heap   total 32768K, used 25038K [0x0000000300800000, 0x0000000400800000)
  region size 2048K, 9 young (18432K), 2 survivors (4096K)
 Metaspace       used 43078K, committed 43648K, reserved 1114112K
  class space    used 4592K, committed 4800K, reserved 1048576K
}
Event: 3.433 GC heap after
{Heap after GC invocations=11 (full 0):
 garbage-first heap   total 149504K, used 14133K [0x0000000300800000, 0x0000000400800000)
  region size 2048K, 2 young (4096K), 2 survivors (4096K)
 Metaspace       used 43078K, committed 43648K, reserved 1114112K
  class space    used 4592K, committed 4800K, reserved 1048576K
}
Event: 5.095 GC heap before
{Heap before GC invocations=11 (full 0):
 garbage-first heap   total 149504K, used 73525K [0x0000000300800000, 0x0000000400800000)
  region size 2048K, 33 young (67584K), 2 survivors (4096K)
 Metaspace       used 59627K, committed 60608K, reserved 1114112K
  class space    used 6553K, committed 6976K, reserved 1048576K
}
Event: 5.103 GC heap after
{Heap after GC invocations=12 (full 0):
 garbage-first heap   total 149504K, used 19995K [0x0000000300800000, 0x0000000400800000)
  region size 2048K, 5 young (10240K), 5 survivors (10240K)
 Metaspace       used 59627K, committed 60608K, reserved 1114112K
  class space    used 6553K, committed 6976K, reserved 1048576K
}

Dll operation events (14 events):
Event: 0.003 Loaded shared library /Library/Java/JavaVirtualMachines/zulu-21.jdk/Contents/Home/lib/libjava.dylib
Event: 0.025 Loaded shared library /Library/Java/JavaVirtualMachines/zulu-21.jdk/Contents/Home/lib/libnio.dylib
Event: 0.028 Loaded shared library /Library/Java/JavaVirtualMachines/zulu-21.jdk/Contents/Home/lib/libzip.dylib
Event: 0.119 Loaded shared library /Library/Java/JavaVirtualMachines/zulu-21.jdk/Contents/Home/lib/libjimage.dylib
Event: 0.123 Loaded shared library /Library/Java/JavaVirtualMachines/zulu-21.jdk/Contents/Home/lib/libnet.dylib
Event: 0.131 Loaded shared library /Users/leandroferreira/.skiko/skiko-macos-arm64-f7676395835316696f9b2a762705c307cbdd703545a02fc1b1154a13df96fb64/libskiko-macos-arm64.dylib
Event: 0.144 Loaded shared library /Library/Java/JavaVirtualMachines/zulu-21.jdk/Contents/Home/lib/libawt.dylib
Event: 0.149 Loaded shared library /Library/Java/JavaVirtualMachines/zulu-21.jdk/Contents/Home/lib/libawt_lwawt.dylib
Event: 0.159 Loaded shared library /Library/Java/JavaVirtualMachines/zulu-21.jdk/Contents/Home/lib/libfontmanager.dylib
Event: 0.625 Loaded shared library /Library/Java/JavaVirtualMachines/zulu-21.jdk/Contents/Home/lib/libosxui.dylib
Event: 1.477 Loaded shared library /Users/leandroferreira/Library/Caches/JNA/temp/jna10698144143804447027.tmp
Event: 2.570 Loaded shared library /private/var/folders/83/l12z_8fx0g9d9z9yfnwqlnqm0000gn/T/sqlite-3.51.3.0-8c102724-28e4-41c9-891e-72ccfaef544e-libsqlitejdbc.dylib
Event: 3.799 Loaded shared library /Library/Java/JavaVirtualMachines/zulu-21.jdk/Contents/Home/lib/libextnet.dylib
Event: 20.396 Loaded shared library /private/var/folders/83/l12z_8fx0g9d9z9yfnwqlnqm0000gn/T/writeopia-llama/libllama.dylib

Deoptimization events (20 events):
Event: 17.040 Thread 0x000000082ce05500 DEOPT PACKING pc=0x0000000117615894 sp=0x0000000172fa0810
Event: 17.040 Thread 0x000000082ce05500 DEOPT UNPACKING pc=0x0000000116f0701c sp=0x0000000172fa0650 mode 2
Event: 17.054 Thread 0x000000082ab8ea00 DEOPT PACKING pc=0x000000011066489c sp=0x000000017579def0
Event: 17.054 Thread 0x000000082ab8ea00 DEOPT UNPACKING pc=0x0000000116f06e7c sp=0x000000017579dc60 mode 3
Event: 17.789 Thread 0x000000082ce05500 Uncommon trap: trap_request=0xffffff45 fr.pc=0x0000000117752ee4 relative=0x0000000000000224
Event: 17.789 Thread 0x000000082ce05500 Uncommon trap: reason=unstable_if action=reinterpret pc=0x0000000117752ee4 method=androidx.compose.ui.platform.ShapeContainingUtilKt.isInRoundedRect(Landroidx/compose/ui/graphics/Outline$Rounded;FFLandroidx/compose/ui/graphics/Path;Landroidx/compose/ui/gr
Event: 17.789 Thread 0x000000082ce05500 DEOPT PACKING pc=0x0000000117752ee4 sp=0x0000000172fa0730
Event: 17.789 Thread 0x000000082ce05500 DEOPT UNPACKING pc=0x0000000116f0701c sp=0x0000000172fa0620 mode 2
Event: 20.400 Thread 0x000000082ce05500 Uncommon trap: trap_request=0xffffff45 fr.pc=0x0000000117622a78 relative=0x0000000000000238
Event: 20.400 Thread 0x000000082ce05500 Uncommon trap: reason=unstable_if action=reinterpret pc=0x0000000117622a78 method=jdk.internal.org.objectweb.asm.Type.getTypeInternal(Ljava/lang/String;II)Ljdk/internal/org/objectweb/asm/Type; @ 5 c2
Event: 20.400 Thread 0x000000082ce05500 DEOPT PACKING pc=0x0000000117622a78 sp=0x0000000172fa0d30
Event: 20.400 Thread 0x000000082ce05500 DEOPT UNPACKING pc=0x0000000116f0701c sp=0x0000000172fa0ca0 mode 2
Event: 20.411 Thread 0x000000082ce05500 Uncommon trap: trap_request=0xffffff45 fr.pc=0x00000001176cf704 relative=0x0000000000000084
Event: 20.411 Thread 0x000000082ce05500 Uncommon trap: reason=unstable_if action=reinterpret pc=0x00000001176cf704 method=kotlin.ranges.RangesKt___RangesKt.coerceIn(III)I @ 57 c2
Event: 20.411 Thread 0x000000082ce05500 DEOPT PACKING pc=0x00000001176cf704 sp=0x0000000172fa0f40
Event: 20.411 Thread 0x000000082ce05500 DEOPT UNPACKING pc=0x0000000116f0701c sp=0x0000000172fa0eb0 mode 2
Event: 20.416 Thread 0x000000082ab8ea00 Uncommon trap: trap_request=0xffffffd6 fr.pc=0x0000000117782afc relative=0x000000000000043c
Event: 20.416 Thread 0x000000082ab8ea00 Uncommon trap: reason=array_check action=maybe_recompile pc=0x0000000117782afc method=java.util.Arrays.fill([Ljava/lang/Object;IILjava/lang/Object;)V @ 20 c2
Event: 20.416 Thread 0x000000082ab8ea00 DEOPT PACKING pc=0x0000000117782afc sp=0x000000017579cd80
Event: 20.416 Thread 0x000000082ab8ea00 DEOPT UNPACKING pc=0x0000000116f0701c sp=0x000000017579cd30 mode 2

Classes loaded (20 events):
Event: 20.410 Loading class java/lang/annotation/Inherited
Event: 20.410 Loading class java/lang/annotation/Inherited done
Event: 20.410 Loading class java/lang/annotation/RetentionPolicy
Event: 20.410 Loading class java/lang/annotation/RetentionPolicy done
Event: 20.410 Loading class sun/reflect/annotation/AnnotationTypeMismatchExceptionProxy
Event: 20.410 Loading class sun/reflect/annotation/AnnotationTypeMismatchExceptionProxy done
Event: 20.410 Loading class sun/reflect/annotation/AnnotationParser$1
Event: 20.411 Loading class sun/reflect/annotation/AnnotationParser$1 done
Event: 20.411 Loading class sun/reflect/annotation/AnnotationInvocationHandler
Event: 20.411 Loading class sun/reflect/annotation/AnnotationInvocationHandler done
Event: 20.412 Loading class java/lang/annotation/Target
Event: 20.412 Loading class java/lang/annotation/Target done
Event: 20.413 Loading class java/lang/annotation/Documented
Event: 20.413 Loading class java/lang/annotation/Documented done
Event: 20.414 Loading class java/lang/Class$AnnotationData
Event: 20.414 Loading class java/lang/Class$AnnotationData done
Event: 20.418 Loading class jdk/internal/reflect/MethodHandleBooleanFieldAccessorImpl
Event: 20.418 Loading class jdk/internal/reflect/MethodHandleBooleanFieldAccessorImpl done
Event: 20.420 Loading class jdk/internal/reflect/MethodHandleShortFieldAccessorImpl
Event: 20.420 Loading class jdk/internal/reflect/MethodHandleShortFieldAccessorImpl done

Classes unloaded (0 events):
No events

Classes redefined (0 events):
No events

Internal exceptions (20 events):
Event: 4.415 Thread 0x000000082ab8ea00 Exception <a 'java/lang/NoSuchMethodError'{0x00000003061e3ad8}: 'java.lang.Object java.lang.invoke.DirectMethodHandle$Holder.invokeSpecial(java.lang.Object, java.lang.Object, int, int, java.lang.Object)'> (0x00000003061e3ad8) 
thrown [src/hotspot/share/interpreter/linkResolver.cpp, line 773]
Event: 4.415 Thread 0x000000082ab8ea00 Exception <a 'java/lang/NoSuchMethodError'{0x00000003061e6ed8}: 'java.lang.Object java.lang.invoke.Invokers$Holder.linkToTargetMethod(int, int, java.lang.Object, java.lang.Object)'> (0x00000003061e6ed8) 
thrown [src/hotspot/share/interpreter/linkResolver.cpp, line 773]
Event: 10.862 Thread 0x000000082ce05500 Exception <a 'java/lang/NoSuchMethodError'{0x0000000304357868}: 'java.lang.Object java.lang.invoke.Invokers$Holder.linkToTargetMethod(java.lang.Object, java.lang.Object, java.lang.Object, java.lang.Object, java.lang.Object, java.lang.Object, java.lang.Object, java.lang.Object, java.lang.Object, java.lang.Object, java.lang.Object, java.lang.Object, java.lang.Object, java.lang.Object, java.lang.Object, java.lang.Object, java.lang.Object, java.lang.Object, java.lang.Object, java.lang.Object, java.lang.Object,
Event: 10.880 Thread 0x000000082ce05500 Exception <a 'java/lang/NoSuchMethodError'{0x00000003043b7370}: 'java.lang.Object java.lang.invoke.DirectMethodHandle$Holder.newInvokeSpecial(java.lang.Object, java.lang.Object, long, java.lang.Object)'> (0x00000003043b7370) 
thrown [src/hotspot/share/interpreter/linkResolver.cpp, line 773]
Event: 10.880 Thread 0x000000082ce05500 Exception <a 'java/lang/NoSuchMethodError'{0x00000003043bb4c8}: 'java.lang.Object java.lang.invoke.DirectMethodHandle$Holder.invokeSpecial(java.lang.Object, java.lang.Object, java.lang.Object, long, java.lang.Object)'> (0x00000003043bb4c8) 
thrown [src/hotspot/share/interpreter/linkResolver.cpp, line 773]
Event: 10.880 Thread 0x000000082ce05500 Exception <a 'java/lang/NoSuchMethodError'{0x00000003043bec18}: 'java.lang.Object java.lang.invoke.Invokers$Holder.linkToTargetMethod(java.lang.Object, long, java.lang.Object, java.lang.Object)'> (0x00000003043bec18) 
thrown [src/hotspot/share/interpreter/linkResolver.cpp, line 773]
Event: 10.884 Thread 0x000000082ce05500 Exception <a 'java/lang/NoSuchMethodError'{0x000000030402cfb0}: 'java.lang.Object java.lang.invoke.DirectMethodHandle$Holder.newInvokeSpecial(java.lang.Object, java.lang.Object, java.lang.Object, java.lang.Object, java.lang.Object, java.lang.Object, java.lang.Object, java.lang.Object, java.lang.Object, java.lang.Object, java.lang.Object, java.lang.Object, java.lang.Object, java.lang.Object)'> (0x000000030402cfb0) 
thrown [src/hotspot/share/interpreter/linkResolver.cpp, line 773]
Event: 10.884 Thread 0x000000082ce05500 Exception <a 'java/lang/NoSuchMethodError'{0x0000000304032b40}: 'java.lang.Object java.lang.invoke.DirectMethodHandle$Holder.invokeSpecial(java.lang.Object, java.lang.Object, java.lang.Object, java.lang.Object, java.lang.Object, java.lang.Object, java.lang.Object, java.lang.Object, java.lang.Object, java.lang.Object, java.lang.Object, java.lang.Object, java.lang.Object, java.lang.Object, java.lang.Object)'> (0x0000000304032b40) 
thrown [src/hotspot/share/interpreter/linkResolver.cpp, line 773]
Event: 10.884 Thread 0x000000082ce05500 Exception <a 'java/lang/NoSuchMethodError'{0x0000000304037ab0}: 'java.lang.Object java.lang.invoke.Invokers$Holder.linkToTargetMethod(java.lang.Object, java.lang.Object, java.lang.Object, java.lang.Object, java.lang.Object, java.lang.Object, java.lang.Object, java.lang.Object, java.lang.Object, java.lang.Object, java.lang.Object, java.lang.Object, java.lang.Object, java.lang.Object)'> (0x0000000304037ab0) 
thrown [src/hotspot/share/interpreter/linkResolver.cpp, line 773]
Event: 10.884 Thread 0x000000082ce05500 Exception <a 'java/lang/NoSuchMethodError'{0x0000000304049d58}: 'java.lang.Object java.lang.invoke.DirectMethodHandle$Holder.newInvokeSpecial(java.lang.Object, java.lang.Object, java.lang.Object, int, java.lang.Object, java.lang.Object, java.lang.Object, java.lang.Object)'> (0x0000000304049d58) 
thrown [src/hotspot/share/interpreter/linkResolver.cpp, line 773]
Event: 10.884 Thread 0x000000082ce05500 Exception <a 'java/lang/NoSuchMethodError'{0x00000003040521a0}: 'java.lang.Object java.lang.invoke.Invokers$Holder.linkToTargetMethod(java.lang.Object, java.lang.Object, int, java.lang.Object, java.lang.Object, java.lang.Object, java.lang.Object, java.lang.Object)'> (0x00000003040521a0) 
thrown [src/hotspot/share/interpreter/linkResolver.cpp, line 773]
Event: 13.278 Thread 0x000000082ce05500 Exception <a 'java/lang/NoSuchMethodError'{0x0000000303a3a770}: 'java.lang.Object java.lang.invoke.DirectMethodHandle$Holder.newInvokeSpecial(java.lang.Object, java.lang.Object, int, java.lang.Object, java.lang.Object, java.lang.Object, java.lang.Object, java.lang.Object, int, int)'> (0x0000000303a3a770) 
thrown [src/hotspot/share/interpreter/linkResolver.cpp, line 773]
Event: 14.915 Thread 0x000000082ce05500 Exception <a 'java/lang/NoSuchMethodError'{0x00000003038ae868}: 'java.lang.Object java.lang.invoke.DirectMethodHandle$Holder.newInvokeSpecial(java.lang.Object, java.lang.Object, java.lang.Object, java.lang.Object, java.lang.Object, java.lang.Object, java.lang.Object, java.lang.Object, java.lang.Object, java.lang.Object, int)'> (0x00000003038ae868) 
thrown [src/hotspot/share/interpreter/linkResolver.cpp, line 773]
Event: 14.915 Thread 0x000000082ce05500 Exception <a 'java/lang/NoSuchMethodError'{0x00000003038b3578}: 'java.lang.Object java.lang.invoke.DirectMethodHandle$Holder.invokeSpecial(java.lang.Object, java.lang.Object, java.lang.Object, java.lang.Object, java.lang.Object, java.lang.Object, java.lang.Object, java.lang.Object, java.lang.Object, java.lang.Object, java.lang.Object, int)'> (0x00000003038b3578) 
thrown [src/hotspot/share/interpreter/linkResolver.cpp, line 773]
Event: 14.930 Thread 0x000000082a187800 Exception <a 'java/net/ConnectException'{0x0000000303621168}> (0x0000000303621168) 
thrown [src/hotspot/share/prims/jni.cpp, line 520]
Event: 14.931 Thread 0x000000082a007800 Exception <a 'java/net/ConnectException'{0x000000030363ce58}> (0x000000030363ce58) 
thrown [src/hotspot/share/prims/jni.cpp, line 520]
Event: 17.045 Thread 0x000000082ce05500 Exception <a 'java/lang/NoSuchMethodError'{0x0000000303356ca8}: 'void java.lang.invoke.DirectMethodHandle$Holder.invokeSpecial(java.lang.Object, java.lang.Object, java.lang.Object, java.lang.Object, java.lang.Object)'> (0x0000000303356ca8) 
thrown [src/hotspot/share/interpreter/linkResolver.cpp, line 773]
Event: 20.416 Thread 0x000000082ab8ea00 Exception <a 'java/lang/NoSuchMethodError'{0x0000000302f45be0}: 'void java.lang.invoke.DelegatingMethodHandle$Holder.reinvoke_L(java.lang.Object, java.lang.Object, int)'> (0x0000000302f45be0) 
thrown [src/hotspot/share/interpreter/linkResolver.cpp, line 773]
Event: 20.417 Thread 0x000000082ab8ea00 Exception <a 'java/lang/NoSuchMethodError'{0x0000000302f4c540}: 'int java.lang.invoke.Invokers$Holder.invokeExact_MT(java.lang.Object, java.lang.Object, java.lang.Object)'> (0x0000000302f4c540) 
thrown [src/hotspot/share/interpreter/linkResolver.cpp, line 773]
Event: 20.422 Thread 0x000000082ab8ea00 Exception <a 'java/lang/NoSuchMethodError'{0x0000000302f73780}: 'void java.lang.invoke.Invokers$Holder.invokeExact_MT(java.lang.Object, java.lang.Object, int, java.lang.Object)'> (0x0000000302f73780) 
thrown [src/hotspot/share/interpreter/linkResolver.cpp, line 773]

ZGC Phase Switch (0 events):
No events

VM Operations (20 events):
Event: 10.290 Executing non-safepoint VM operation: HandshakeAllThreads (Deoptimize)
Event: 10.290 Executing non-safepoint VM operation: HandshakeAllThreads (Deoptimize) done
Event: 10.896 Executing safepoint VM operation: ICBufferFull
Event: 10.896 Executing safepoint VM operation: ICBufferFull done
Event: 11.901 Executing safepoint VM operation: Cleanup
Event: 11.901 Executing safepoint VM operation: Cleanup done
Event: 12.906 Executing safepoint VM operation: Cleanup
Event: 12.906 Executing safepoint VM operation: Cleanup done
Event: 13.907 Executing safepoint VM operation: Cleanup
Event: 13.907 Executing safepoint VM operation: Cleanup done
Event: 14.912 Executing safepoint VM operation: Cleanup
Event: 14.912 Executing safepoint VM operation: Cleanup done
Event: 15.723 Executing safepoint VM operation: ICBufferFull
Event: 15.723 Executing safepoint VM operation: ICBufferFull done
Event: 16.728 Executing safepoint VM operation: Cleanup
Event: 16.728 Executing safepoint VM operation: Cleanup done
Event: 17.731 Executing safepoint VM operation: Cleanup
Event: 17.731 Executing safepoint VM operation: Cleanup done
Event: 18.736 Executing safepoint VM operation: Cleanup
Event: 18.736 Executing safepoint VM operation: Cleanup done

Memory protections (20 events):
Event: 3.375 Protecting memory [0x0000000174b60000,0x0000000174b6c000] with protection modes 0
Event: 3.380 Protecting memory [0x0000000174d6c000,0x0000000174d78000] with protection modes 0
Event: 3.390 Protecting memory [0x0000000174f78000,0x0000000174f84000] with protection modes 0
Event: 3.394 Protecting memory [0x0000000175184000,0x0000000175190000] with protection modes 0
Event: 3.733 Protecting memory [0x0000000175390000,0x000000017539c000] with protection modes 0
Event: 3.733 Protecting memory [0x000000017559c000,0x00000001755a8000] with protection modes 0
Event: 3.733 Protecting memory [0x00000001757a8000,0x00000001757b4000] with protection modes 0
Event: 3.796 Protecting memory [0x00000001759b4000,0x00000001759c0000] with protection modes 0
Event: 3.796 Protecting memory [0x0000000175bc0000,0x0000000175bcc000] with protection modes 0
Event: 3.796 Protecting memory [0x0000000175dcc000,0x0000000175dd8000] with protection modes 0
Event: 3.796 Protecting memory [0x0000000175fd8000,0x0000000175fe4000] with protection modes 0
Event: 4.027 Protecting memory [0x00000001761e4000,0x00000001761f0000] with protection modes 0
Event: 4.032 Protecting memory [0x00000001763f0000,0x00000001763fc000] with protection modes 0
Event: 4.356 Protecting memory [0x00000001765fc000,0x0000000176608000] with protection modes 0
Event: 4.356 Protecting memory [0x0000000176808000,0x0000000176814000] with protection modes 0
Event: 4.357 Protecting memory [0x0000000176a14000,0x0000000176a20000] with protection modes 0
Event: 4.358 Protecting memory [0x0000000176c20000,0x0000000176c2c000] with protection modes 0
Event: 4.358 Protecting memory [0x0000000176e2c000,0x0000000176e38000] with protection modes 0
Event: 4.358 Protecting memory [0x0000000177038000,0x0000000177044000] with protection modes 0
Event: 4.358 Protecting memory [0x0000000177244000,0x0000000177250000] with protection modes 0

Nmethod flushes (20 events):
Event: 5.118 Thread 0x000000082f159c00 flushing  nmethod 0x000000010fc2e810
Event: 5.118 Thread 0x000000082f159c00 flushing  nmethod 0x000000010fc2eb90
Event: 5.118 Thread 0x000000082f159c00 flushing  nmethod 0x000000010fc57190
Event: 5.118 Thread 0x000000082f159c00 flushing  nmethod 0x000000010fc58790
Event: 5.118 Thread 0x000000082f159c00 flushing  nmethod 0x000000010fc59290
Event: 5.118 Thread 0x000000082f159c00 flushing  nmethod 0x000000010fc59c90
Event: 5.118 Thread 0x000000082f159c00 flushing  nmethod 0x000000010fccdb90
Event: 5.118 Thread 0x000000082f159c00 flushing  nmethod 0x000000010fa0a090
Event: 5.118 Thread 0x000000082f159c00 flushing  nmethod 0x000000010fa0bb10
Event: 5.118 Thread 0x000000082f159c00 flushing  nmethod 0x000000010fa2fd90
Event: 5.118 Thread 0x000000082f159c00 flushing  nmethod 0x000000010fa39690
Event: 5.118 Thread 0x000000082f159c00 flushing  nmethod 0x000000010fa3af10
Event: 5.118 Thread 0x000000082f159c00 flushing  nmethod 0x000000010fab4990
Event: 5.118 Thread 0x000000082f159c00 flushing  nmethod 0x000000010fabb790
Event: 5.118 Thread 0x000000082f159c00 flushing  nmethod 0x000000010fb4b910
Event: 5.118 Thread 0x000000082f159c00 flushing  nmethod 0x000000010fb51e10
Event: 5.118 Thread 0x000000082f159c00 flushing  nmethod 0x000000010fc40510
Event: 5.118 Thread 0x000000082f159c00 flushing  nmethod 0x000000010fcb2a90
Event: 5.118 Thread 0x000000082f159c00 flushing  nmethod 0x000000010fcb4090
Event: 5.118 Thread 0x000000082f159c00 flushing osr nmethod 0x000000010fcb6110

Events (20 events):
Event: 3.375 Thread 0x000000082d28aa00 Thread added: 0x000000082a913800
Event: 3.380 Thread 0x000000082d28b800 Thread added: 0x000000082a97ce00
Event: 3.390 Thread 0x000000082d28aa00 Thread added: 0x000000082a97d500
Event: 3.394 Thread 0x000000082d28aa00 Thread added: 0x000000082a97dc00
Event: 3.733 Thread 0x000000082d28aa00 Thread added: 0x000000082ab8e300
Event: 3.733 Thread 0x000000082d28b100 Thread added: 0x000000082ab8ea00
Event: 3.733 Thread 0x000000082d28b100 Thread added: 0x000000082ab8f100
Event: 3.796 Thread 0x000000082a97ce00 Thread added: 0x000000082a007800
Event: 3.796 Thread 0x000000082a007800 Thread added: 0x000000082aaf1c00
Event: 3.796 Thread 0x000000082aaf1c00 Thread added: 0x000000082a0ac000
Event: 3.796 Thread 0x000000082a0ac000 Thread added: 0x000000082a0ac700
Event: 4.026 Thread 0x000000082ab8f100 Thread added: 0x000000082a187800
Event: 4.032 Thread 0x000000082ab8f100 Thread added: 0x000000082c884000
Event: 4.356 Thread 0x000000082ab8ea00 Thread added: 0x000000082c884700
Event: 4.356 Thread 0x000000082d28aa00 Thread added: 0x000000082c884e00
Event: 4.357 Thread 0x000000082d28b800 Thread added: 0x000000082c885500
Event: 4.358 Thread 0x000000082a97d500 Thread added: 0x000000082c885c00
Event: 4.358 Thread 0x000000082c884e00 Thread added: 0x000000082c886300
Event: 4.358 Thread 0x000000082d28b800 Thread added: 0x000000082c886a00
Event: 4.358 Thread 0x000000082c884700 Thread added: 0x000000082c887100


Dynamic libraries:
0x00000001002fc000 	/Library/Java/JavaVirtualMachines/zulu-21.jdk/Contents/Home/lib/libjli.dylib
0x00000001ac9c5000 	/System/Library/Frameworks/Cocoa.framework/Versions/A/Cocoa
0x00000001916ab000 	/System/Library/Frameworks/AppKit.framework/Versions/C/AppKit
0x0000000194cea000 	/System/Library/Frameworks/CoreData.framework/Versions/A/CoreData
0x000000018eaa6000 	/System/Library/Frameworks/Foundation.framework/Versions/C/Foundation
0x000000019d048000 	/usr/lib/libSystem.B.dylib
0x0000000192dce000 	/System/Library/PrivateFrameworks/UIFoundation.framework/Versions/A/UIFoundation
0x0000000245a5e000 	/System/Library/PrivateFrameworks/CollectionViewCore.framework/Versions/A/CollectionViewCore
0x000000019a2ef000 	/System/Library/PrivateFrameworks/XCTTargetBootstrap.framework/Versions/A/XCTTargetBootstrap
0x00000002582b6000 	/System/Library/PrivateFrameworks/GenerativeModels.framework/Versions/A/GenerativeModels
0x000000019f9dc000 	/System/Library/PrivateFrameworks/InternationalSupport.framework/Versions/A/InternationalSupport
0x000000019fd38000 	/System/Library/PrivateFrameworks/UserActivity.framework/Versions/A/UserActivity
0x000000019537f000 	/System/Library/PrivateFrameworks/BaseBoard.framework/Versions/A/BaseBoard
0x000000024f4cc000 	/System/Library/PrivateFrameworks/FrontBoard.framework/Versions/A/FrontBoard
0x00000001a7708000 	/System/Library/PrivateFrameworks/FrontBoardServices.framework/Versions/A/FrontBoardServices
0x000000029027f000 	/usr/lib/libRosetta.dylib
0x00000002835a2000 	/System/Library/PrivateFrameworks/UIIntelligenceSupport.framework/Versions/A/UIIntelligenceSupport
0x0000000239df3000 	/System/Library/Frameworks/SwiftUICore.framework/Versions/A/SwiftUICore
0x000000028a137000 	/System/Library/PrivateFrameworks/WritingTools.framework/Versions/A/WritingTools
0x0000000288f32000 	/System/Library/PrivateFrameworks/WindowManagement.framework/Versions/A/WindowManagement
0x000000018e715000 	/System/Library/Frameworks/SystemConfiguration.framework/Versions/A/SystemConfiguration
0x000000019ec47000 	/usr/lib/libspindump.dylib
0x0000000192f87000 	/System/Library/Frameworks/UniformTypeIdentifiers.framework/Versions/A/UniformTypeIdentifiers
0x000000019c29f000 	/usr/lib/libbsm.0.dylib
0x0000000197a81000 	/usr/lib/libapp_launch_measurement.dylib
0x0000000196d8a000 	/System/Library/PrivateFrameworks/CoreAnalytics.framework/Versions/A/CoreAnalytics
0x0000000197a85000 	/System/Library/PrivateFrameworks/CoreAutoLayout.framework/Versions/A/CoreAutoLayout
0x0000000199868000 	/System/Library/Frameworks/Metal.framework/Versions/A/Metal
0x000000019ac2b000 	/usr/lib/liblangid.dylib
0x000000019a2f5000 	/System/Library/PrivateFrameworks/CoreSVG.framework/Versions/A/CoreSVG
0x00000001939e1000 	/System/Library/PrivateFrameworks/SkyLight.framework/Versions/A/SkyLight
0x000000024f201000 	/System/Library/PrivateFrameworks/FocusEngine.framework/Versions/A/FocusEngine
0x0000000193f98000 	/System/Library/Frameworks/CoreGraphics.framework/Versions/A/CoreGraphics
0x000000024cc0d000 	/System/Library/PrivateFrameworks/DesignLibrary.framework/Versions/A/DesignLibrary
0x00000001a5994000 	/System/Library/Frameworks/Accelerate.framework/Versions/A/Accelerate
0x000000019ea3d000 	/System/Library/PrivateFrameworks/IconServices.framework/Versions/A/IconServices
0x0000000199840000 	/System/Library/Frameworks/IOSurface.framework/Versions/A/IOSurface
0x0000000196dba000 	/usr/lib/libDiagnosticMessagesClient.dylib
0x000000019cf92000 	/usr/lib/libz.1.dylib
0x00000001a9de2000 	/System/Library/Frameworks/ApplicationServices.framework/Versions/A/ApplicationServices
0x000000019a2da000 	/System/Library/PrivateFrameworks/DFRFoundation.framework/Versions/A/DFRFoundation
0x0000000190efa000 	/usr/lib/libicucore.A.dylib
0x00000001a0f63000 	/System/Library/Frameworks/AudioToolbox.framework/Versions/A/AudioToolbox
0x000000019fce6000 	/System/Library/PrivateFrameworks/DataDetectorsCore.framework/Versions/A/DataDetectorsCore
0x00000002844eb000 	/System/Library/PrivateFrameworks/UpdateCycle.framework/Versions/A/UpdateCycle
0x00000001be2e6000 	/System/Library/PrivateFrameworks/TextInput.framework/Versions/A/TextInput
0x0000000193925000 	/usr/lib/libMobileGestalt.dylib
0x0000000199fde000 	/System/Library/Frameworks/Carbon.framework/Versions/A/Frameworks/HIToolbox.framework/Versions/A/HIToolbox
0x00000001972e4000 	/System/Library/Frameworks/QuartzCore.framework/Versions/A/QuartzCore
0x0000000190adb000 	/System/Library/Frameworks/Security.framework/Versions/A/Security
0x00000001a5303000 	/System/Library/Frameworks/Carbon.framework/Versions/A/Frameworks/SpeechRecognition.framework/Versions/A/SpeechRecognition
0x000000019774c000 	/System/Library/PrivateFrameworks/CoreUI.framework/Versions/A/CoreUI
0x0000000190345000 	/System/Library/Frameworks/CoreAudio.framework/Versions/A/CoreAudio
0x0000000196eb5000 	/System/Library/Frameworks/DiskArbitration.framework/Versions/A/DiskArbitration
0x000000019f1e5000 	/System/Library/PrivateFrameworks/MultitouchSupport.framework/Versions/A/MultitouchSupport
0x0000000193923000 	/usr/lib/libenergytrace.dylib
0x00000001b1655000 	/System/Library/PrivateFrameworks/RenderBox.framework/Versions/A/RenderBox
0x0000000191552000 	/System/Library/Frameworks/IOKit.framework/Versions/A/IOKit
0x00000001a5715000 	/System/Library/Frameworks/CoreServices.framework/Versions/A/CoreServices
0x0000000197a08000 	/System/Library/PrivateFrameworks/PerformanceAnalysis.framework/Versions/A/PerformanceAnalysis
0x00000002326e0000 	/System/Library/Frameworks/OpenGL.framework/Versions/A/OpenGL
0x0000000197ace000 	/usr/lib/libxml2.2.dylib
0x000000019c180000 	/System/Library/PrivateFrameworks/MobileKeyBag.framework/Versions/A/MobileKeyBag
0x000000018cd94000 	/usr/lib/libobjc.A.dylib
0x000000018d109000 	/usr/lib/libc++.1.dylib
0x00000001a5693000 	/System/Library/Frameworks/Accessibility.framework/Versions/A/Accessibility
0x00000001946ee000 	/System/Library/Frameworks/ColorSync.framework/Versions/A/ColorSync
0x000000018d239000 	/System/Library/Frameworks/CoreFoundation.framework/Versions/A/CoreFoundation
0x000000019a673000 	/System/Library/Frameworks/CoreImage.framework/Versions/A/CoreImage
0x000000019011c000 	/System/Library/Frameworks/CoreText.framework/Versions/A/CoreText
0x00000002340e0000 	/System/Library/Frameworks/CoreTransferable.framework/Versions/A/CoreTransferable
0x00000002345fb000 	/System/Library/Frameworks/DataDetection.framework/Versions/A/DataDetection
0x0000000234612000 	/System/Library/Frameworks/DeveloperToolsSupport.framework/Versions/A/DeveloperToolsSupport
0x000000019a333000 	/System/Library/Frameworks/ImageIO.framework/Versions/A/ImageIO
0x000000023ad50000 	/System/Library/Frameworks/Symbols.framework/Versions/A/Symbols
0x00000001c3661000 	/System/Library/PrivateFrameworks/AttributeGraph.framework/Versions/A/AttributeGraph
0x00000001a77e2000 	/System/Library/PrivateFrameworks/BoardServices.framework/Versions/A/BoardServices
0x00000001e8858000 	/System/Library/PrivateFrameworks/FeatureFlags.framework/Versions/A/FeatureFlags
0x0000000258761000 	/System/Library/PrivateFrameworks/Gestures.framework/Versions/A/Gestures
0x000000019d04c000 	/System/Library/PrivateFrameworks/SoftLinking.framework/Versions/A/SoftLinking
0x00000001d233e000 	/usr/lib/swift/libswiftAccelerate.dylib
0x00000001c84b5000 	/usr/lib/swift/libswiftCompression.dylib
0x00000001a08b8000 	/usr/lib/swift/libswiftCore.dylib
0x00000001ba506000 	/usr/lib/swift/libswiftCoreFoundation.dylib
0x00000001ba566000 	/usr/lib/swift/libswiftCoreImage.dylib
0x00000001a7481000 	/usr/lib/swift/libswiftDispatch.dylib
0x00000001ba567000 	/usr/lib/swift/libswiftIOKit.dylib
0x00000001c84a7000 	/usr/lib/swift/libswiftMetal.dylib
0x00000001d7c6c000 	/usr/lib/swift/libswiftOSLog.dylib
0x00000001aa459000 	/usr/lib/swift/libswiftObjectiveC.dylib
0x00000002919f8000 	/usr/lib/swift/libswiftObservation.dylib
0x00000001cd89b000 	/usr/lib/swift/libswiftQuartzCore.dylib
0x0000000291aba000 	/usr/lib/swift/libswiftSpatial.dylib
0x0000000291b34000 	/usr/lib/swift/libswiftSynchronization.dylib
0x00000001d232e000 	/usr/lib/swift/libswiftUniformTypeIdentifiers.dylib
0x00000001ba519000 	/usr/lib/swift/libswiftXPC.dylib
0x0000000291b7a000 	/usr/lib/swift/libswift_Builtin_float.dylib
0x0000000291b7b000 	/usr/lib/swift/libswift_Concurrency.dylib
0x00000001aa45d000 	/usr/lib/swift/libswiftos.dylib
0x00000001be058000 	/usr/lib/swift/libswiftsimd.dylib
0x000000019d270000 	/usr/lib/libcompression.dylib
0x000000019f945000 	/System/Library/PrivateFrameworks/TextureIO.framework/Versions/A/TextureIO
0x0000000194896000 	/System/Library/Frameworks/ApplicationServices.framework/Versions/A/Frameworks/HIServices.framework/Versions/A/HIServices
0x000000019e6c7000 	/usr/lib/libate.dylib
0x000000019d042000 	/usr/lib/system/libcache.dylib
0x000000019cffd000 	/usr/lib/system/libcommonCrypto.dylib
0x000000019d028000 	/usr/lib/system/libcompiler_rt.dylib
0x000000019d01d000 	/usr/lib/system/libcopyfile.dylib
0x000000018cf3d000 	/usr/lib/system/libcorecrypto.dylib
0x000000018d03d000 	/usr/lib/system/libdispatch.dylib
0x000000018cde7000 	/usr/lib/system/libdyld.dylib
0x000000019d038000 	/usr/lib/system/libkeymgr.dylib
0x000000019cfe0000 	/usr/lib/system/libmacho.dylib
0x000000019c277000 	/usr/lib/system/libquarantine.dylib
0x000000019d035000 	/usr/lib/system/libremovefile.dylib
0x00000001939a5000 	/usr/lib/system/libsystem_asl.dylib
0x000000018cec3000 	/usr/lib/system/libsystem_blocks.dylib
0x000000018d088000 	/usr/lib/system/libsystem_c.dylib
0x000000019d02c000 	/usr/lib/system/libsystem_collections.dylib
0x000000019ac18000 	/usr/lib/system/libsystem_configuration.dylib
0x0000000199807000 	/usr/lib/system/libsystem_containermanager.dylib
0x000000019ca16000 	/usr/lib/system/libsystem_coreservices.dylib
0x00000001911d0000 	/usr/lib/system/libsystem_darwin.dylib
0x0000000291e9c000 	/usr/lib/system/libsystem_darwindirectory.dylib
0x000000019d039000 	/usr/lib/system/libsystem_dnssd.dylib
0x0000000291ea0000 	/usr/lib/system/libsystem_eligibility.dylib
0x000000018d085000 	/usr/lib/system/libsystem_featureflags.dylib
0x000000018d209000 	/usr/lib/system/libsystem_info.dylib
0x000000019cfa1000 	/usr/lib/system/libsystem_m.dylib
0x000000018cfec000 	/usr/lib/system/libsystem_malloc.dylib
0x0000000193908000 	/usr/lib/system/libsystem_networkextension.dylib
0x000000019163b000 	/usr/lib/system/libsystem_notify.dylib
0x000000019ac1d000 	/usr/lib/system/libsystem_sandbox.dylib
0x0000000291eaa000 	/usr/lib/system/libsystem_sanitizers.dylib
0x000000019d031000 	/usr/lib/system/libsystem_secinit.dylib
0x000000018d1b5000 	/usr/lib/system/libsystem_kernel.dylib
0x000000018d200000 	/usr/lib/system/libsystem_platform.dylib
0x000000018d1f3000 	/usr/lib/system/libsystem_pthread.dylib
0x0000000195563000 	/usr/lib/system/libsystem_symptoms.dylib
0x000000018cf1c000 	/usr/lib/system/libsystem_trace.dylib
0x0000000291eb2000 	/usr/lib/system/libsystem_trial.dylib
0x000000019d00b000 	/usr/lib/system/libunwind.dylib
0x000000018cec7000 	/usr/lib/system/libxpc.dylib
0x000000018d19a000 	/usr/lib/libc++abi.dylib
0x0000000291705000 	/usr/lib/libswiftPrespecialized.dylib
0x000000019d04a000 	/usr/lib/libfakelink.dylib
0x0000000193552000 	/System/Library/Frameworks/CFNetwork.framework/Versions/A/CFNetwork
0x000000019d09d000 	/usr/lib/libarchive.2.dylib
0x00000001a33af000 	/System/Library/Frameworks/Combine.framework/Versions/A/Combine
0x0000000245a83000 	/System/Library/PrivateFrameworks/CollectionsInternal.framework/Versions/A/CollectionsInternal
0x0000000271982000 	/System/Library/PrivateFrameworks/ReflectionInternal.framework/Versions/A/ReflectionInternal
0x00000002728d5000 	/System/Library/PrivateFrameworks/RuntimeInternal.framework/Versions/A/RuntimeInternal
0x00000001b739e000 	/usr/lib/swift/libswiftDarwin.dylib
0x0000000291b48000 	/usr/lib/swift/libswiftSystem.dylib
0x0000000291c07000 	/usr/lib/swift/libswift_DarwinFoundation1.dylib
0x0000000291cab000 	/usr/lib/swift/libswift_StringProcessing.dylib
0x00000001914d2000 	/System/Library/PrivateFrameworks/CoreServicesInternal.framework/Versions/A/CoreServicesInternal
0x000000019d015000 	/usr/lib/liboah.dylib
0x00000001a988d000 	/System/Library/PrivateFrameworks/DiskImages.framework/Versions/A/DiskImages
0x00000001b6e43000 	/System/Library/Frameworks/NetFS.framework/Versions/A/NetFS
0x0000000197a4a000 	/System/Library/Frameworks/CoreServices.framework/Versions/A/Frameworks/FSEvents.framework/Versions/A/FSEvents
0x00000001911da000 	/System/Library/Frameworks/CoreServices.framework/Versions/A/Frameworks/CarbonCore.framework/Versions/A/CarbonCore
0x0000000196e29000 	/System/Library/Frameworks/CoreServices.framework/Versions/A/Frameworks/Metadata.framework/Versions/A/Metadata
0x000000019ca1d000 	/System/Library/Frameworks/CoreServices.framework/Versions/A/Frameworks/OSServices.framework/Versions/A/OSServices
0x000000019d195000 	/System/Library/Frameworks/CoreServices.framework/Versions/A/Frameworks/SearchKit.framework/Versions/A/SearchKit
0x00000001954dd000 	/System/Library/Frameworks/CoreServices.framework/Versions/A/Frameworks/AE.framework/Versions/A/AE
0x000000018d798000 	/System/Library/Frameworks/CoreServices.framework/Versions/A/Frameworks/LaunchServices.framework/Versions/A/LaunchServices
0x000000019e51b000 	/System/Library/Frameworks/CoreServices.framework/Versions/A/Frameworks/DictionaryServices.framework/Versions/A/DictionaryServices
0x0000000197a57000 	/System/Library/Frameworks/CoreServices.framework/Versions/A/Frameworks/SharedFileList.framework/Versions/A/SharedFileList
0x000000019d228000 	/usr/lib/libapple_nghttp2.dylib
0x00000001950f4000 	/usr/lib/libsqlite3.dylib
0x00000001952dd000 	/System/Library/Frameworks/Accounts.framework/Versions/A/Accounts
0x00000001a9acf000 	/System/Library/PrivateFrameworks/AppSupport.framework/Versions/A/AppSupport
0x00000001b92ca000 	/System/Library/Frameworks/AVFoundation.framework/Versions/A/AVFoundation
0x00000001a15ea000 	/System/Library/Frameworks/GSS.framework/Versions/A/GSS
0x0000000195471000 	/System/Library/PrivateFrameworks/RunningBoardServices.framework/Versions/A/RunningBoardServices
0x00000001aa3e1000 	/System/Library/PrivateFrameworks/StreamingZip.framework/Versions/A/StreamingZip
0x000000019556c000 	/System/Library/Frameworks/Network.framework/Versions/A/Network
0x000000019cfe4000 	/usr/lib/system/libkxld.dylib
0x0000000241063000 	/System/Library/PrivateFrameworks/AppleKeyStore.framework/Versions/A/AppleKeyStore
0x000000028ff81000 	/usr/lib/libCoreEntitlements.dylib
0x0000000266065000 	/System/Library/PrivateFrameworks/MessageSecurity.framework/Versions/A/MessageSecurity
0x00000001950d8000 	/System/Library/PrivateFrameworks/ProtocolBuffer.framework/Versions/A/ProtocolBuffer
0x00000001a6890000 	/System/Library/PrivateFrameworks/SymptomDiagnosticReporter.framework/Versions/A/SymptomDiagnosticReporter
0x000000019e760000 	/System/Library/PrivateFrameworks/CrashReporterSupport.framework/Versions/A/CrashReporterSupport
0x000000019c9fd000 	/System/Library/PrivateFrameworks/AppleFSCompression.framework/Versions/A/AppleFSCompression
0x000000019c287000 	/usr/lib/libcoretls.dylib
0x000000019e591000 	/usr/lib/libcoretls_cfhelpers.dylib
0x000000019d26a000 	/usr/lib/libpam.2.dylib
0x000000019e607000 	/usr/lib/libxar.1.dylib
0x000000019e593000 	/System/Library/PrivateFrameworks/APFS.framework/Versions/A/APFS
0x000000027e002000 	/System/Library/PrivateFrameworks/SwiftASN1Internal.framework/Versions/A/SwiftASN1Internal
0x000000019e616000 	/usr/lib/libutil.dylib
0x000000019ac26000 	/System/Library/PrivateFrameworks/AppleSystemInfo.framework/Versions/A/AppleSystemInfo
0x000000019bf4e000 	/System/Library/PrivateFrameworks/IOMobileFramebuffer.framework/Versions/A/IOMobileFramebuffer
0x00000001a91ed000 	/System/Library/PrivateFrameworks/CoreWiFi.framework/Versions/A/CoreWiFi
0x00000001ba3c8000 	/System/Library/PrivateFrameworks/LoggingSupport.framework/Versions/A/LoggingSupport
0x00000001a164d000 	/System/Library/PrivateFrameworks/MobileAsset.framework/Versions/A/MobileAsset
0x00000001a68a0000 	/System/Library/PrivateFrameworks/PowerLog.framework/Versions/A/PowerLog
0x00000001a7d62000 	/System/Library/PrivateFrameworks/Rapport.framework/Versions/A/Rapport
0x0000000239c86000 	/System/Library/Frameworks/SwiftData.framework/Versions/A/SwiftData
0x0000000197c77000 	/System/Library/PrivateFrameworks/UserManagement.framework/Versions/A/UserManagement
0x0000000193479000 	/usr/lib/libboringssl.dylib
0x0000000195551000 	/usr/lib/libdns_services.dylib
0x00000001b93fe000 	/usr/lib/libquic.dylib
0x00000001a0849000 	/usr/lib/libusrtcp.dylib
0x0000000241f1c000 	/System/Library/PrivateFrameworks/AtomicsInternal.framework/Versions/A/AtomicsInternal
0x00000001e068f000 	/System/Library/PrivateFrameworks/InternalSwiftProtobuf.framework/Versions/A/InternalSwiftProtobuf
0x00000002919cf000 	/usr/lib/swift/libswiftDistributed.dylib
0x000000019ac24000 	/System/Library/PrivateFrameworks/AggregateDictionary.framework/Versions/A/AggregateDictionary
0x000000024274a000 	/System/Library/PrivateFrameworks/BiomeLibrary.framework/Versions/A/BiomeLibrary
0x00000001c9512000 	/System/Library/PrivateFrameworks/BiomeStreams.framework/Versions/A/BiomeStreams
0x00000001c5578000 	/System/Library/PrivateFrameworks/BiomeFoundation.framework/Versions/A/BiomeFoundation
0x00000001cf794000 	/System/Library/PrivateFrameworks/BiomePubSub.framework/Versions/A/BiomePubSub
0x00000001ab3c4000 	/System/Library/PrivateFrameworks/ProactiveSupport.framework/Versions/A/ProactiveSupport
0x000000023bce1000 	/System/Library/Frameworks/_LocationEssentials.framework/Versions/A/_LocationEssentials
0x000000019e572000 	/usr/lib/liblzma.5.dylib
0x00000001a9de3000 	/System/Library/PrivateFrameworks/InternationalTextSearch.framework/Versions/A/InternationalTextSearch
0x00000001c1a54000 	/System/Library/PrivateFrameworks/SoftwareUpdateCoreSupport.framework/Versions/A/SoftwareUpdateCoreSupport
0x00000001c9fb0000 	/System/Library/PrivateFrameworks/SoftwareUpdateCoreConnect.framework/Versions/A/SoftwareUpdateCoreConnect
0x00000001a9987000 	/System/Library/PrivateFrameworks/RemoteServiceDiscovery.framework/Versions/A/RemoteServiceDiscovery
0x00000001c162c000 	/System/Library/PrivateFrameworks/MSUDataAccessor.framework/Versions/A/MSUDataAccessor
0x00000001bc594000 	/usr/lib/libbootpolicy.dylib
0x00000001a999e000 	/System/Library/PrivateFrameworks/RemoteXPC.framework/Versions/A/RemoteXPC
0x00000001c93e6000 	/usr/lib/libFDR.dylib
0x00000001cf396000 	/usr/lib/libamsupport.dylib
0x0000000290277000 	/usr/lib/libReverseProxyDevice.dylib
0x00000002408d3000 	/System/Library/PrivateFrameworks/AppleDeviceQuerySupport.framework/Versions/A/AppleDeviceQuerySupport
0x00000001d2558000 	/usr/lib/libpartition2_dynamic.dylib
0x000000019d204000 	/System/Library/PrivateFrameworks/AppleSauce.framework/Versions/A/AppleSauce
0x000000028fe2c000 	/usr/lib/libAppleArchive.dylib
0x000000019ca09000 	/usr/lib/libbz2.1.0.dylib
0x0000000196ebf000 	/System/Library/Frameworks/Accelerate.framework/Versions/A/Frameworks/vImage.framework/Versions/A/vImage
0x00000001a56f0000 	/System/Library/Frameworks/Accelerate.framework/Versions/A/Frameworks/vecLib.framework/Versions/A/vecLib
0x000000019e64d000 	/System/Library/Frameworks/Accelerate.framework/Versions/A/Frameworks/vecLib.framework/Versions/A/libvMisc.dylib
0x000000018dc9c000 	/System/Library/Frameworks/Accelerate.framework/Versions/A/Frameworks/vecLib.framework/Versions/A/libBLAS.dylib
0x0000000197bb5000 	/System/Library/Frameworks/CoreVideo.framework/Versions/A/CoreVideo
0x00000001a1201000 	/System/Library/Frameworks/ApplicationServices.framework/Versions/A/Frameworks/ATS.framework/Versions/A/ATS
0x000000019f8d2000 	/System/Library/Frameworks/ApplicationServices.framework/Versions/A/Frameworks/PrintCore.framework/Versions/A/PrintCore
0x00000001a15b3000 	/System/Library/Frameworks/ApplicationServices.framework/Versions/A/Frameworks/QD.framework/Versions/A/QD
0x00000001a15ae000 	/System/Library/Frameworks/ApplicationServices.framework/Versions/A/Frameworks/ColorSyncLegacy.framework/Versions/A/ColorSyncLegacy
0x00000001a11d3000 	/System/Library/Frameworks/ApplicationServices.framework/Versions/A/Frameworks/SpeechSynthesis.framework/Versions/A/SpeechSynthesis
0x0000000199d0e000 	/System/Library/PrivateFrameworks/FontServices.framework/libFontParser.dylib
0x00000001a96af000 	/System/Library/PrivateFrameworks/BackBoardServices.framework/Versions/A/BackBoardServices
0x000000024264f000 	/System/Library/PrivateFrameworks/BackBoardHIDEventFoundation.framework/Versions/A/BackBoardHIDEventFoundation
0x000000018fc38000 	/System/Library/Frameworks/CoreDisplay.framework/Versions/A/CoreDisplay
0x000000019f22b000 	/System/Library/Frameworks/VideoToolbox.framework/Versions/A/VideoToolbox
0x000000019d268000 	/System/Library/Frameworks/MetalPerformanceShaders.framework/Versions/A/MetalPerformanceShaders
0x000000027088c000 	/System/Library/PrivateFrameworks/ProDisplayLibrary.framework/Versions/A/ProDisplayLibrary
0x00000001ad4e0000 	/System/Library/PrivateFrameworks/IOSurfaceAccelerator.framework/Versions/A/IOSurfaceAccelerator
0x000000019985d000 	/System/Library/PrivateFrameworks/IOAccelerator.framework/Versions/A/IOAccelerator
0x0000000199b6c000 	/System/Library/Frameworks/CoreMedia.framework/Versions/A/CoreMedia
0x00000001939bd000 	/System/Library/PrivateFrameworks/TCC.framework/Versions/A/TCC
0x000000019f1e3000 	/System/Library/PrivateFrameworks/WatchdogClient.framework/Versions/A/WatchdogClient
0x00000001ba4e6000 	/usr/lib/swift/libswiftCoreAudio.dylib
0x00000001d64b9000 	/usr/lib/swift/libswiftCoreMedia.dylib
0x0000000291b62000 	/usr/lib/swift/libswiftVideoToolbox.dylib
0x00000001cf7f5000 	/System/Library/PrivateFrameworks/BiomeStorage.framework/Versions/A/BiomeStorage
0x000000025eda9000 	/System/Library/PrivateFrameworks/IntelligencePlatformLibrary.framework/Versions/A/IntelligencePlatformLibrary
0x000000026f650000 	/System/Library/PrivateFrameworks/PoirotSchematizer.framework/Versions/A/PoirotSchematizer
0x0000000242ffd000 	/System/Library/PrivateFrameworks/BiomeSync.framework/Versions/A/BiomeSync
0x0000000242730000 	/System/Library/PrivateFrameworks/BiomeDSL.framework/Versions/A/BiomeDSL
0x000000026f6be000 	/System/Library/PrivateFrameworks/PoirotUDFs.framework/Versions/A/PoirotUDFs
0x0000000291c0a000 	/usr/lib/swift/libswift_DarwinFoundation2.dylib
0x0000000291c0b000 	/usr/lib/swift/libswift_DarwinFoundation3.dylib
0x00000001a7d57000 	/System/Library/PrivateFrameworks/CoreTime.framework/Versions/A/CoreTime
0x000000019d082000 	/usr/lib/libiconv.2.dylib
0x000000019cfdf000 	/usr/lib/libcharset.1.dylib
0x000000026f613000 	/System/Library/PrivateFrameworks/PoirotSQLite.framework/Versions/A/PoirotSQLite
0x0000000291c0c000 	/usr/lib/swift/libswift_RegexParser.dylib
0x0000000244633000 	/System/Library/PrivateFrameworks/CascadeSets.framework/Versions/A/CascadeSets
0x00000001a17c4000 	/System/Library/PrivateFrameworks/CorePhoneNumbers.framework/Versions/A/CorePhoneNumbers
0x000000019efdd000 	/System/Library/PrivateFrameworks/AppleJPEG.framework/Versions/A/AppleJPEG
0x000000019e9b7000 	/usr/lib/libexpat.1.dylib
0x000000019f7a8000 	/System/Library/Frameworks/ImageIO.framework/Versions/A/Resources/libPng.dylib
0x000000019f7d3000 	/System/Library/Frameworks/ImageIO.framework/Versions/A/Resources/libTIFF.dylib
0x000000019f8bb000 	/System/Library/Frameworks/ImageIO.framework/Versions/A/Resources/libGIF.dylib
0x000000019f022000 	/System/Library/Frameworks/ImageIO.framework/Versions/A/Resources/libJP2.dylib
0x000000019f862000 	/System/Library/Frameworks/ImageIO.framework/Versions/A/Resources/libJPEG.dylib
0x000000019f859000 	/System/Library/Frameworks/ImageIO.framework/Versions/A/Resources/libRadiance.dylib
0x0000000254a60000 	/System/Library/PrivateFrameworks/GPUCompiler.framework/Versions/32023/Libraries/libllvm-flatbuffers.dylib
0x000000024f4bf000 	/System/Library/PrivateFrameworks/FramePacing.framework/Versions/A/FramePacing
0x00000002326d2000 	/System/Library/Frameworks/OpenGL.framework/Versions/A/Libraries/libCoreFSCache.dylib
0x00000002505ed000 	/System/Library/PrivateFrameworks/GPUCompiler.framework/Versions/32023/Libraries/libGPUCompilerUtils.dylib
0x00000001a78af000 	/System/Library/PrivateFrameworks/GraphicsServices.framework/Versions/A/GraphicsServices
0x0000000232731000 	/System/Library/Frameworks/OpenGL.framework/Versions/A/Libraries/libGLU.dylib
0x00000002326f4000 	/System/Library/Frameworks/OpenGL.framework/Versions/A/Libraries/libGFXShared.dylib
0x00000002328c1000 	/System/Library/Frameworks/OpenGL.framework/Versions/A/Libraries/libGL.dylib
0x00000002326fd000 	/System/Library/Frameworks/OpenGL.framework/Versions/A/Libraries/libGLImage.dylib
0x00000002326f1000 	/System/Library/Frameworks/OpenGL.framework/Versions/A/Libraries/libCVMSPluginSupport.dylib
0x00000002326da000 	/System/Library/Frameworks/OpenGL.framework/Versions/A/Libraries/libCoreVMClient.dylib
0x000000019f854000 	/System/Library/PrivateFrameworks/GPUWrangler.framework/Versions/A/GPUWrangler
0x000000019f834000 	/System/Library/PrivateFrameworks/IOPresentment.framework/Versions/A/IOPresentment
0x000000019f85c000 	/System/Library/PrivateFrameworks/DSExternalDisplay.framework/Versions/A/DSExternalDisplay
0x0000000285bc5000 	/System/Library/PrivateFrameworks/VideoToolboxParavirtualizationSupport.framework/Versions/A/VideoToolboxParavirtualizationSupport
0x000000019e96e000 	/System/Library/PrivateFrameworks/AppleVA.framework/Versions/A/AppleVA
0x000000023475c000 	/System/Library/Frameworks/ExtensionFoundation.framework/Versions/A/ExtensionFoundation
0x000000019f8c1000 	/System/Library/PrivateFrameworks/CMCaptureCore.framework/Versions/A/CMCaptureCore
0x000000019ec3a000 	/System/Library/PrivateFrameworks/AppServerSupport.framework/Versions/A/AppServerSupport
0x00000001a15bc000 	/System/Library/PrivateFrameworks/perfdata.framework/Versions/A/perfdata
0x000000018fd59000 	/System/Library/PrivateFrameworks/AudioToolboxCore.framework/Versions/A/AudioToolboxCore
0x0000000199b42000 	/System/Library/PrivateFrameworks/caulk.framework/Versions/A/caulk
0x00000001a11b9000 	/usr/lib/libAudioStatistics.dylib
0x00000001b94f3000 	/System/Library/PrivateFrameworks/SystemPolicy.framework/Versions/A/SystemPolicy
0x00000001a1461000 	/usr/lib/libSMC.dylib
0x00000001c0e40000 	/usr/lib/swift/libswiftCoreMIDI.dylib
0x00000001ac7d2000 	/System/Library/Frameworks/CoreMIDI.framework/Versions/A/CoreMIDI
0x000000019f782000 	/usr/lib/libAudioToolboxUtility.dylib
0x00000001a15ca000 	/usr/lib/libperfcheck.dylib
0x0000000241feb000 	/System/Library/PrivateFrameworks/AudioAnalytics.framework/Versions/A/AudioAnalytics
0x00000001e037d000 	/System/Library/Frameworks/OSLog.framework/Versions/A/OSLog
0x000000026b0c6000 	/System/Library/PrivateFrameworks/OSEligibility.framework/Versions/A/OSEligibility
0x0000000235b40000 	/System/Library/Frameworks/LightweightCodeRequirements.framework/Versions/A/LightweightCodeRequirements
0x000000019e8b7000 	/System/Library/PrivateFrameworks/PlugInKit.framework/Versions/A/PlugInKit
0x000000019c198000 	/System/Library/PrivateFrameworks/AssertionServices.framework/Versions/A/AssertionServices
0x000000019e9dc000 	/System/Library/PrivateFrameworks/IconFoundation.framework/Versions/A/IconFoundation
0x000000025b937000 	/System/Library/PrivateFrameworks/IconRendering.framework/Versions/A/IconRendering
0x0000000272aa1000 	/System/Library/PrivateFrameworks/SFSymbols.framework/Versions/A/SFSymbols
0x000000019ebea000 	/System/Library/PrivateFrameworks/GraphVisualizer.framework/Versions/A/GraphVisualizer
0x000000024f3ca000 	/System/Library/PrivateFrameworks/FontServices.framework/Versions/A/FontServices
0x000000019ebfa000 	/System/Library/PrivateFrameworks/OTSVG.framework/Versions/A/OTSVG
0x00000001976fa000 	/System/Library/Frameworks/ApplicationServices.framework/Versions/A/Frameworks/ATS.framework/Versions/A/Resources/libFontRegistry.dylib
0x0000000290d3f000 	/usr/lib/libhvf.dylib
0x000000026bd52000 	/System/Library/PrivateFrameworks/ParsingInternal.framework/Versions/A/ParsingInternal
0x000000024f3ce000 	/System/Library/PrivateFrameworks/FontServices.framework/libXTFontStaticRegistryData.dylib
0x000000019ab5e000 	/System/Library/Frameworks/MetalPerformanceShaders.framework/Versions/A/Frameworks/MPSCore.framework/Versions/A/MPSCore
0x000000019c968000 	/System/Library/Frameworks/MetalPerformanceShaders.framework/Versions/A/Frameworks/MPSImage.framework/Versions/A/MPSImage
0x000000019c327000 	/System/Library/Frameworks/MetalPerformanceShaders.framework/Versions/A/Frameworks/MPSNeuralNetwork.framework/Versions/A/MPSNeuralNetwork
0x000000019c766000 	/System/Library/Frameworks/MetalPerformanceShaders.framework/Versions/A/Frameworks/MPSMatrix.framework/Versions/A/MPSMatrix
0x000000019c57e000 	/System/Library/Frameworks/MetalPerformanceShaders.framework/Versions/A/Frameworks/MPSRayIntersector.framework/Versions/A/MPSRayIntersector
0x000000019c798000 	/System/Library/Frameworks/MetalPerformanceShaders.framework/Versions/A/Frameworks/MPSNDArray.framework/Versions/A/MPSNDArray
0x00000002369c5000 	/System/Library/Frameworks/MetalPerformanceShaders.framework/Versions/A/Frameworks/MPSFunctions.framework/Versions/A/MPSFunctions
0x00000002369a6000 	/System/Library/Frameworks/MetalPerformanceShaders.framework/Versions/A/Frameworks/MPSBenchmarkLoop.framework/Versions/A/MPSBenchmarkLoop
0x00000002369d9000 	/System/Library/Frameworks/MetalPerformanceShaders.framework/Versions/A/Frameworks/MPSHost.framework/Versions/A/MPSHost
0x000000018dab3000 	/System/Library/PrivateFrameworks/MetalTools.framework/Versions/A/MetalTools
0x00000001bf77d000 	/System/Library/PrivateFrameworks/IOAccelMemoryInfo.framework/Versions/A/IOAccelMemoryInfo
0x00000001cdc8e000 	/System/Library/PrivateFrameworks/kperf.framework/Versions/A/kperf
0x00000001ba4e2000 	/System/Library/PrivateFrameworks/GPURawCounter.framework/Versions/A/GPURawCounter
0x00000001ab54f000 	/System/Library/PrivateFrameworks/ASEProcessing.framework/Versions/A/ASEProcessing
0x00000001dbd3b000 	/System/Library/PrivateFrameworks/Symbolication.framework/Versions/A/Symbolication
0x000000026f1ff000 	/System/Library/PrivateFrameworks/PhotosensitivityProcessing.framework/Versions/A/PhotosensitivityProcessing
0x0000000272b27000 	/System/Library/PrivateFrameworks/SILManager.framework/Versions/A/SILManager
0x00000001a7bfa000 	/System/Library/PrivateFrameworks/CoreSymbolication.framework/Versions/A/CoreSymbolication
0x00000001ba457000 	/System/Library/PrivateFrameworks/MallocStackLogging.framework/Versions/A/MallocStackLogging
0x00000001a7bd8000 	/System/Library/PrivateFrameworks/DebugSymbols.framework/Versions/A/DebugSymbols
0x00000001cc401000 	/System/Library/PrivateFrameworks/OSAnalytics.framework/Versions/A/OSAnalytics
0x000000024d12c000 	/System/Library/PrivateFrameworks/DeviceRecovery.framework/Versions/A/DeviceRecovery
0x0000000281455000 	/System/Library/PrivateFrameworks/Tightbeam.framework/Versions/A/Tightbeam
0x00000001d2ac5000 	/System/Library/PrivateFrameworks/AFKUser.framework/Versions/A/AFKUser
0x000000019cdd6000 	/System/Library/Frameworks/UserNotifications.framework/Versions/A/UserNotifications
0x00000001bff12000 	/System/Library/PrivateFrameworks/SiriInstrumentation.framework/Versions/A/SiriInstrumentation
0x0000000274f82000 	/System/Library/PrivateFrameworks/SiriAnalytics.framework/Versions/A/SiriAnalytics
0x00000001bd67a000 	/System/Library/PrivateFrameworks/FeedbackLogger.framework/Versions/A/FeedbackLogger
0x00000001d7f05000 	/usr/lib/swift/libswiftAVFoundation.dylib
0x0000000283c7d000 	/System/Library/PrivateFrameworks/UnifiedAssetFramework.framework/Versions/A/UnifiedAssetFramework
0x00000001a1138000 	/System/Library/PrivateFrameworks/AudioSession.framework/Versions/A/AudioSession
0x000000019eafb000 	/System/Library/PrivateFrameworks/MediaExperience.framework/Versions/A/MediaExperience
0x00000001a0f0d000 	/System/Library/PrivateFrameworks/AudioSession.framework/libSessionUtility.dylib
0x00000001a6785000 	/System/Library/Frameworks/CoreBluetooth.framework/Versions/A/CoreBluetooth
0x000000019c00b000 	/System/Library/PrivateFrameworks/CoreUtils.framework/Versions/A/CoreUtils
0x00000001b2388000 	/System/Library/PrivateFrameworks/HID.framework/Versions/A/HID
0x000000024c045000 	/System/Library/PrivateFrameworks/CoreUtilsExtras.framework/Versions/A/CoreUtilsExtras
0x000000025b88c000 	/System/Library/PrivateFrameworks/IO80211.framework/Versions/A/IO80211
0x00000001a30fb000 	/System/Library/Frameworks/IOBluetooth.framework/Versions/A/IOBluetooth
0x0000000291a17000 	/usr/lib/swift/libswiftRegexBuilder.dylib
0x000000019e757000 	/usr/lib/libIOReport.dylib
0x00000001e88dc000 	/System/Library/PrivateFrameworks/WiFiPeerToPeer.framework/Versions/A/WiFiPeerToPeer
0x000000019c1a7000 	/System/Library/Frameworks/SecurityFoundation.framework/Versions/A/SecurityFoundation
0x00000002446e7000 	/System/Library/PrivateFrameworks/Centauri.framework/Versions/A/Centauri
0x000000018e497000 	/System/Library/PrivateFrameworks/Lexicon.framework/Versions/A/Lexicon
0x000000029118f000 	/usr/lib/libmrc.dylib
0x000000025b8f7000 	/System/Library/PrivateFrameworks/IPConfiguration.framework/Versions/A/IPConfiguration
0x00000001dc512000 	/System/Library/PrivateFrameworks/Netrb.framework/Versions/A/Netrb
0x000000019c310000 	/usr/lib/libgermantok.dylib
0x000000019ad4d000 	/System/Library/PrivateFrameworks/LinguisticData.framework/Versions/A/LinguisticData
0x00000001a698e000 	/System/Library/PrivateFrameworks/MediaKit.framework/Versions/A/MediaKit
0x00000001a68dc000 	/System/Library/Frameworks/DiscRecording.framework/Versions/A/DiscRecording
0x000000019e9d2000 	/usr/lib/libheimdal-asn1.dylib
0x00000001aa3b7000 	/System/Library/Frameworks/AudioUnit.framework/Versions/A/AudioUnit
0x0000000197a12000 	/System/Library/Frameworks/OpenDirectory.framework/Versions/A/OpenDirectory
0x0000000197a20000 	/System/Library/Frameworks/OpenDirectory.framework/Versions/A/Frameworks/CFOpenDirectory.framework/Versions/A/CFOpenDirectory
0x00000001a34a3000 	/System/Library/PrivateFrameworks/GeoServices.framework/Versions/A/GeoServices
0x00000001a0ed3000 	/System/Library/PrivateFrameworks/LocationSupport.framework/Versions/A/LocationSupport
0x00000002585b3000 	/System/Library/PrivateFrameworks/GeoServicesCore.framework/Versions/A/GeoServicesCore
0x00000001b328c000 	/System/Library/PrivateFrameworks/PhoneNumbers.framework/Versions/A/PhoneNumbers
0x0000000260d3b000 	/System/Library/PrivateFrameworks/LocationLogEncryption.framework/Versions/A/LocationLogEncryption
0x0000000232c4d000 	/System/Library/Frameworks/AVFAudio.framework/Versions/A/AVFAudio
0x0000000232d91000 	/System/Library/Frameworks/AVRouting.framework/Versions/A/AVRouting
0x00000001b33a4000 	/usr/lib/libAccessibility.dylib
0x000000025f725000 	/System/Library/PrivateFrameworks/IsolatedCoreAudioClient.framework/Versions/A/IsolatedCoreAudioClient
0x0000000247e7d000 	/System/Library/PrivateFrameworks/CoreAudioOrchestration.framework/Versions/A/CoreAudioOrchestration
0x000000019fda9000 	/System/Library/Frameworks/MediaToolbox.framework/Versions/A/MediaToolbox
0x00000001a6ab4000 	/System/Library/PrivateFrameworks/CoreAVCHD.framework/Versions/A/CoreAVCHD
0x00000001a59e3000 	/System/Library/Frameworks/MediaAccessibility.framework/Versions/A/MediaAccessibility
0x00000001a6ab0000 	/System/Library/PrivateFrameworks/Mangrove.framework/Versions/A/Mangrove
0x0000000243d23000 	/System/Library/PrivateFrameworks/CMPhoto.framework/Versions/A/CMPhoto
0x00000001a727d000 	/System/Library/Frameworks/CoreTelephony.framework/Versions/A/CoreTelephony
0x00000001a6aa3000 	/System/Library/PrivateFrameworks/CoreAUC.framework/Versions/A/CoreAUC
0x0000000240e94000 	/System/Library/PrivateFrameworks/AppleJPEGXL.framework/Versions/A/AppleJPEGXL
0x00000001a17d4000 	/usr/lib/libTelephonyUtilDynamic.dylib
0x00000001e346e000 	/System/Library/Frameworks/CryptoKit.framework/Versions/A/CryptoKit
0x00000001aa3b2000 	/System/Library/PrivateFrameworks/CryptoKitCBridging.framework/Versions/A/CryptoKitCBridging
0x00000001a78c1000 	/System/Library/Frameworks/CryptoTokenKit.framework/Versions/A/CryptoTokenKit
0x000000024cb9d000 	/System/Library/PrivateFrameworks/Dendrite.framework/Versions/A/Dendrite
0x00000001ba08a000 	/System/Library/Frameworks/NaturalLanguage.framework/Versions/A/NaturalLanguage
0x00000001e8864000 	/usr/lib/swift/libswiftNaturalLanguage.dylib
0x0000000241a0a000 	/System/Library/PrivateFrameworks/AppleMobileFileIntegrity.framework/Versions/A/AppleMobileFileIntegrity
0x00000002902ee000 	/usr/lib/libTLE.dylib
0x00000001ba489000 	/usr/lib/libmis.dylib
0x00000001f1f6b000 	/System/Library/PrivateFrameworks/ConfigProfileHelper.framework/Versions/A/ConfigProfileHelper
0x00000001aa541000 	/System/Library/PrivateFrameworks/Espresso.framework/Versions/A/Espresso
0x00000001981a1000 	/System/Library/Frameworks/CoreML.framework/Versions/A/CoreML
0x00000001e6721000 	/usr/lib/libedit.3.dylib
0x000000022fa5c000 	/System/Library/PrivateFrameworks/ANECompiler.framework/Versions/A/ANECompiler
0x00000001ac616000 	/System/Library/PrivateFrameworks/AppleNeuralEngine.framework/Versions/A/AppleNeuralEngine
0x0000000260e59000 	/System/Library/PrivateFrameworks/MIL.framework/Versions/A/MIL
0x00000002369df000 	/System/Library/Frameworks/MetalPerformanceShadersGraph.framework/Versions/A/MetalPerformanceShadersGraph
0x00000002615c8000 	/System/Library/PrivateFrameworks/MLCompilerServices.framework/Versions/A/MLCompilerServices
0x00000001ab393000 	/System/Library/PrivateFrameworks/ANEServices.framework/Versions/A/ANEServices
0x00000001bf740000 	/usr/lib/libncurses.5.4.dylib
0x000000019164e000 	/usr/lib/libsandbox.1.dylib
0x000000019e8f8000 	/usr/lib/libMatch.1.dylib
0x000000026ae48000 	/System/Library/PrivateFrameworks/ODIE.framework/Versions/A/ODIE
0x0000000264255000 	/System/Library/PrivateFrameworks/MLModelAsset.framework/Versions/A/MLModelAsset
0x000000026156e000 	/System/Library/PrivateFrameworks/MLCompilerRuntime.framework/Versions/A/MLCompilerRuntime
0x000000019c5d3000 	/System/Library/Frameworks/MLCompute.framework/Versions/A/MLCompute
0x00000002614f0000 	/System/Library/PrivateFrameworks/MLAssetIO.framework/Versions/A/MLAssetIO
0x00000002919e9000 	/usr/lib/swift/libswiftMLCompute.dylib
0x00000001a7498000 	/System/Library/PrivateFrameworks/AVFCore.framework/Versions/A/AVFCore
0x00000001b0ca6000 	/System/Library/PrivateFrameworks/AVFCapture.framework/Versions/A/AVFCapture
0x0000000243b1a000 	/System/Library/PrivateFrameworks/CMImaging.framework/Versions/A/CMImaging
0x00000001b0ee8000 	/System/Library/PrivateFrameworks/Quagga.framework/Versions/A/Quagga
0x00000001b1019000 	/System/Library/PrivateFrameworks/CMCapture.framework/Versions/A/CMCapture
0x00000001a135e000 	/System/Library/Frameworks/CoreMediaIO.framework/Versions/A/CoreMediaIO
0x0000000243a55000 	/System/Library/PrivateFrameworks/CMCaptureDevice.framework/Versions/A/CMCaptureDevice
0x000000019ed33000 	/System/Library/PrivateFrameworks/CoreBrightness.framework/Versions/A/CoreBrightness
0x0000000244bde000 	/System/Library/PrivateFrameworks/CinematicFraming.framework/Versions/A/CinematicFraming
0x0000000267330000 	/System/Library/PrivateFrameworks/ModelManagerServices.framework/Versions/A/ModelManagerServices
0x00000001d4f6f000 	/System/Library/PrivateFrameworks/CPMS.framework/Versions/A/CPMS
0x000000027eb7d000 	/System/Library/PrivateFrameworks/SystemStatus.framework/Versions/A/SystemStatus
0x00000001b8ec8000 	/System/Library/Frameworks/CoreMotion.framework/Versions/A/CoreMotion
0x00000001c9491000 	/System/Library/PrivateFrameworks/TimeSync.framework/Versions/A/TimeSync
0x000000024d563000 	/System/Library/PrivateFrameworks/DistributedSensing.framework/Versions/A/DistributedSensing
0x00000001c4888000 	/System/Library/PrivateFrameworks/MobileBluetooth.framework/Versions/A/MobileBluetooth
0x00000001cb14e000 	/System/Library/PrivateFrameworks/IOKitten.framework/Versions/A/IOKitten
0x0000000240d0e000 	/System/Library/PrivateFrameworks/AppleIntelligenceReporting.framework/Versions/A/AppleIntelligenceReporting
0x000000019bf1a000 	/System/Library/PrivateFrameworks/CoreEmoji.framework/Versions/A/CoreEmoji
0x000000018e7a9000 	/usr/lib/libCRFSuite.dylib
0x000000018fa89000 	/System/Library/PrivateFrameworks/LanguageModeling.framework/Versions/A/LanguageModeling
0x000000019ac2d000 	/System/Library/PrivateFrameworks/CoreNLP.framework/Versions/A/CoreNLP
0x00000001949ff000 	/System/Library/PrivateFrameworks/Montreal.framework/Versions/A/Montreal
0x000000019d08a000 	/usr/lib/libcmph.dylib
0x000000019c2b1000 	/usr/lib/libmecab.dylib
0x000000019d1fb000 	/usr/lib/libThaiTokenizer.dylib
0x0000000258398000 	/System/Library/PrivateFrameworks/GenerativeModelsFoundation.framework/Versions/A/GenerativeModelsFoundation
0x000000028195a000 	/System/Library/PrivateFrameworks/TokenGeneration.framework/Versions/A/TokenGeneration
0x000000025816c000 	/System/Library/PrivateFrameworks/GenerativeFunctions.framework/Versions/A/GenerativeFunctions
0x00000002581ba000 	/System/Library/PrivateFrameworks/GenerativeFunctionsFoundation.framework/Versions/A/GenerativeFunctionsFoundation
0x0000000266ff6000 	/System/Library/PrivateFrameworks/ModelCatalog.framework/Versions/A/ModelCatalog
0x000000027419c000 	/System/Library/PrivateFrameworks/SensitiveContentAnalysisML.framework/Versions/A/SensitiveContentAnalysisML
0x0000000258250000 	/System/Library/PrivateFrameworks/GenerativeFunctionsInstrumentation.framework/Versions/A/GenerativeFunctionsInstrumentation
0x0000000271014000 	/System/Library/PrivateFrameworks/PromptKit.framework/Versions/A/PromptKit
0x0000000270a2b000 	/System/Library/PrivateFrameworks/ProactiveDaemonSupport.framework/Versions/A/ProactiveDaemonSupport
0x0000000281b92000 	/System/Library/PrivateFrameworks/TokenGenerationCore.framework/Versions/A/TokenGenerationCore
0x00000001baf55000 	/System/Library/PrivateFrameworks/Trial.framework/Versions/A/Trial
0x00000001baed6000 	/System/Library/PrivateFrameworks/TrialProto.framework/Versions/A/TrialProto
0x000000024093a000 	/System/Library/PrivateFrameworks/AppleFlatBuffers.framework/Versions/A/AppleFlatBuffers
0x000000027446c000 	/System/Library/PrivateFrameworks/SentencePieceInternal.framework/Versions/A/SentencePieceInternal
0x00000001a5a3d000 	/System/Library/Frameworks/Vision.framework/Versions/A/Vision
0x000000024bd27000 	/System/Library/PrivateFrameworks/CoreSceneUnderstanding.framework/Versions/A/CoreSceneUnderstanding
0x00000002867d2000 	/System/Library/PrivateFrameworks/VisionCore.framework/Versions/A/VisionCore
0x00000001c3816000 	/System/Library/Frameworks/Vision.framework/libfaceCore.dylib
0x00000001c4330000 	/System/Library/PrivateFrameworks/Futhark.framework/Versions/A/Futhark
0x00000001c826e000 	/System/Library/PrivateFrameworks/InertiaCam.framework/Versions/A/InertiaCam
0x00000001c40bd000 	/System/Library/PrivateFrameworks/TextRecognition.framework/Versions/A/TextRecognition
0x000000019e795000 	/System/Library/PrivateFrameworks/CVNLP.framework/Versions/A/CVNLP
0x00000001e0866000 	/System/Library/PrivateFrameworks/HIDDisplay.framework/Versions/A/HIDDisplay
0x000000019f88d000 	/System/Library/Frameworks/ApplicationServices.framework/Versions/A/Frameworks/ATSUI.framework/Versions/A/ATSUI
0x00000001a1542000 	/usr/lib/libcups.2.dylib
0x00000001a15d8000 	/System/Library/Frameworks/Kerberos.framework/Versions/A/Kerberos
0x00000001a1249000 	/usr/lib/libresolv.9.dylib
0x000000019ec4e000 	/System/Library/PrivateFrameworks/Heimdal.framework/Versions/A/Heimdal
0x00000001aa3b6000 	/System/Library/Frameworks/Kerberos.framework/Versions/A/Libraries/libHeimdalProxy.dylib
0x00000001a163c000 	/System/Library/PrivateFrameworks/CommonAuth.framework/Versions/A/CommonAuth
0x00000001b3298000 	/System/Library/PrivateFrameworks/AXCoreUtilities.framework/Versions/A/AXCoreUtilities
0x000000028fdef000 	/usr/lib/libAXSafeCategoryBundle.dylib
0x000000023ad6a000 	/System/Library/Frameworks/TabularData.framework/Versions/A/TabularData
0x0000000241bba000 	/System/Library/PrivateFrameworks/ArgumentParserInternal.framework/Versions/A/ArgumentParserInternal
0x000000019bddc000 	/System/Library/Frameworks/Accelerate.framework/Versions/A/Frameworks/vecLib.framework/Versions/A/libvDSP.dylib
0x000000019d34a000 	/System/Library/Frameworks/Accelerate.framework/Versions/A/Frameworks/vecLib.framework/Versions/A/libLAPACK.dylib
0x000000019c313000 	/System/Library/Frameworks/Accelerate.framework/Versions/A/Frameworks/vecLib.framework/Versions/A/libLinearAlgebra.dylib
0x000000019d241000 	/System/Library/Frameworks/Accelerate.framework/Versions/A/Frameworks/vecLib.framework/Versions/A/libSparseBLAS.dylib
0x000000019d345000 	/System/Library/Frameworks/Accelerate.framework/Versions/A/Frameworks/vecLib.framework/Versions/A/libQuadrature.dylib
0x000000019ad54000 	/System/Library/Frameworks/Accelerate.framework/Versions/A/Frameworks/vecLib.framework/Versions/A/libBNNS.dylib
0x000000018e5a7000 	/System/Library/Frameworks/Accelerate.framework/Versions/A/Frameworks/vecLib.framework/Versions/A/libSparse.dylib
0x00000001a15a1000 	/System/Library/PrivateFrameworks/NetAuth.framework/Versions/A/NetAuth
0x0000000197c36000 	/System/Library/PrivateFrameworks/login.framework/Versions/A/Frameworks/loginsupport.framework/Versions/A/loginsupport
0x000000019c27b000 	/usr/lib/libCheckFix.dylib
0x0000000196dbc000 	/System/Library/PrivateFrameworks/MetadataUtilities.framework/Versions/A/MetadataUtilities
0x000000025c37e000 	/System/Library/PrivateFrameworks/InstalledContentLibrary.framework/Versions/A/InstalledContentLibrary
0x0000000191512000 	/System/Library/PrivateFrameworks/CoreServicesStore.framework/Versions/A/CoreServicesStore
0x00000001cdda5000 	/System/Library/PrivateFrameworks/MobileSystemServices.framework/Versions/A/MobileSystemServices
0x000000019e61a000 	/usr/lib/libxslt.1.dylib
0x000000019c23a000 	/System/Library/PrivateFrameworks/BackgroundTaskManagement.framework/Versions/A/BackgroundTaskManagement
0x00000001a9a48000 	/usr/lib/libcurl.4.dylib
0x0000000290af3000 	/usr/lib/libcrypto.46.dylib
0x0000000291692000 	/usr/lib/libssl.48.dylib
0x00000001a9722000 	/System/Library/Frameworks/LDAP.framework/Versions/A/LDAP
0x00000001a975e000 	/System/Library/PrivateFrameworks/TrustEvaluationAgent.framework/Versions/A/TrustEvaluationAgent
0x00000001a1266000 	/usr/lib/libsasl2.2.dylib
0x00000001b739d000 	/usr/lib/swift/libswiftCoreGraphics.dylib
0x00000001a60d7000 	/usr/lib/swift/libswiftFoundation.dylib
0x00000001f190f000 	/usr/lib/swift/libswiftSwiftOnoneSupport.dylib
0x0000000291d40000 	/usr/lib/swift/libswiftsys_time.dylib
0x00000001dc550000 	/System/Library/PrivateFrameworks/CoreMaterial.framework/Versions/A/CoreMaterial
0x00000002902eb000 	/usr/lib/libSpatial.dylib
0x000000028fd0c000 	/System/Library/SubFrameworks/UIUtilities.framework/Versions/A/UIUtilities
0x000000010605c000 	/Library/Java/JavaVirtualMachines/zulu-21.jdk/Contents/Home/lib/server/libjvm.dylib
0x0000000100324000 	/Library/Java/JavaVirtualMachines/zulu-21.jdk/Contents/Home/lib/libjimage.dylib
0x00000001003a8000 	/Library/Java/JavaVirtualMachines/zulu-21.jdk/Contents/Home/lib/libjava.dylib
0x0000000100794000 	/Library/Java/JavaVirtualMachines/zulu-21.jdk/Contents/Home/lib/libnio.dylib
0x0000000105f5c000 	/Library/Java/JavaVirtualMachines/zulu-21.jdk/Contents/Home/lib/libnet.dylib
0x0000000105f78000 	/Library/Java/JavaVirtualMachines/zulu-21.jdk/Contents/Home/lib/libzip.dylib
0x000000012d1d0000 	/Users/leandroferreira/.skiko/skiko-macos-arm64-f7676395835316696f9b2a762705c307cbdd703545a02fc1b1154a13df96fb64/libskiko-macos-arm64.dylib
0x000000011e990000 	/Library/Java/JavaVirtualMachines/zulu-21.jdk/Contents/Home/lib/libawt.dylib
0x000000011ea48000 	/Library/Java/JavaVirtualMachines/zulu-21.jdk/Contents/Home/lib/libmlib_image.dylib
0x0000000235b37000 	/System/Library/Frameworks/JavaRuntimeSupport.framework/Versions/A/JavaRuntimeSupport
0x00000001b8ec7000 	/System/Library/Frameworks/Carbon.framework/Versions/A/Carbon
0x00000001af0c6000 	/System/Library/Frameworks/Carbon.framework/Versions/A/Frameworks/CommonPanels.framework/Versions/A/CommonPanels
0x00000001a9a33000 	/System/Library/Frameworks/Carbon.framework/Versions/A/Frameworks/Help.framework/Versions/A/Help
0x00000001af0ca000 	/System/Library/Frameworks/Carbon.framework/Versions/A/Frameworks/ImageCapture.framework/Versions/A/ImageCapture
0x00000001af0a5000 	/System/Library/Frameworks/Carbon.framework/Versions/A/Frameworks/OpenScripting.framework/Versions/A/OpenScripting
0x00000001af0c5000 	/System/Library/Frameworks/Carbon.framework/Versions/A/Frameworks/Ink.framework/Versions/A/Ink
0x00000001af0c2000 	/System/Library/Frameworks/Carbon.framework/Versions/A/Frameworks/SecurityHI.framework/Versions/A/SecurityHI
0x000000029015f000 	/usr/lib/libInterpreterSecurity.dylib
0x00000001cfb21000 	/System/Library/PrivateFrameworks/XprotectFramework.framework/Versions/A/XprotectFramework
0x00000001b26a9000 	/System/Library/PrivateFrameworks/yara.framework/Versions/A/yara
0x00000002900dc000 	/usr/lib/libEndpointSecuritySystem.dylib
0x000000011ebe8000 	/Library/Java/JavaVirtualMachines/zulu-21.jdk/Contents/Home/lib/libawt_lwawt.dylib
0x0000000105fa0000 	/Library/Java/JavaVirtualMachines/zulu-21.jdk/Contents/Home/lib/libosxapp.dylib
0x00000001b7406000 	/System/Library/Frameworks/ExceptionHandling.framework/Versions/A/ExceptionHandling
0x000000011ee74000 	/Library/Java/JavaVirtualMachines/zulu-21.jdk/Contents/Home/lib/libfontmanager.dylib
0x000000011ed18000 	/Library/Java/JavaVirtualMachines/zulu-21.jdk/Contents/Home/lib/libfreetype.dylib
0x0000000232f01000 	/System/Library/Frameworks/AppIntents.framework/Versions/A/AppIntents
0x00000002394c2000 	/System/Library/Frameworks/RelevanceKit.framework/Versions/A/RelevanceKit
0x000000019ce27000 	/System/Library/Frameworks/CoreSpotlight.framework/Versions/A/CoreSpotlight
0x00000002608b0000 	/System/Library/PrivateFrameworks/LinkServices.framework/Versions/A/LinkServices
0x00000001a639c000 	/System/Library/Frameworks/Contacts.framework/Versions/A/Contacts
0x000000023f584000 	/System/Library/PrivateFrameworks/AppIntentsTypeSupport.framework/Versions/A/AppIntentsTypeSupport
0x000000024d65f000 	/System/Library/PrivateFrameworks/DoNotDisturb.framework/Versions/A/DoNotDisturb
0x00000002606fe000 	/System/Library/PrivateFrameworks/LinkMetadata.framework/Versions/A/LinkMetadata
0x00000001ba50d000 	/usr/lib/swift/libswiftIntents.dylib
0x00000001bf89a000 	/System/Library/PrivateFrameworks/IntentsCore.framework/Versions/A/IntentsCore
0x00000002424ca000 	/System/Library/PrivateFrameworks/AvailabilityKit.framework/Versions/A/AvailabilityKit
0x000000023f167000 	/System/Library/PrivateFrameworks/AppIntentSchemas.framework/Versions/A/AppIntentSchemas
0x000000023504e000 	/System/Library/Frameworks/GeoToolbox.framework/Versions/A/GeoToolbox
0x0000000254ffe000 	/System/Library/PrivateFrameworks/GRDBInternal.framework/Versions/A/GRDBInternal
0x000000027d6e9000 	/System/Library/PrivateFrameworks/StatusKit.framework/Versions/A/StatusKit
0x00000001a61b3000 	/System/Library/PrivateFrameworks/ContactsPersistence.framework/Versions/A/ContactsPersistence
0x00000001a5307000 	/System/Library/PrivateFrameworks/AppleLDAP.framework/Versions/A/AppleLDAP
0x00000001a9de6000 	/System/Library/Frameworks/ClassKit.framework/Versions/A/ClassKit
0x00000001ac095000 	/System/Library/PrivateFrameworks/CoreSuggestions.framework/Versions/A/CoreSuggestions
0x00000001a60d8000 	/System/Library/PrivateFrameworks/ContactsFoundation.framework/Versions/A/ContactsFoundation
0x00000001a786f000 	/System/Library/PrivateFrameworks/vCard.framework/Versions/A/vCard
0x000000024602f000 	/System/Library/PrivateFrameworks/ContactsMetrics.framework/Versions/A/ContactsMetrics
0x000000019ed0f000 	/System/Library/PrivateFrameworks/login.framework/Versions/A/login
0x0000000264ce4000 	/System/Library/PrivateFrameworks/ManagedOrganizationContacts.framework/Versions/A/ManagedOrganizationContacts
0x00000001980cc000 	/System/Library/PrivateFrameworks/CloudDocs.framework/Versions/A/CloudDocs
0x00000001b2c4c000 	/System/Library/PrivateFrameworks/ProactiveEventTracker.framework/Versions/A/ProactiveEventTracker
0x00000001a6cb9000 	/System/Library/PrivateFrameworks/GenerationalStorage.framework/Versions/A/GenerationalStorage
0x00000001a1732000 	/System/Library/PrivateFrameworks/CacheDelete.framework/Versions/A/CacheDelete
0x00000001aa4f3000 	/System/Library/Frameworks/QuickLookThumbnailing.framework/Versions/A/QuickLookThumbnailing
0x00000001a6ae2000 	/System/Library/Frameworks/FileProvider.framework/Versions/A/FileProvider
0x0000000192f9e000 	/System/Library/PrivateFrameworks/DesktopServicesPriv.framework/Versions/A/DesktopServicesPriv
0x00000001b9f68000 	/System/Library/PrivateFrameworks/FTServices.framework/Versions/A/FTServices
0x00000001b233d000 	/System/Library/PrivateFrameworks/CloudServices.framework/Versions/A/CloudServices
0x0000000199586000 	/System/Library/Frameworks/CoreLocation.framework/Versions/A/CoreLocation
0x00000001a8b73000 	/System/Library/Frameworks/Intents.framework/Versions/A/Intents
0x000000019ca4f000 	/System/Library/PrivateFrameworks/AuthKit.framework/Versions/A/AuthKit
0x00000001c0e1e000 	/usr/lib/swift/libswiftCoreLocation.dylib
0x00000001a2cf2000 	/System/Library/PrivateFrameworks/Sharing.framework/Versions/A/Sharing
0x00000001a2677000 	/System/Library/PrivateFrameworks/IDSFoundation.framework/Versions/A/IDSFoundation
0x00000001a91ec000 	/System/Library/PrivateFrameworks/Apple80211.framework/Versions/A/Apple80211
0x000000019bf88000 	/System/Library/Frameworks/CoreWLAN.framework/Versions/A/CoreWLAN
0x00000001a0e5a000 	/System/Library/PrivateFrameworks/IMFoundation.framework/Versions/A/IMFoundation
0x00000001b26a8000 	/System/Library/PrivateFrameworks/Marco.framework/Versions/A/Marco
0x0000000195368000 	/System/Library/PrivateFrameworks/CommonUtilities.framework/Versions/A/CommonUtilities
0x00000001af08d000 	/System/Library/PrivateFrameworks/Engram.framework/Versions/A/Engram
0x000000028a63e000 	/System/Library/PrivateFrameworks/XPCDistributed.framework/Versions/A/XPCDistributed
0x00000001af02b000 	/usr/lib/libtidy.A.dylib
0x000000019ef62000 	/System/Library/PrivateFrameworks/Bom.framework/Versions/A/Bom
0x00000001a1286000 	/usr/lib/libParallelCompression.dylib
0x00000001a1279000 	/System/Library/PrivateFrameworks/MultiverseSupport.framework/Versions/A/MultiverseSupport
0x00000001a69c0000 	/System/Library/PrivateFrameworks/DiskManagement.framework/Versions/A/DiskManagement
0x00000001a68cf000 	/System/Library/PrivateFrameworks/AppleIDAuthSupport.framework/Versions/A/AppleIDAuthSupport
0x000000023c601000 	/System/Library/PrivateFrameworks/AAAFoundation.framework/Versions/A/AAAFoundation
0x00000001a1781000 	/System/Library/PrivateFrameworks/KeychainCircle.framework/Versions/A/KeychainCircle
0x00000001b328e000 	/System/Library/PrivateFrameworks/URLFormatting.framework/Versions/A/URLFormatting
0x00000001a9a3c000 	/usr/lib/libcsfde.dylib
0x000000019e900000 	/usr/lib/libCoreStorage.dylib
0x00000001a31d1000 	/System/Library/PrivateFrameworks/ProtectedCloudStorage.framework/Versions/A/ProtectedCloudStorage
0x00000001a9a37000 	/System/Library/PrivateFrameworks/EFILogin.framework/Versions/A/EFILogin
0x00000001a6ce0000 	/System/Library/PrivateFrameworks/OctagonTrust.framework/Versions/A/OctagonTrust
0x00000001a2451000 	/System/Library/PrivateFrameworks/IDS.framework/Versions/A/IDS
0x00000001a7943000 	/System/Library/Frameworks/LocalAuthentication.framework/Versions/A/LocalAuthentication
0x0000000260aee000 	/System/Library/PrivateFrameworks/LocalAuthenticationCore.framework/Versions/A/LocalAuthenticationCore
0x0000000260cb6000 	/System/Library/PrivateFrameworks/LocalAuthenticationCredentialServices.framework/Versions/A/LocalAuthenticationCredentialServices
0x00000001a79b0000 	/System/Library/Frameworks/LocalAuthentication.framework/Support/SharedUtils.framework/Versions/A/SharedUtils
0x0000000241e75000 	/System/Library/PrivateFrameworks/AsyncAlgorithmsInternal.framework/Versions/A/AsyncAlgorithmsInternal
0x00000001c8efc000 	/System/Library/PrivateFrameworks/FTAWD.framework/Versions/A/FTAWD
0x00000001aa47b000 	/System/Library/PrivateFrameworks/IntentsFoundation.framework/Versions/A/IntentsFoundation
0x0000000197c39000 	/System/Library/PrivateFrameworks/ApplePushService.framework/Versions/A/ApplePushService
0x0000000197ca4000 	/System/Library/Frameworks/CloudKit.framework/Versions/A/CloudKit
0x00000001d0f2e000 	/System/Library/PrivateFrameworks/DeviceIdentity.framework/Versions/A/DeviceIdentity
0x000000023994c000 	/System/Library/Frameworks/SharedWithYouCore.framework/Versions/A/SharedWithYouCore
0x00000002454bd000 	/System/Library/PrivateFrameworks/CloudTelemetry.framework/Versions/A/CloudTelemetry
0x00000001a9eae000 	/System/Library/PrivateFrameworks/AppleAccount.framework/Versions/A/AppleAccount
0x00000001aa496000 	/System/Library/PrivateFrameworks/C2.framework/Versions/A/C2
0x0000000245111000 	/System/Library/PrivateFrameworks/CloudCoreInternal.framework/Versions/A/CloudCoreInternal
0x0000000244e79000 	/System/Library/PrivateFrameworks/CloudAsset.framework/Versions/A/CloudAsset
0x00000001aa48c000 	/System/Library/Frameworks/PushKit.framework/Versions/A/PushKit
0x00000002454e2000 	/System/Library/PrivateFrameworks/CloudTelemetryTools.framework/Versions/A/CloudTelemetryTools
0x00000002454d3000 	/System/Library/PrivateFrameworks/CloudTelemetryShared.dylib
0x00000001ac36c000 	/System/Library/PrivateFrameworks/RTCReporting.framework/Versions/A/RTCReporting
0x000000023c624000 	/System/Library/PrivateFrameworks/AAAFoundationSwift.framework/Versions/A/AAAFoundationSwift
0x00000001aa134000 	/System/Library/PrivateFrameworks/AppleIDSSOAuthentication.framework/Versions/A/AppleIDSSOAuthentication
0x00000001978d3000 	/System/Library/PrivateFrameworks/ViewBridge.framework/Versions/A/ViewBridge
0x000000023bbd7000 	/System/Library/Frameworks/_AppIntents_AppKit.framework/Versions/A/_AppIntents_AppKit
0x000000011eb90000 	/usr/lib/libobjc-trampolines.dylib
0x00000001c4430000 	/System/Library/CoreServices/RawCamera.bundle/Contents/MacOS/RawCamera
0x00000001c0e03000 	/System/Library/Frameworks/Accelerate.framework/Versions/A/Frameworks/vImage.framework/Versions/A/Libraries/libCGInterfaces.dylib
0x000000028fdf3000 	/usr/lib/libAccessibilityBaseImplementations.dylib
0x000000028a13c000 	/System/Library/PrivateFrameworks/WritingToolsUI.framework/Versions/A/WritingToolsUI
0x0000000257f87000 	/System/Library/PrivateFrameworks/GenerativeAssistantSettings.framework/Versions/A/GenerativeAssistantSettings
0x000000027f456000 	/System/Library/PrivateFrameworks/TextComposer.framework/Versions/A/TextComposer
0x0000000257f5a000 	/System/Library/PrivateFrameworks/GenerativeAssistantCommon.framework/Versions/A/GenerativeAssistantCommon
0x00000001c1f17000 	/System/Library/Frameworks/SwiftUI.framework/Versions/A/SwiftUI
0x000000023ee84000 	/System/Library/PrivateFrameworks/Anvil.framework/Versions/A/Anvil
0x000000025840e000 	/System/Library/PrivateFrameworks/GenerativePartnerService.framework/Versions/A/GenerativePartnerService
0x0000000258439000 	/System/Library/PrivateFrameworks/GenerativePartnerServiceUI.framework/Versions/A/GenerativePartnerServiceUI
0x00000001ba104000 	/System/Library/Frameworks/SafariServices.framework/Versions/A/SafariServices
0x00000001b7496000 	/System/Library/Frameworks/WebKit.framework/Versions/A/WebKit
0x000000023bc16000 	/System/Library/Frameworks/_AuthenticationServices_SwiftUI.framework/Versions/A/_AuthenticationServices_SwiftUI
0x00000001c1496000 	/System/Library/PrivateFrameworks/AppStoreDaemon.framework/Versions/A/AppStoreDaemon
0x00000001aca1b000 	/System/Library/PrivateFrameworks/AppleMediaServices.framework/Versions/A/AppleMediaServices
0x00000001bd6a9000 	/System/Library/PrivateFrameworks/AppleMediaServicesUI.framework/Versions/A/AppleMediaServicesUI
0x00000001f0e69000 	/System/Library/PrivateFrameworks/JetEngine.framework/Versions/A/JetEngine
0x00000001bade6000 	/System/Library/PrivateFrameworks/OnBoardingKit.framework/Versions/A/OnBoardingKit
0x00000002747ad000 	/System/Library/PrivateFrameworks/Settings.framework/Versions/A/Settings
0x00000002348d0000 	/System/Library/Frameworks/ExtensionKit.framework/Versions/A/ExtensionKit
0x0000000234913000 	/System/Library/Frameworks/FSKit.framework/Versions/A/FSKit
0x000000027f332000 	/System/Library/PrivateFrameworks/TextAnimationSupport.framework/Versions/A/TextAnimationSupport
0x00000002718da000 	/System/Library/PrivateFrameworks/RecapPerformanceTesting.framework/Versions/A/RecapPerformanceTesting
0x00000001badd6000 	/System/Library/PrivateFrameworks/SignpostCollection.framework/Versions/A/SignpostCollection
0x00000001ac39d000 	/System/Library/Frameworks/WebKit.framework/Versions/A/Frameworks/WebKitLegacy.framework/Versions/A/WebKitLegacy
0x00000001aa185000 	/System/Library/PrivateFrameworks/CorePrediction.framework/Versions/A/CorePrediction
0x00000001989db000 	/System/Library/Frameworks/WebKit.framework/Versions/A/Frameworks/WebCore.framework/Versions/A/Frameworks/libwebrtc.dylib
0x00000001a12ee000 	/System/Library/Frameworks/SecurityInterface.framework/Versions/A/SecurityInterface
0x00000001bade5000 	/System/Library/PrivateFrameworks/WebInspectorUI.framework/Versions/A/WebInspectorUI
0x00000001af0cd000 	/System/Library/Frameworks/JavaScriptCore.framework/Versions/A/JavaScriptCore
0x00000001b33db000 	/System/Library/Frameworks/WebKit.framework/Versions/A/Frameworks/WebCore.framework/Versions/A/WebCore
0x00000002339d2000 	/System/Library/Frameworks/BrowserEngineCore.framework/Versions/A/BrowserEngineCore
0x000000023b78d000 	/System/Library/Frameworks/WebKit.framework/Versions/A/Frameworks/WebCore.framework/Versions/A/Frameworks/libANGLE-shared.dylib
0x0000000288987000 	/System/Library/PrivateFrameworks/WebGPU.framework/Versions/A/WebGPU
0x00000001bcd24000 	/System/Library/Frameworks/SceneKit.framework/Versions/A/SceneKit
0x00000001ce662000 	/System/Library/Frameworks/ModelIO.framework/Versions/A/ModelIO
0x00000001a32d1000 	/System/Library/Frameworks/MetalKit.framework/Versions/A/MetalKit
0x00000001a5615000 	/System/Library/Frameworks/GLKit.framework/Versions/A/GLKit
0x0000000292093000 	/usr/lib/usd/libusd_ms.dylib
0x0000000283b43000 	/System/Library/PrivateFrameworks/USDLib_FormatLoaderProxy.framework/Versions/A/USDLib_FormatLoaderProxy
0x0000000291d3b000 	/usr/lib/swift/libswift_errno.dylib
0x00000001b9f49000 	/System/Library/PrivateFrameworks/CoreOptimization.framework/Versions/A/CoreOptimization
0x0000000242377000 	/System/Library/PrivateFrameworks/AuthenticationServicesCore.framework/Versions/A/AuthenticationServicesCore
0x00000001c48c8000 	/System/Library/Frameworks/AuthenticationServices.framework/Versions/A/AuthenticationServices
0x000000019e893000 	/System/Library/PrivateFrameworks/SharedWebCredentials.framework/Versions/A/SharedWebCredentials
0x00000001bbcb0000 	/System/Library/PrivateFrameworks/SafariCore.framework/Versions/A/SafariCore
0x00000001c43d9000 	/System/Library/PrivateFrameworks/SafariFoundation.framework/Versions/A/SafariFoundation
0x00000002436ca000 	/System/Library/PrivateFrameworks/CBORLibrary.framework/Versions/A/CBORLibrary
0x000000024472c000 	/System/Library/PrivateFrameworks/Chirp.framework/Versions/A/Chirp
0x0000000245380000 	/System/Library/PrivateFrameworks/CloudSubscriptionFeatures.framework/Versions/A/CloudSubscriptionFeatures
0x00000001f22aa000 	/System/Library/PrivateFrameworks/RemoteManagement.framework/Versions/A/RemoteManagement
0x0000000271cc9000 	/System/Library/PrivateFrameworks/RemoteManagementModel.framework/Versions/A/RemoteManagementModel
0x0000000271d5a000 	/System/Library/PrivateFrameworks/RemoteManagementStore.framework/Versions/A/RemoteManagementStore
0x00000001a32f0000 	/usr/lib/libxcselect.dylib
0x00000001c4348000 	/System/Library/PrivateFrameworks/DifferentialPrivacy.framework/Versions/A/DifferentialPrivacy
0x0000000264cea000 	/System/Library/PrivateFrameworks/ManagedSettingsObjC.framework/Versions/A/ManagedSettingsObjC
0x00000001ab574000 	/System/Library/PrivateFrameworks/ConfigurationProfiles.framework/Versions/A/ConfigurationProfiles
0x0000000260d40000 	/System/Library/PrivateFrameworks/LockdownMode.framework/Versions/A/LockdownMode
0x0000000284805000 	/System/Library/PrivateFrameworks/VDAF.framework/Versions/A/VDAF
0x00000001a59fc000 	/System/Library/PrivateFrameworks/SystemAdministration.framework/Versions/A/SystemAdministration
0x00000001b0bad000 	/System/Library/PrivateFrameworks/PowerlogControl.framework/Versions/A/PowerlogControl
0x00000001b0baf000 	/usr/lib/libUniversalAccess.dylib
0x00000001ad4eb000 	/System/Library/PrivateFrameworks/FamilyControls.framework/Versions/A/FamilyControls
0x00000001a52db000 	/System/Library/Frameworks/DirectoryService.framework/Versions/A/DirectoryService
0x00000001a9ac9000 	/System/Library/PrivateFrameworks/LoginUIKit.framework/Versions/A/Frameworks/LoginUICore.framework/Versions/A/LoginUICore
0x000000019ef60000 	/usr/lib/libodfde.dylib
0x00000001ad4e5000 	/System/Library/PrivateFrameworks/UniversalAccess.framework/Versions/A/Libraries/libUAPreferences.dylib
0x00000001ad50d000 	/System/Library/PrivateFrameworks/CommerceKit.framework/Versions/A/Frameworks/CommerceCore.framework/Versions/A/CommerceCore
0x00000001a1328000 	/System/Library/PrivateFrameworks/CoreFollowUp.framework/Versions/A/CoreFollowUp
0x000000024c6fd000 	/System/Library/PrivateFrameworks/DMCUtilities.framework/Versions/A/DMCUtilities
0x0000000260dcf000 	/System/Library/PrivateFrameworks/MDMClientLibrary.framework/Versions/A/MDMClientLibrary
0x0000000271d4e000 	/System/Library/PrivateFrameworks/RemoteManagementProtocol.framework/Versions/A/RemoteManagementProtocol
0x000000024c65f000 	/System/Library/PrivateFrameworks/DEPClientLibrary.framework/Versions/A/DEPClientLibrary
0x000000024c68c000 	/System/Library/PrivateFrameworks/DMCEnrollmentLibrary.framework/Versions/A/DMCEnrollmentLibrary
0x00000001b0c94000 	/System/Library/PrivateFrameworks/SetupAssistantFramework.framework/Versions/A/SetupAssistantFramework
0x00000001aa1db000 	/System/Library/PrivateFrameworks/AuthKitUI.framework/Versions/A/AuthKitUI
0x00000001a9b13000 	/System/Library/PrivateFrameworks/AppSSO.framework/Versions/A/AppSSO
0x00000001c11e9000 	/System/Library/PrivateFrameworks/LocalAuthenticationUI.framework/Versions/A/LocalAuthenticationUI
0x000000026f263000 	/System/Library/PrivateFrameworks/PlatformSSO.framework/Versions/A/PlatformSSO
0x000000026f351000 	/System/Library/PrivateFrameworks/PlatformSSOCore.framework/Versions/A/PlatformSSOCore
0x0000000235bc7000 	/System/Library/Frameworks/LocalAuthenticationEmbeddedUI.framework/Versions/A/LocalAuthenticationEmbeddedUI
0x00000001c1ce1000 	/System/Library/PrivateFrameworks/AOSUI.framework/Versions/A/AOSUI
0x00000001b2a0d000 	/System/Library/Frameworks/ContactsUI.framework/Versions/A/ContactsUI
0x00000001a665b000 	/System/Library/PrivateFrameworks/FamilyCircle.framework/Versions/A/FamilyCircle
0x00000001cff30000 	/System/Library/Frameworks/LinkPresentation.framework/Versions/A/LinkPresentation
0x00000001b258d000 	/System/Library/PrivateFrameworks/IASUtilities.framework/Versions/A/IASUtilities
0x000000025b7c1000 	/System/Library/PrivateFrameworks/IASUtilitiesCore.framework/Versions/A/IASUtilitiesCore
0x0000000271dc3000 	/System/Library/PrivateFrameworks/RemoteUI.framework/Versions/A/RemoteUI
0x0000000260053000 	/System/Library/PrivateFrameworks/LiftUI.framework/Versions/A/LiftUI
0x000000028a763000 	/System/Library/PrivateFrameworks/_IconServices_SwiftUI.framework/Versions/A/_IconServices_SwiftUI
0x00000002452b6000 	/System/Library/PrivateFrameworks/CloudSettings.framework/Versions/A/CloudSettings
0x00000001ac168000 	/System/Library/Frameworks/EventKit.framework/Versions/A/EventKit
0x00000001bafff000 	/System/Library/PrivateFrameworks/SearchFoundation.framework/Versions/A/SearchFoundation
0x00000001d2097000 	/System/Library/PrivateFrameworks/Email.framework/Versions/A/Email
0x00000001b9b58000 	/System/Library/PrivateFrameworks/CoreRoutine.framework/Versions/A/CoreRoutine
0x00000001f1c03000 	/System/Library/PrivateFrameworks/VoiceShortcutClient.framework/Versions/A/VoiceShortcutClient
0x00000001c9add000 	/System/Library/PrivateFrameworks/Categories.framework/Versions/A/Categories
0x00000001c1b85000 	/System/Library/PrivateFrameworks/ChronoServices.framework/Versions/A/ChronoServices
0x0000000244163000 	/System/Library/PrivateFrameworks/CalendarDatabase.framework/Versions/A/CalendarDatabase
0x00000002440a4000 	/System/Library/PrivateFrameworks/CalendarDaemon.framework/Versions/A/CalendarDaemon
0x00000001ab4af000 	/System/Library/PrivateFrameworks/CalendarFoundation.framework/Versions/A/CalendarFoundation
0x00000001ab46a000 	/System/Library/PrivateFrameworks/iCalendar.framework/Versions/A/iCalendar
0x000000024c902000 	/System/Library/PrivateFrameworks/DataAccessExpress.framework/Versions/A/DataAccessExpress
0x00000001b2b75000 	/System/Library/PrivateFrameworks/ContactsAutocomplete.framework/Versions/A/ContactsAutocomplete
0x00000001c1ad1000 	/System/Library/PrivateFrameworks/FTClientServices.framework/Versions/A/FTClientServices
0x000000027dd73000 	/System/Library/PrivateFrameworks/StorageContainersPrivate.framework/Versions/A/StorageContainersPrivate
0x00000002919ca000 	/usr/lib/swift/libswiftCoreMediaIO.dylib
0x00000001b240e000 	/System/Library/PrivateFrameworks/CoreDAV.framework/Versions/A/CoreDAV
0x00000001ac032000 	/System/Library/PrivateFrameworks/CalDAV.framework/Versions/A/CalDAV
0x00000001b70eb000 	/System/Library/PrivateFrameworks/TelephonyUtilities.framework/Versions/A/TelephonyUtilities
0x0000000235b83000 	/System/Library/Frameworks/LiveCommunicationKit.framework/Versions/A/LiveCommunicationKit
0x0000000245bdb000 	/System/Library/PrivateFrameworks/CommunicationTrust.framework/Versions/A/CommunicationTrust
0x00000001bbabf000 	/System/Library/Frameworks/CallKit.framework/Versions/A/CallKit
0x00000001a6654000 	/System/Library/PrivateFrameworks/CommunicationsFilter.framework/Versions/A/CommunicationsFilter
0x00000001e6860000 	/System/Library/PrivateFrameworks/IMTransferServices.framework/Versions/A/IMTransferServices
0x00000001b9f62000 	/System/Library/PrivateFrameworks/IncomingCallFilter.framework/Versions/A/IncomingCallFilter
0x000000026a01b000 	/System/Library/PrivateFrameworks/NeighborhoodActivityConduit.framework/Versions/A/NeighborhoodActivityConduit
0x00000001be070000 	/System/Library/PrivateFrameworks/CallHistory.framework/Versions/A/CallHistory
0x000000028ff6c000 	/usr/lib/libBASupport.dylib
0x00000002445aa000 	/System/Library/PrivateFrameworks/CallsUtilities.framework/Versions/A/CallsUtilities
0x00000002445b6000 	/System/Library/PrivateFrameworks/CallsXPC.framework/Versions/A/CallsXPC
0x00000001f2415000 	/usr/lib/swift/libswiftCallKit.dylib
0x000000024459c000 	/System/Library/PrivateFrameworks/CallsPersistence.framework/Versions/A/CallsPersistence
0x000000023979a000 	/System/Library/Frameworks/SensitiveContentAnalysis.framework/Versions/A/SensitiveContentAnalysis
0x00000001bf0ee000 	/System/Library/PrivateFrameworks/PeopleSuggester.framework/Versions/A/PeopleSuggester
0x00000001c8857000 	/System/Library/PrivateFrameworks/SpotlightReceiver.framework/Versions/A/SpotlightReceiver
0x000000028a723000 	/System/Library/PrivateFrameworks/_AppIntentsServices_AppIntents.framework/Versions/A/_AppIntentsServices_AppIntents
0x000000023f2e9000 	/System/Library/PrivateFrameworks/AppIntentsServices.framework/Versions/A/AppIntentsServices
0x00000001ab453000 	/System/Library/PrivateFrameworks/CoreRecents.framework/Versions/A/CoreRecents
0x000000023bc99000 	/System/Library/Frameworks/_GeoToolbox_AppIntents.framework/Versions/A/_GeoToolbox_AppIntents
0x00000001dbef6000 	/System/Library/PrivateFrameworks/DiagnosticRequest.framework/Versions/A/DiagnosticRequest
0x000000027198b000 	/System/Library/PrivateFrameworks/RegulatoryDomain.framework/Versions/A/RegulatoryDomain
0x00000001a56ee000 	/usr/lib/libCTGreenTeaLogger.dylib
0x0000000260d13000 	/System/Library/PrivateFrameworks/LocalStatusKit.framework/Versions/A/LocalStatusKit
0x00000001b6fd2000 	/System/Library/PrivateFrameworks/CoreParsec.framework/Versions/A/CoreParsec
0x00000001d208b000 	/System/Library/PrivateFrameworks/EmailAddressing.framework/Versions/A/EmailAddressing
0x00000001cde6b000 	/System/Library/PrivateFrameworks/EmailCore.framework/Versions/A/EmailCore
0x00000001cef5f000 	/System/Library/PrivateFrameworks/EmailFoundation.framework/Versions/A/EmailFoundation
0x000000026cb39000 	/System/Library/PrivateFrameworks/PegasusAPI.framework/Versions/A/PegasusAPI
0x000000026d8f5000 	/System/Library/PrivateFrameworks/PegasusConfiguration.framework/Versions/A/PegasusConfiguration
0x0000000281f70000 	/System/Library/PrivateFrameworks/ToolKit.framework/Versions/A/ToolKit
0x000000027217d000 	/System/Library/PrivateFrameworks/ReplicatorEngine.framework/Versions/A/ReplicatorEngine
0x0000000272338000 	/System/Library/PrivateFrameworks/ReplicatorServices.framework/Versions/A/ReplicatorServices
0x000000027ebf6000 	/System/Library/PrivateFrameworks/SystemWake.framework/Versions/A/SystemWake
0x00000001bbc96000 	/System/Library/PrivateFrameworks/ContextKit.framework/Versions/A/ContextKit
0x0000000246179000 	/System/Library/PrivateFrameworks/ContextKitCore.framework/Versions/A/ContextKitCore
0x00000001ba1f9000 	/System/Library/Frameworks/LocalAuthentication.framework/Support/DaemonUtils.framework/Versions/A/DaemonUtils
0x0000000260c75000 	/System/Library/PrivateFrameworks/LocalAuthenticationCoreUI.framework/Versions/A/LocalAuthenticationCoreUI
0x00000001bd66f000 	/System/Library/PrivateFrameworks/BridgeXPC.framework/Versions/A/BridgeXPC
0x00000001baec6000 	/System/Library/PrivateFrameworks/CoreKDL.framework/Versions/A/CoreKDL
0x00000001b94ec000 	/System/Library/PrivateFrameworks/EmbeddedOSSupportHost.framework/Versions/A/EmbeddedOSSupportHost
0x00000001ae047000 	/System/Library/PrivateFrameworks/LoginUIKit.framework/Versions/A/LoginUIKit
0x00000001c9fdd000 	/System/Library/PrivateFrameworks/StorageKit.framework/Versions/A/StorageKit
0x00000002310d6000 	/System/Library/Frameworks/DeviceCheck.framework/Versions/A/DeviceCheck
0x000000024d30a000 	/System/Library/PrivateFrameworks/DiskImages2.framework/Versions/A/DiskImages2
0x00000001ca057000 	/System/Library/PrivateFrameworks/CoreWLANKit.framework/Versions/A/CoreWLANKit
0x0000000287cdd000 	/System/Library/PrivateFrameworks/Wallpaper.framework/Versions/A/Wallpaper
0x00000002919e5000 	/usr/lib/swift/libswiftGLKit.dylib
0x00000002919f1000 	/usr/lib/swift/libswiftMetalKit.dylib
0x00000002919f3000 	/usr/lib/swift/libswiftModelIO.dylib
0x0000000291ab6000 	/usr/lib/swift/libswiftSceneKit.dylib
0x00000001d3013000 	/System/Library/PrivateFrameworks/DynamicDesktop.framework/Versions/A/DynamicDesktop
0x0000000287e70000 	/System/Library/PrivateFrameworks/WallpaperFoundation.framework/Versions/A/WallpaperFoundation
0x0000000287ecf000 	/System/Library/PrivateFrameworks/WallpaperTypes.framework/Versions/A/WallpaperTypes
0x00000001e8656000 	/System/Library/PrivateFrameworks/SystemDesktopAppearance.framework/Versions/A/SystemDesktopAppearance
0x000000028d834000 	/System/Library/PrivateFrameworks/icloudMCCKit.framework/Versions/A/icloudMCCKit
0x0000000240635000 	/System/Library/PrivateFrameworks/AppleAccountUI.framework/Versions/A/AppleAccountUI
0x00000001dc51c000 	/System/Library/PrivateFrameworks/PreferencePanesSupport.framework/Versions/A/PreferencePanesSupport
0x00000001c1e8f000 	/System/Library/PrivateFrameworks/FindMyDeviceUI.framework/Versions/A/FindMyDeviceUI
0x000000028b40b000 	/System/Library/PrivateFrameworks/iCloudQuotaUI.framework/Versions/A/iCloudQuotaUI
0x00000001dc6cd000 	/System/Library/PrivateFrameworks/CoreCDPUI.framework/Versions/A/CoreCDPUI
0x00000001bb9ef000 	/System/Library/PrivateFrameworks/CoreFollowUpUI.framework/Versions/A/CoreFollowUpUI
0x00000001c8adb000 	/System/Library/PrivateFrameworks/IMCore.framework/Versions/A/IMCore
0x00000001b0c14000 	/System/Library/PrivateFrameworks/CoreCDP.framework/Versions/A/CoreCDP
0x00000001aca06000 	/System/Library/PrivateFrameworks/AskPermission.framework/Versions/A/AskPermission
0x00000001bf80e000 	/System/Library/Frameworks/Quartz.framework/Versions/A/Quartz
0x00000001cc541000 	/System/Library/PrivateFrameworks/CloudPhotoServicesConfiguration.framework/Versions/A/CloudPhotoServicesConfiguration
0x00000001bde90000 	/System/Library/PrivateFrameworks/CommerceKit.framework/Versions/A/CommerceKit
0x00000001cdf3d000 	/System/Library/PrivateFrameworks/FindMyMac.framework/Versions/A/FindMyMac
0x00000001cde0d000 	/System/Library/Frameworks/PreferencePanes.framework/Versions/A/PreferencePanes
0x00000001c12d7000 	/System/Library/Frameworks/AddressBook.framework/Versions/A/AddressBook
0x00000001ab899000 	/System/Library/PrivateFrameworks/AOSAccounts.framework/Versions/A/AOSAccounts
0x00000001a59f6000 	/System/Library/PrivateFrameworks/AppleSRP.framework/Versions/A/AppleSRP
0x00000001aa3c6000 	/System/Library/PrivateFrameworks/NetFSServer.framework/Versions/A/NetFSServer
0x00000001bcbfb000 	/System/Library/Frameworks/PDFKit.framework/Versions/A/PDFKit
0x0000000291a09000 	/usr/lib/swift/libswiftPassKit.dylib
0x00000001e07a1000 	/System/Library/Frameworks/PassKit.framework/Versions/A/PassKit
0x00000001ae156000 	/System/Library/PrivateFrameworks/PassKitCore.framework/Versions/A/PassKitCore
0x000000026c452000 	/System/Library/PrivateFrameworks/PassKitMacHelperTemp.framework/Versions/A/PassKitMacHelperTemp
0x000000028fec7000 	/usr/lib/libAppleSSE.dylib
0x00000001ba241000 	/System/Library/PrivateFrameworks/BiometricKit.framework/Versions/A/BiometricKit
0x0000000272996000 	/System/Library/PrivateFrameworks/SEService.framework/Versions/A/SEService
0x00000002349dd000 	/System/Library/Frameworks/FinanceKit.framework/Versions/A/FinanceKit
0x00000001bf8ba000 	/System/Library/PrivateFrameworks/NearField.framework/Versions/A/NearField
0x000000027290d000 	/System/Library/PrivateFrameworks/SESShared.framework/Versions/A/SESShared
0x0000000272bff000 	/System/Library/PrivateFrameworks/STSXPCHelperClient.framework/Versions/A/STSXPCHelperClient
0x00000001c16f1000 	/usr/lib/libnfshared.dylib
0x000000027e976000 	/System/Library/PrivateFrameworks/Symptoms.framework/Versions/A/Frameworks/SymptomPresentationFeed.framework/Versions/A/SymptomPresentationFeed
0x000000024110d000 	/System/Library/PrivateFrameworks/AppleMediaServicesKitInternal.framework/Versions/A/AppleMediaServicesKitInternal
0x000000027e6b1000 	/System/Library/PrivateFrameworks/SymptomShared.framework/Versions/A/SymptomShared
0x00000001e36e4000 	/System/Library/PrivateFrameworks/PassKitUIFoundation.framework/Versions/A/PassKitUIFoundation
0x00000001a5319000 	/System/Library/Frameworks/MapKit.framework/Versions/A/MapKit
0x00000002584dd000 	/System/Library/PrivateFrameworks/GeoAnalytics.framework/Versions/A/GeoAnalytics
0x00000001c171f000 	/System/Library/PrivateFrameworks/Navigation.framework/Versions/A/Navigation
0x00000001cb5c2000 	/System/Library/PrivateFrameworks/VectorKit.framework/Versions/A/VectorKit
0x00000001b2656000 	/System/Library/PrivateFrameworks/VirtualGarage.framework/Versions/A/VirtualGarage
0x00000001c191c000 	/System/Library/Frameworks/ExternalAccessory.framework/ExternalAccessory
0x00000001c1937000 	/System/Library/PrivateFrameworks/IAP.framework/Versions/A/IAP
0x00000001a55db000 	/System/Library/PrivateFrameworks/IOPlatformPluginFamily.framework/Versions/A/IOPlatformPluginFamily
0x00000002424cd000 	/System/Library/PrivateFrameworks/AvatarKit.framework/Versions/A/AvatarKit
0x000000024258c000 	/System/Library/PrivateFrameworks/AvatarPersistence.framework/Versions/A/AvatarPersistence
0x000000023b107000 	/System/Library/Frameworks/TipKit.framework/Versions/A/TipKit
0x00000001adc0d000 	/System/Library/PrivateFrameworks/IMSharedUtilities.framework/Versions/A/IMSharedUtilities
0x00000002919aa000 	/usr/lib/swift/libswiftAppleArchive.dylib
0x0000000284901000 	/System/Library/PrivateFrameworks/VFX.framework/Versions/A/VFX
0x00000001de347000 	/System/Library/PrivateFrameworks/AppleCVA.framework/Versions/A/AppleCVA
0x000000024258b000 	/System/Library/PrivateFrameworks/AvatarKitContent.framework/Versions/A/AvatarKitContent
0x0000000236930000 	/System/Library/Frameworks/MetalFX.framework/Versions/A/MetalFX
0x0000000245cf2000 	/System/Library/PrivateFrameworks/CompositorNonUI.framework/Versions/A/CompositorNonUI
0x0000000232c4c000 	/System/Library/Frameworks/ARKit.framework/Versions/A/ARKit
0x000000023d934000 	/System/Library/PrivateFrameworks/ARKitCore.framework/Versions/A/ARKitCore
0x000000028ffb8000 	/usr/lib/libDisplayWarpSupport.dylib
0x0000000247fc4000 	/System/Library/PrivateFrameworks/CoreComposite.framework/Versions/A/CoreComposite
0x0000000290987000 	/usr/lib/libchannel.dylib
0x0000000291603000 	/usr/lib/librealtime_safety.dylib
0x000000023d9c0000 	/System/Library/PrivateFrameworks/ARKitFoundation.framework/Versions/A/ARKitFoundation
0x00000002406d1000 	/System/Library/PrivateFrameworks/AppleDepth.framework/Versions/A/AppleDepth
0x000000024084e000 	/System/Library/PrivateFrameworks/AppleDepthCore.framework/Versions/A/AppleDepthCore
0x00000001a5716000 	/System/Library/PrivateFrameworks/CoreAppleCVA.framework/Versions/A/CoreAppleCVA
0x00000001b278c000 	/System/Library/PrivateFrameworks/ContactsUICore.framework/Versions/A/ContactsUICore
0x00000001ba06d000 	/System/Library/PrivateFrameworks/ContactsDonation.framework/Versions/A/ContactsDonation
0x00000001b9929000 	/System/Library/PrivateFrameworks/DataDetectors.framework/Versions/A/DataDetectors
0x00000001ac01e000 	/System/Library/Frameworks/MediaLibrary.framework/Versions/A/MediaLibrary
0x00000001a6643000 	/System/Library/PrivateFrameworks/PersonaKit.framework/Versions/A/PersonaKit
0x00000001b2779000 	/System/Library/PrivateFrameworks/PersonaUI.framework/Versions/A/PersonaUI
0x00000001cd823000 	/System/Library/PrivateFrameworks/Transparency.framework/Versions/A/Transparency
0x000000024ee69000 	/System/Library/PrivateFrameworks/FindMyLocate.framework/Versions/A/FindMyLocate
0x00000001bb96c000 	/System/Library/PrivateFrameworks/IntlPreferences.framework/Versions/A/IntlPreferences
0x000000024c022000 	/System/Library/PrivateFrameworks/CoreTransparency.framework/Versions/A/CoreTransparency
0x000000024ed3d000 	/System/Library/PrivateFrameworks/FindMyCommon.framework/Versions/A/FindMyCommon
0x000000024eb10000 	/System/Library/PrivateFrameworks/FindMyBase.framework/Versions/A/FindMyBase
0x00000002383c5000 	/System/Library/Frameworks/NearbyInteraction.framework/Versions/A/NearbyInteraction
0x00000001a6232000 	/System/Library/PrivateFrameworks/AddressBookCore.framework/Versions/A/AddressBookCore
0x00000001c1474000 	/System/Library/PrivateFrameworks/ToneKit.framework/Versions/A/ToneKit
0x00000001bb9b3000 	/System/Library/PrivateFrameworks/ToneLibrary.framework/Versions/A/ToneLibrary
0x0000000245ffb000 	/System/Library/PrivateFrameworks/ContactsAccounts.framework/Versions/A/ContactsAccounts
0x00000001bf725000 	/System/Library/PrivateFrameworks/Lookup.framework/Versions/A/Lookup
0x0000000238ce6000 	/System/Library/Frameworks/QuickLookUI.framework/Versions/A/QuickLookUI
0x0000000239713000 	/System/Library/Frameworks/ScreenCaptureKit.framework/Versions/A/ScreenCaptureKit
0x00000001bc71a000 	/System/Library/Frameworks/Quartz.framework/Versions/A/Frameworks/QuartzComposer.framework/Versions/A/QuartzComposer
0x00000001bb943000 	/System/Library/Frameworks/Quartz.framework/Versions/A/Frameworks/QuartzFilters.framework/Versions/A/QuartzFilters
0x00000001ba9ca000 	/System/Library/Frameworks/Quartz.framework/Versions/A/Frameworks/ImageKit.framework/Versions/A/ImageKit
0x0000000232a4d000 	/System/Library/Frameworks/OpenCL.framework/Versions/A/OpenCL
0x00000001b8ec6000 	/System/Library/PrivateFrameworks/CorePDF.framework/Versions/A/CorePDF
0x00000001a326a000 	/System/Library/Frameworks/QuickLook.framework/Versions/A/QuickLook
0x00000001ae042000 	/System/Library/PrivateFrameworks/DisplayServices.framework/Versions/A/DisplayServices
0x00000001bb8c7000 	/System/Library/Frameworks/ImageCaptureCore.framework/Versions/A/ImageCaptureCore
0x000000028681f000 	/System/Library/PrivateFrameworks/VisionKitCore.framework/Versions/A/VisionKitCore
0x00000001b6fa2000 	/System/Library/PrivateFrameworks/QuickLookSupport.framework/Versions/A/QuickLookSupport
0x00000002655df000 	/System/Library/PrivateFrameworks/MediaAnalysisServices.framework/Versions/A/MediaAnalysisServices
0x00000001be6ae000 	/System/Library/PrivateFrameworks/PhotoLibraryServices.framework/Versions/A/PhotoLibraryServices
0x00000001bb4d8000 	/System/Library/Frameworks/Photos.framework/Versions/A/Photos
0x00000001d0330000 	/System/Library/PrivateFrameworks/PhotosFormats.framework/Versions/A/PhotosFormats
0x000000028595a000 	/System/Library/PrivateFrameworks/VectorSearch.framework/Versions/A/VectorSearch
0x00000001cc56d000 	/System/Library/PrivateFrameworks/CloudPhotoLibrary.framework/Versions/A/CloudPhotoLibrary
0x00000001d5dca000 	/System/Library/PrivateFrameworks/CloudPhotoServices.framework/Versions/A/CloudPhotoServices
0x00000001d220e000 	/System/Library/PrivateFrameworks/CoreMediaStream.framework/Versions/A/CoreMediaStream
0x00000001a6d12000 	/System/Library/PrivateFrameworks/CPAnalytics.framework/Versions/A/CPAnalytics
0x00000001ce599000 	/System/Library/PrivateFrameworks/MediaConversionService.framework/Versions/A/MediaConversionService
0x00000001adbf9000 	/System/Library/PrivateFrameworks/PhotoFoundation.framework/Versions/A/PhotoFoundation
0x000000026df21000 	/System/Library/PrivateFrameworks/PhotoLibraryServicesCore.framework/Versions/A/PhotoLibraryServicesCore
0x00000001c81c2000 	/System/Library/PrivateFrameworks/MMCS.framework/Versions/A/MMCS
0x00000001abe79000 	/System/Library/PrivateFrameworks/ChunkingLibrary.framework/Versions/A/ChunkingLibrary
0x00000001a59c3000 	/System/Library/PrivateFrameworks/AssetCacheServices.framework/Versions/A/AssetCacheServices
0x00000001a79be000 	/System/Library/PrivateFrameworks/AVFoundationCF.framework/Versions/A/AVFoundationCF
0x00000001e6757000 	/usr/lib/swift/libswiftDemangle.dylib
0x000000025b9b0000 	/System/Library/PrivateFrameworks/ImageCaptureDevices.framework/Versions/A/ImageCaptureDevices
0x00000001b9bee000 	/System/Library/PrivateFrameworks/MediaStream.framework/Versions/A/MediaStream
0x00000001cea87000 	/System/Library/PrivateFrameworks/NeutrinoCore.framework/Versions/A/NeutrinoCore
0x0000000194bf4000 	/System/Library/PrivateFrameworks/NLP.framework/Versions/A/NLP
0x00000001d4b1f000 	/System/Library/PrivateFrameworks/PhotoImaging.framework/Versions/A/PhotoImaging
0x00000001d5d8b000 	/System/Library/PrivateFrameworks/PhotosImagingFoundation.framework/Versions/A/PhotosImagingFoundation
0x000000026eace000 	/System/Library/PrivateFrameworks/PhotosIntelligenceCore.framework/Versions/A/PhotosIntelligenceCore
0x00000001a7e56000 	/System/Library/PrivateFrameworks/EmbeddedAcousticRecognition.framework/Versions/A/EmbeddedAcousticRecognition
0x00000001c36a7000 	/System/Library/PrivateFrameworks/EmojiFoundation.framework/Versions/A/EmojiFoundation
0x00000001cc7e7000 	/System/Library/PrivateFrameworks/SDAPI.framework/Versions/A/SDAPI
0x000000025f71a000 	/System/Library/PrivateFrameworks/IsolatedContextLogging.framework/Versions/A/IsolatedContextLogging
0x00000001d5dd9000 	/System/Library/PrivateFrameworks/AutoLoop.framework/Versions/A/AutoLoop
0x000000026f6f4000 	/System/Library/PrivateFrameworks/Portrait.framework/Versions/A/Portrait
0x000000024f58e000 	/System/Library/PrivateFrameworks/FusionTracker.framework/Versions/A/FusionTracker
0x00000001bc19d000 	/System/Library/PrivateFrameworks/iTunesCloud.framework/Versions/A/iTunesCloud
0x00000001c55d0000 	/System/Library/PrivateFrameworks/DAAPKit.framework/Versions/A/DAAPKit
0x00000001b733c000 	/System/Library/PrivateFrameworks/DeviceManagement.framework/Versions/A/DeviceManagement
0x00000001dbe48000 	/System/Library/PrivateFrameworks/ScreenTimeUI.framework/Versions/A/ScreenTimeUI
0x00000001b9923000 	/System/Library/PrivateFrameworks/QuickLookNonBaseSystem.framework/Versions/A/QuickLookNonBaseSystem
0x00000001ba144000 	/System/Library/PrivateFrameworks/Catalyst.framework/Versions/A/Catalyst
0x00000001bbb67000 	/System/Library/PrivateFrameworks/ScreenTimeCore.framework/Versions/A/ScreenTimeCore
0x00000001cf78d000 	/System/Library/PrivateFrameworks/ScreenTimeServiceUI.framework/Versions/A/ScreenTimeServiceUI
0x00000001c8354000 	/System/Library/PrivateFrameworks/ConfigurationEngineModel.framework/Versions/A/ConfigurationEngineModel
0x00000001cb57c000 	/System/Library/PrivateFrameworks/UsageTracking.framework/Versions/A/UsageTracking
0x000000023462a000 	/System/Library/Frameworks/DeviceActivity.framework/Versions/A/DeviceActivity
0x00000001cb54b000 	/System/Library/PrivateFrameworks/KnowledgeMonitor.framework/Versions/A/KnowledgeMonitor
0x00000001e368a000 	/System/Library/PrivateFrameworks/BluetoothManager.framework/Versions/A/BluetoothManager
0x0000000235cba000 	/System/Library/Frameworks/ManagedSettings.framework/Versions/A/ManagedSettings
0x0000000264d2f000 	/System/Library/PrivateFrameworks/ManagedSettingsSupport.framework/Versions/A/ManagedSettingsSupport
0x00000001e0872000 	/System/Library/Frameworks/ReplayKit.framework/Versions/A/ReplayKit
0x00000001af05f000 	/System/Library/PrivateFrameworks/MarkupUI.framework/Versions/A/MarkupUI
0x00000001b98fa000 	/System/Library/PrivateFrameworks/SidecarCore.framework/Versions/A/SidecarCore
0x00000001bc5ce000 	/System/Library/PrivateFrameworks/AnnotationKit.framework/Versions/A/AnnotationKit
0x00000001babfd000 	/System/Library/Frameworks/PencilKit.framework/Versions/A/PencilKit
0x00000001badc1000 	/System/Library/PrivateFrameworks/SidecarUI.framework/Versions/A/SidecarUI
0x00000001ba568000 	/System/Library/PrivateFrameworks/CoreHandwriting.framework/Versions/A/CoreHandwriting
0x000000018e7de000 	/usr/lib/libmecabra.dylib
0x00000001b2d87000 	/System/Library/PrivateFrameworks/Calculate.framework/Versions/A/Calculate
0x000000019e645000 	/usr/lib/libChineseTokenizer.dylib
0x00000001f21cf000 	/System/Library/PrivateFrameworks/ScreenReaderCore.framework/Versions/A/ScreenReaderCore
0x000000027dd05000 	/System/Library/PrivateFrameworks/StocksKit.framework/Versions/A/StocksKit
0x00000001b1d2e000 	/System/Library/PrivateFrameworks/OAuth.framework/Versions/A/OAuth
0x000000027d9fb000 	/System/Library/PrivateFrameworks/StocksCore.framework/Versions/A/StocksCore
0x000000027ef0c000 	/System/Library/PrivateFrameworks/TeaFoundation.framework/Versions/A/TeaFoundation
0x000000027f0f3000 	/System/Library/PrivateFrameworks/TeaSettings.framework/Versions/A/TeaSettings
0x00000001e7e73000 	/System/Library/PrivateFrameworks/NewsCore.framework/Versions/A/NewsCore
0x000000027eea9000 	/System/Library/PrivateFrameworks/TeaDB.framework/Versions/A/TeaDB
0x00000001e4802000 	/System/Library/PrivateFrameworks/RemoteConfiguration.framework/Versions/A/RemoteConfiguration
0x00000001e7a5a000 	/System/Library/PrivateFrameworks/NewsTransport.framework/Versions/A/NewsTransport
0x00000001e7e63000 	/System/Library/PrivateFrameworks/NewsFoundation.framework/Versions/A/NewsFoundation
0x000000026a622000 	/System/Library/PrivateFrameworks/NewsURLBucket.framework/Versions/A/NewsURLBucket
0x00000001be2ad000 	/System/Library/PrivateFrameworks/MobileInstallation.framework/Versions/A/MobileInstallation
0x000000023b270000 	/System/Library/Frameworks/Translation.framework/Versions/A/Translation
0x00000001d77b4000 	/System/Library/PrivateFrameworks/RevealCore.framework/Versions/A/RevealCore
0x00000001d77a8000 	/System/Library/PrivateFrameworks/Reveal.framework/Versions/A/Reveal
0x00000001cf438000 	/System/Library/Frameworks/Speech.framework/Versions/A/Speech
0x000000023c763000 	/System/Library/PrivateFrameworks/AIMLExperimentationAnalytics.framework/Versions/A/AIMLExperimentationAnalytics
0x000000023ec09000 	/System/Library/PrivateFrameworks/AlgorithmsInternal.framework/Versions/A/AlgorithmsInternal
0x0000000282875000 	/System/Library/PrivateFrameworks/TranslationUIServices.framework/Versions/A/TranslationUIServices
0x00000002815c7000 	/System/Library/PrivateFrameworks/TipKitCore.framework/Versions/A/TipKitCore
0x00000001c372c000 	/System/Library/PrivateFrameworks/CoreCDPInternal.framework/Versions/A/CoreCDPInternal
0x000000025c18a000 	/System/Library/PrivateFrameworks/InputAnalytics.framework/Versions/A/InputAnalytics
0x00000001c93d5000 	/System/Library/Frameworks/InstantMessage.framework/Versions/A/InstantMessage
0x00000001c11e2000 	/System/Library/PrivateFrameworks/IDSKVStore.framework/Versions/A/IDSKVStore
0x00000001c0e85000 	/System/Library/PrivateFrameworks/IMDPersistence.framework/Versions/A/IMDPersistence
0x00000002847fb000 	/System/Library/PrivateFrameworks/UserSafety.framework/Versions/A/UserSafety
0x00000001e2714000 	/System/Library/PrivateFrameworks/BlastDoor.framework/Versions/A/BlastDoor
0x0000000260881000 	/System/Library/PrivateFrameworks/LinkPresentationStyleSheetParsing.framework/Versions/A/LinkPresentationStyleSheetParsing
0x000000026f8b5000 	/System/Library/PrivateFrameworks/PosterFoundation.framework/Versions/A/PosterFoundation
0x000000026f943000 	/System/Library/PrivateFrameworks/PosterModel.framework/Versions/A/PosterModel
0x000000026f91d000 	/System/Library/PrivateFrameworks/PosterFuturesKit.framework/Versions/A/PosterFuturesKit
0x000000024e8e8000 	/System/Library/PrivateFrameworks/FeedbackService.framework/Versions/A/FeedbackService
0x00000001b9fc1000 	/System/Library/PrivateFrameworks/CoreSDB.framework/Versions/A/CoreSDB
0x0000000241c4c000 	/System/Library/PrivateFrameworks/AskToCore.framework/Versions/A/AskToCore
0x00000001dc6ca000 	/System/Library/PrivateFrameworks/MachineSettings.framework/Versions/A/MachineSettings
0x00000001cdd86000 	/System/Library/PrivateFrameworks/BezelServices.framework/Versions/A/BezelServices
0x00000001c565b000 	/System/Library/PrivateFrameworks/SPOwner.framework/Versions/A/SPOwner
0x00000001bdef5000 	/System/Library/PrivateFrameworks/FMCore.framework/Versions/A/FMCore
0x000000028b35d000 	/System/Library/PrivateFrameworks/iCloudQuota.framework/Versions/A/iCloudQuota
0x00000001b26f2000 	/System/Library/PrivateFrameworks/CoreRecognition.framework/Versions/A/CoreRecognition
0x00000001cde46000 	/System/Library/PrivateFrameworks/InAppMessages.framework/Versions/A/InAppMessages
0x00000001f0d82000 	/System/Library/PrivateFrameworks/JetUI.framework/Versions/A/JetUI
0x000000025fa79000 	/System/Library/PrivateFrameworks/JetPack.framework/Versions/A/JetPack
0x00000001cde3d000 	/System/Library/PrivateFrameworks/InAppMessagesCore.framework/Versions/A/InAppMessagesCore
0x000000028a773000 	/System/Library/PrivateFrameworks/_JetEngine_SwiftUI.framework/Versions/A/_JetEngine_SwiftUI
0x000000027e99f000 	/System/Library/PrivateFrameworks/Synapse.framework/Versions/A/Synapse
0x0000000243ef2000 	/System/Library/PrivateFrameworks/CSExattrCrypto.framework/Versions/A/CSExattrCrypto
0x00000001bf41c000 	/System/Library/PrivateFrameworks/StoreFoundation.framework/Versions/A/StoreFoundation
0x00000001bdeef000 	/System/Library/PrivateFrameworks/ServerInformation.framework/Versions/A/ServerInformation
0x00000001bd905000 	/System/Library/PrivateFrameworks/Install.framework/Frameworks/DistributionKit.framework/Versions/A/DistributionKit
0x00000001b6d76000 	/System/Library/PrivateFrameworks/PackageKit.framework/Versions/A/PackageKit
0x00000001bd928000 	/System/Library/PrivateFrameworks/OSPersonalization.framework/Versions/A/OSPersonalization
0x00000001bf982000 	/System/Library/PrivateFrameworks/BridgeOSSoftwareUpdate.framework/Versions/A/BridgeOSSoftwareUpdate
0x00000001ba467000 	/System/Library/PrivateFrameworks/StorageManagement.framework/Versions/A/StorageManagement
0x00000001cf2b8000 	/usr/lib/libauthinstall.dylib
0x00000001bf98b000 	/System/Library/PrivateFrameworks/InstallerDiagnostics.framework/Versions/A/InstallerDiagnostics
0x00000001cf974000 	/usr/lib/libcrypto.42.dylib
0x0000000291ee6000 	/usr/lib/updaters/libAppleTconUARPUpdater.dylib
0x000000029207b000 	/usr/lib/updaters/libT200Updater.dylib
0x00000001bf970000 	/System/Library/PrivateFrameworks/GPUInfo.framework/Versions/A/GPUInfo
0x00000001cdf43000 	/System/Library/PrivateFrameworks/MobileActivationMacOS.framework/Versions/A/MobileActivationMacOS
0x00000001b1c73000 	/System/Library/PrivateFrameworks/AccountsDaemon.framework/Versions/A/AccountsDaemon
0x00000001bf9ce000 	/System/Library/PrivateFrameworks/AOSKit.framework/Versions/A/AOSKit
0x000000019e774000 	/System/Library/PrivateFrameworks/AppSSOCore.framework/Versions/A/AppSSOCore
0x0000000242698000 	/System/Library/PrivateFrameworks/BackgroundSystemTasks.framework/Versions/A/BackgroundSystemTasks
0x00000001aa400000 	/System/Library/PrivateFrameworks/DuetActivityScheduler.framework/Versions/A/DuetActivityScheduler
0x00000001cc498000 	/System/Library/PrivateFrameworks/NetworkServiceProxy.framework/Versions/A/NetworkServiceProxy
0x00000001a564f000 	/usr/lib/libnetworkextension.dylib
0x000000027e6c1000 	/System/Library/PrivateFrameworks/Symptoms.framework/Versions/A/Frameworks/SymptomAnalytics.framework/Versions/A/SymptomAnalytics
0x00000001a2187000 	/System/Library/Frameworks/NetworkExtension.framework/Versions/A/NetworkExtension
0x00000001a8b1c000 	/System/Library/PrivateFrameworks/CoreDuetContext.framework/Versions/A/CoreDuetContext
0x0000000193248000 	/System/Library/PrivateFrameworks/CoreDuet.framework/Versions/A/CoreDuet
0x00000001ad933000 	/System/Library/PrivateFrameworks/AssistantServices.framework/Versions/A/AssistantServices
0x00000001a7b01000 	/System/Library/PrivateFrameworks/SAObjects.framework/Versions/A/SAObjects
0x00000001ad51a000 	/System/Library/PrivateFrameworks/MediaRemote.framework/Versions/A/MediaRemote
0x000000027b22f000 	/System/Library/PrivateFrameworks/SiriTTSService.framework/Versions/A/SiriTTSService
0x000000027592b000 	/System/Library/PrivateFrameworks/SiriCrossDeviceArbitration.framework/Versions/A/SiriCrossDeviceArbitration
0x000000024e472000 	/System/Library/PrivateFrameworks/FaceTimeNameUtility.framework/Versions/A/FaceTimeNameUtility
0x000000027597f000 	/System/Library/PrivateFrameworks/SiriCrossDeviceArbitrationFeedback.framework/Versions/A/SiriCrossDeviceArbitrationFeedback
0x00000001ce7cb000 	/System/Library/PrivateFrameworks/UIKitServices.framework/Versions/A/UIKitServices
0x00000001b2502000 	/System/Library/PrivateFrameworks/MediaServices.framework/Versions/A/MediaServices
0x000000019ebbd000 	/System/Library/PrivateFrameworks/PersistentConnection.framework/Versions/A/PersistentConnection
0x000000027cb12000 	/System/Library/PrivateFrameworks/SonicFoundation.framework/Versions/A/SonicFoundation
0x00000001c1ee2000 	/usr/lib/libtailspin.dylib
0x00000001d5eeb000 	/System/Library/PrivateFrameworks/Osprey.framework/Versions/A/Osprey
0x000000027a8af000 	/System/Library/PrivateFrameworks/SiriTTS.framework/Versions/A/SiriTTS
0x000000027946f000 	/System/Library/PrivateFrameworks/SiriPowerInstrumentation.framework/Versions/A/SiriPowerInstrumentation
0x000000027eea7000 	/System/Library/PrivateFrameworks/TailspinSymbolication.framework/Versions/A/TailspinSymbolication
0x000000024c7c8000 	/System/Library/PrivateFrameworks/Darwinup.framework/Versions/A/Darwinup
0x00000001ce5d4000 	/System/Library/PrivateFrameworks/SignpostSupport.framework/Versions/A/SignpostSupport
0x00000001b9f4e000 	/System/Library/PrivateFrameworks/FeatureFlagsSupport.framework/Versions/A/FeatureFlagsSupport
0x00000001cdc94000 	/System/Library/PrivateFrameworks/ktrace.framework/Versions/A/ktrace
0x00000001ce803000 	/System/Library/PrivateFrameworks/SampleAnalysis.framework/Versions/A/SampleAnalysis
0x00000001d7782000 	/System/Library/PrivateFrameworks/kperfdata.framework/Versions/A/kperfdata
0x00000001a33a8000 	/usr/lib/libdscsym.dylib
0x00000001d7c57000 	/System/Library/PrivateFrameworks/BulkSymbolication.framework/Versions/A/BulkSymbolication
0x00000001ab54e000 	/System/Library/PrivateFrameworks/CoreDuetDaemonProtocol.framework/Versions/A/CoreDuetDaemonProtocol
0x00000001bf29d000 	/System/Library/PrivateFrameworks/CaptiveNetwork.framework/Versions/A/CaptiveNetwork
0x00000001a9947000 	/System/Library/PrivateFrameworks/EAP8021X.framework/Versions/A/EAP8021X
0x000000024c58e000 	/System/Library/PrivateFrameworks/CryptoKitPrivate.framework/Versions/A/CryptoKitPrivate
0x00000001b951c000 	/System/Library/PrivateFrameworks/FindMyDevice.framework/Versions/A/FindMyDevice
0x00000001ae135000 	/System/Library/PrivateFrameworks/FMCoreLite.framework/Versions/A/FMCoreLite
0x000000019c26c000 	/System/Library/Frameworks/ServiceManagement.framework/Versions/A/ServiceManagement
0x000000013c630000 	/System/Library/Extensions/AGXMetal13_3.bundle/Contents/MacOS/AGXMetal13_3
0x00000001b239c000 	/System/Library/PrivateFrameworks/IOGPU.framework/Versions/A/IOGPU
0x0000000126d90000 	/Library/Java/JavaVirtualMachines/zulu-21.jdk/Contents/Home/lib/libosxui.dylib
0x000000013b6dc000 	/Library/Java/JavaVirtualMachines/zulu-21.jdk/Contents/Home/lib/libjawt.dylib
0x000000013b714000 	/Users/leandroferreira/Library/Caches/JNA/temp/jna10698144143804447027.tmp
0x000000013bcd8000 	/private/var/folders/83/l12z_8fx0g9d9z9yfnwqlnqm0000gn/T/sqlite-3.51.3.0-8c102724-28e4-41c9-891e-72ccfaef544e-libsqlitejdbc.dylib
0x000000027f6c1000 	/System/Library/PrivateFrameworks/TextInputUI.framework/Versions/A/TextInputUI
0x000000027f6f7000 	/System/Library/PrivateFrameworks/TextInputUIMacHelper.framework/Versions/A/TextInputUIMacHelper
0x00000001c4420000 	/System/Library/PrivateFrameworks/SafariPlatformSupport.framework/Versions/A/SafariPlatformSupport
0x000000013bcc4000 	/Library/Java/JavaVirtualMachines/zulu-21.jdk/Contents/Home/lib/libextnet.dylib
0x000000013f0bc000 	/private/var/folders/83/l12z_8fx0g9d9z9yfnwqlnqm0000gn/T/writeopia-llama/libllama.dylib
0x000000013efac000 	/Users/leandroferreira/WriteopiaProject/Writeopia/build/llama-cpp/llama.cpp/build/ggml/src/libggml.dylib
0x000000013f1dc000 	/Users/leandroferreira/WriteopiaProject/Writeopia/build/llama-cpp/llama.cpp/build/ggml/src/ggml-cpu/libggml-cpu.dylib
0x000000013efc0000 	/Users/leandroferreira/WriteopiaProject/Writeopia/build/llama-cpp/llama.cpp/build/ggml/src/ggml-blas/libggml-blas.dylib
0x000000013f27c000 	/Users/leandroferreira/WriteopiaProject/Writeopia/build/llama-cpp/llama.cpp/build/ggml/src/ggml-metal/libggml-metal.dylib
0x000000013f2f8000 	/Users/leandroferreira/WriteopiaProject/Writeopia/build/llama-cpp/llama.cpp/build/ggml/src/libggml-base.dylib

JVMTI agents: none


VM Arguments:
jvm_args: -Dapple.awt.application.appearance=system -Dcompose.application.configure.swing.globals=true -Dcompose.application.resources.dir=/Users/leandroferreira/WriteopiaProject/Writeopia/application/composeApp/build/compose/tmp/prepareAppResources -Dfile.encoding=UTF-8 -Duser.country=NL -Duser.language=en -Duser.variant 
java_command: io.writeopia.desktop.MainDesktopKt
java_class_path (initial): /Users/leandroferreira/WriteopiaProject/Writeopia/application/composeApp/build/libs/composeApp-jvm.jar:/Users/leandroferreira/WriteopiaProject/Writeopia/application/common_flows/wide_screen_common/build/libs/wide_screen_common-jvm.jar:/Users/leandroferreira/WriteopiaProject/Writeopia/application/features/auth/build/libs/auth-jvm.jar:/Users/leandroferreira/WriteopiaProject/Writeopia/application/core/navigation/build/libs/navigation-jvm.jar:/Users/leandroferreira/WriteopiaProject/Writeopia/application/features/documents_graph/build/libs/documents_graph-jvm.jar:/Users/leandroferreira/WriteopiaProject/Writeopia/application/features/search/build/libs/search-jvm.jar:/Users/leandroferreira/WriteopiaProject/Writeopia/application/features/global_shell/build/libs/global_shell-jvm.jar:/Users/leandroferreira/WriteopiaProject/Writeopia/application/features/note_menu/build/libs/note_menu-jvm.jar:/Users/leandroferreira/WriteopiaProject/Writeopia/application/features/editor/build/libs/editor-jvm.jar:/Users/leandroferreira/WriteopiaProject/Writeopia/application/features/onboarding/build/libs/onboarding-jvm.jar:/Users/leandroferreira/WriteopiaProject/Writeopia/application/features/account/build/libs/account-jvm.jar:/Users/leandroferreira/WriteopiaProject/Writeopia/application/core/documents/build/libs/documents-jvm.jar:/Users/leandroferreira/WriteopiaProject/Writeopia/application/features/drawing/build/libs/drawing-jvm.jar:/Users/leandroferreira/WriteopiaProject/Writeopia/application/core/common_ui/build/libs/common_ui-jvm.jar:/Users/leandroferreira/WriteopiaProject/Writeopia/application/features/notifications/build/libs/notifications-jvm.jar:/Users/leandroferreira/WriteopiaProject/Writeopia/application/core/ollama/build/libs/ollama-jvm.jar:/Users/leandroferreira/WriteopiaProject/Writeopia/writeopia_ui/build/libs/writeopia_ui-jvm.jar:/Users/leandroferreira/WriteopiaProject/Writeopia/application/core/auth_core/build/libs/auth_core-jvm.jar:/Users/leandroferreira/WriteopiaProject/Writeopia/application/core/configuration/build/libs/configuration-jvm.jar:/Users/leandroferreira/WriteopiaProject/Writeopia/application/core/persistence_bridge/build/libs/persistence_bridge-jvm.jar:/Users/leandroferreira/WriteopiaProject/Writeopia/application/core/theme/build/libs/theme-jvm.jar:/Users/leandroferreira/WriteopiaProject/Writeopia/application/core/localai/build/libs/localai-jvm.jar:/Users/leandroferreira/WriteopiaProject/Writeopia/application/core/persistence_sqldelight/build/libs/persistence_sqldelight-jvm.jar:/Users/leandroferreira/WriteopiaProject/Writeopia/plugins/writeopia_persistence_sqldelight/build/libs/writeopia_persistence_sqldelight-jvm.jar:/Users/leandroferreira/WriteopiaProject/Writeopia/libraries/dbtest/build/libs/dbtest-jvm.jar:/Users/leandroferreira/WriteopiaProject/Writeopia/plugins/writeopia_persistence_core/build/libs/writeopia_persistence_core-jvm.jar:/Users/leandroferreira/WriteopiaProject/Writeopia/application/core/connection/build/libs/connection-jvm.jar:/Users/leandroferreira/WriteopiaProject/Writeopia/plugins/writeopia_network/build/libs/writeopia_network-jvm.jar:/Users/leandroferreira/WriteopiaProject/Writeopia/plugins/writeopia_export/build/libs/writeopia_export-jvm.jar:/Users/leandroferreira/WriteopiaProject/Writeopia/plugins/writeopia_import_document/build/libs/writeopia_import_document-jvm.jar:/Users/leandroferreira/WriteopiaProject/Writeopia/writeopia/build/libs/writeopia-jvm.jar:/Users/leandroferreira/WriteopiaProject/Writeopia/application/core/utils/build/libs/utils-jvm.jar:/Users/leandroferreira/WriteopiaProject/Writeopia/plugins/writeopia_serialization/build/libs/writeopia_serialization-jvm.jar:/Users/leandroferreira/WriteopiaProject/Writeopia/plugins/writeopia_presentation/build/libs/writeopia_presentation-jvm.jar:/Users/leandroferreira/WriteopiaProject/Writeopia/common/endpoints/build/libs/endpoints-jvm.jar:/Users/leandroferreira/WriteopiaProject/Writeopia/application/core/models/build/libs/models-jvm.jar:/Users/leandroferreira/WriteopiaProject/Writeopia/writeopia_models/build/libs/writeopia_models-jvm.jar:/Users/leandroferreira/WriteopiaProject/Writeopia/application/core/resources/build/libs/resources-jvm.jar:/Users/leandroferreira/WriteopiaProject/Writeopia/application/core/forcegraph/build/libs/forcegraph-jvm.jar:/Users/leandroferreira/.gradle/caches/modules-2/files-2.1/org.jetbrains.compose.material3/material3-desktop/1.9.0/19004c4eb3dc6618eb66a076bbe3d7e1a2e7b85/material3-desktop-1.9.0.jar:/Users/leandroferreira/.gradle/caches/modules-2/files-2.1/io.github.kdroidfilter/platformtools.darkmodedetector-jvm/0.7.4/f6a710738aea3b0ebb39844ce11031b7efeb32c3/darkmodedetector-jvm-0.7.4.jar:/Users/leandroferreira/.gradle/caches/modules-2/files-2.1/org.jetbrains.compose.components/components-resources-desktop/1.11.1/f4eb52d87f31584dacdb816a26376f39a1802e8a/library-desktop-1.11.1.jar:/Users/leandroferreira/.gradle/caches/modules-2/files-2.1/org.jetbrains.compose.desktop/desktop-jvm/1.11.1/1fee826ff9d1fafd500b57a22facfc0236bc14c7/desktop-jvm-1.11.1.jar:/Users/leandroferreira/.gradle/caches/modules-2/files-2.1/org.jetbrains.androidx.navigation/navigation-compose-desktop/2.9.2/8a217f30d3e7d1b7ac22b250be4d9cc3e847c98d/navigation-compose-desktop-2.9.2.jar:/Users/leandroferreira/.gradle/caches/modules-2/files-2.1/org.jetbrains.compose.material/material-desktop/1.11.1/2891a6f3a62dc4c367636a521d1b680a7d6ff6d/material-desktop-1.11.1.jar:/Users/leandroferreira/.gradle/caches/modules-2/files-2.1/org.jetbrains.compose.animation/animation-core-desktop/1.11.1/1bf633ecd1a38a1cf7a41630bc56cba0da9cc25b/animation-core-desktop-1.11.1.jar:/Users/leandroferreira/.gradle/caches/modules-2/files-2.1/org.jetbrains.compose.material/material-ripple-desktop/1.11.1/ae97a5eeb23bc3f461bc3e16e2a9882175405d17/material-ripple-desktop-1.11.1.jar:/Users/leandroferreira/.gradle/caches/modules-2/files-2.1/org.jetbrains.compose.animation/animation-desktop/1.11.1/f873fb28f1a08d45a4dd20a0130b3da8cadf383c/animation-desktop-1.11.1.jar:/Users/leandroferreira/.gradle/caches/modules-2/files-2.1/org.jetbrains.compose.foundation/foundation-layout-desktop/1.11.1/853fc5d01388da6515ce40b719798914012f6469/foundation-layout-desktop-1.11.1.jar:/Users/leandroferreira/.gradle/caches/modules-2/files-2.1/io.coil-kt.coil3/coil-compose-jvm/3.4.0/dea3e947c88e502b871e9c966adc864c1c5f793c/coil-compose-jvm-3.4.0.jar:/Users/leandroferreira/.gradle/caches/modules-2/files-2.1/io.coil-kt.coil3/coil-compose-core-jvm/3.4.0/bbaef1d1d47179ebcfe242f30974b5afe061f1ee/coil-compose-core-jvm-3.4.0.jar:/Users/leandroferreira/.gradle/caches/modules-2/files-2.1/org.jetbrains.compose.foundation/foundation-desktop/1.11.1/6df316e7af2c0c97f200de289925f62ca8fce53d/foundation-desktop-1.11.1.jar:/Users/leandroferreira/.gradle/caches/modules-2/files-2.1/org.jetbrains.compose.material/material-icons-core-desktop/1.7.3/414b3096050fe647b0638832eace80f22c06b85c/material-icons-core-desktop-1.7.3.jar:/Users/leandroferreira/.gradle/caches/modules-2/files-2.1/org.jetbrains.compose.ui/ui-tooling-preview-desktop/1.11.1/97ec578d33adc34adcaa63e9af7bb2328c6c29b7/ui-tooling-preview-desktop-1.11.1.jar:/Users/leandroferreira/.gradle/caches/modules-2/files-2.1/org.jetbrains.compose.ui/ui-unit-desktop/1.11.1/f6c06f98da206d01dc40c1587c6bc4c40cbef623/ui-unit-desktop-1.11.1.jar:/Users/leandroferreira/.gradle/caches/modules-2/files-2.1/org.jetbrains.compose.ui/ui-geometry-desktop/1.11.1/5e430152487375359973ac9874653d335dcc220/ui-geometry-desktop-1.11.1.jar:/Users/leandroferreira/.gradle/caches/modules-2/files-2.1/org.jetbrains.compose.ui/ui-graphics-desktop/1.11.1/6ea106d02adf29694eedf12fdfb621947d3621bf/ui-graphics-desktop-1.11.1.jar:/Users/leandroferreira/.gradle/caches/modules-2/files-2.1/org.jetbrains.compose.ui/ui-backhandler-desktop/1.11.1/bd3540bb1d6abd60c5e58f32663b2f3e89406cd1/ui-backhandler-desktop-1.11.1.jar:/Users/leandroferreira/.gradle/caches/modules-2/files-2.1/org.jetbrains.compose.ui/ui-util-desktop/1.11.1/4302c582878b82ab24e1f34e6e90f967f7b416ed/ui-util-desktop-1.11.1.jar:/Users/leandroferreira/.gradle/caches/modules-2/files-2.1/org.jetbrains.compose.ui/ui-text-desktop/1.11.1/6ded685e2601260d6231c859a849b96ee6c60368/ui-text-desktop-1.11.1.jar:/Users/leandroferreira/.gradle/caches/modules-2/files-2.1/org.jetbrains.compose.ui/ui-desktop/1.11.1/24c40c0d60c77a6fb34f930f13bfa4a3ff62c0f/ui-desktop-1.11.1.jar:/Users/leandroferreira/.gradle/caches/modules-2/files-2.1/org.jetbrains.androidx.navigation/navigation-runtime-desktop/2.9.2/61efcf8be17657e437de3eab0796f18869dc94b1/navigation-runtime-desktop-2.9.2.jar:/Users/leandroferreira/.gradle/caches/modules-2/files-2.1/org.jetbrains.androidx.navigation/navigation-common-desktop/2.9.2/fd0498502f3bbc8528185bc8c2f9a3a1730a1237/navigation-common-desktop-2.9.2.jar:/Users/leandroferreira/.gradle/caches/modules-2/files-2.1/org.jetbrains.androidx.savedstate/savedstate-compose-desktop/1.3.6/63692375ffe667f12cb3ea8aa1e605d659ed2add/savedstate-compose-desktop-1.3.6.jar:/Users/leandroferreira/.gradle/caches/modules-2/files-2.1/org.jetbrains.androidx.lifecycle/lifecycle-runtime-desktop/2.11.0/b4e8a3260204a504b7008677906ba944162497f7/lifecycle-runtime-desktop-2.11.0.jar:/Users/leandroferreira/.gradle/caches/modules-2/files-2.1/androidx.lifecycle/lifecycle-runtime-desktop/2.11.0/c2b5e2f7d739375538c2a74757531a30607f85ff/lifecycle-runtime-desktop-2.11.0.jar:/Users/leandroferreira/.gradle/caches/modules-2/files-2.1/androidx.lifecycle/lifecycle-runtime-compose-desktop/2.11.0/8a85615b7e4f5728106bf7bc3cfa95f429eb6264/lifecycle-runtime-compose-desktop-2.11.0.jar:/Users/leandroferreira/.gradle/caches/modules-2/files-2.1/androidx.lifecycle/lifecycle-viewmodel-desktop/2.11.0/156dea0e0e4862b60bc14881891bae1e5df64f81/lifecycle-viewmodel-desktop-2.11.0.jar:/Users/leandroferreira/.gradle/caches/modules-2/files-2.1/androidx.lifecycle/lifecycle-common-jvm/2.11.0/2c4f7d92f1fd723121d394c93455f50158403ad9/lifecycle-common-jvm-2.11.0.jar:/Users/leandroferreira/.gradle/caches/modules-2/files-2.1/androidx.lifecycle/lifecycle-viewmodel-compose-desktop/2.11.0/29daa46bc0d2d574ee95309be1f325764f40b35b/lifecycle-viewmodel-compose-desktop-2.11.0.jar:/Users/leandroferreira/.gradle/caches/modules-2/files-2.1/androidx.lifecycle/lifecycle-viewmodel-savedstate-desktop/2.11.0/4e8025bc47a196b0ee403b8d915393ae7922c21a/lifecycle-viewmodel-savedstate-desktop-2.11.0.jar:/Users/leandroferreira/.gradle/caches/modules-2/files-2.1/androidx.savedstate/savedstate-desktop/1.4.0/3b049a0f81643d6b4b900de95bc23efc085c32d5/savedstate-desktop-1.4.0.jar:/Users/leandroferreira/.gradle/caches/modules-2/files-2.1/androidx.savedstate/savedstate-compose-desktop/1.4.0/d3d6e0e2108528eb6080dc250da925a572be4202/savedstate-compose-desktop-1.4.0.jar:/Users/leandroferreira/.gradle/caches/modules-2/files-2.1/androidx.navigationevent/navigationevent-desktop/1.0.1/ddb1e7fe97ed51c3d35bba493f97fcf12398719/navigationevent-desktop-1.0.1.jar:/Users/leandroferreira/.gradle/caches/modules-2/files-2.1/androidx.compose.runtime/runtime-annotation-jvm/1.11.2/db4aa964627ac96331b72e231b9ad54318d112f4/runtime-annotation-jvm-1.11.2.jar:/Users/leandroferreira/.gradle/caches/modules-2/files-2.1/androidx.compose.runtime/runtime-desktop/1.11.2/e93d95553cdd86c1cb8c02f50260cc1c8e341da8/runtime-desktop-1.11.2.jar:/Users/leandroferreira/.gradle/caches/modules-2/files-2.1/androidx.compose.runtime/runtime-retain-desktop/1.11.2/3aa3ec26ef2a3d26bc556b51b33d09efc1a198e8/runtime-retain-desktop-1.11.2.jar:/Users/leandroferreira/.gradle/caches/modules-2/files-2.1/androidx.compose.runtime/runtime-saveable-desktop/1.11.2/1618fae89791692a224fe7aa79edbd7a8f5b7522/runtime-saveable-desktop-1.11.2.jar:/Users/leandroferreira/.gradle/caches/modules-2/files-2.1/org.jetbrains.compose.runtime/runtime-saveable-desktop/1.11.1/b7c8a8ed985a0f15b4d8d206de1fc6125b499388/runtime-saveable-desktop-1.11.1.jar:/Users/leandroferreira/.gradle/caches/modules-2/files-2.1/org.jetbrains.androidx.lifecycle/lifecycle-runtime-compose-desktop/2.11.0/1cca06f1b4a646e4608e2be2ac84eb1a2a7b5d6/lifecycle-runtime-compose-desktop-2.11.0.jar:/Users/leandroferreira/.gradle/caches/modules-2/files-2.1/org.jetbrains.androidx.lifecycle/lifecycle-viewmodel-savedstate-desktop/2.11.0/ed1746452bd8f44f675b6c4c3a3c892d25517ff9/lifecycle-viewmodel-savedstate-desktop-2.11.0.jar:/Users/leandroferreira/.gradle/caches/modules-2/files-2.1/org.jetbrains.androidx.lifecycle/lifecycle-viewmodel-desktop/2.11.0/f918680fbce7246e0f818359148a1a520ee4d4fe/lifecycle-viewmodel-desktop-2.11.0.jar:/Users/leandroferreira/.gradle/caches/modules-2/files-2.1/org.jetbrains.androidx.lifecycle/lifecycle-common-jvm/2.11.0/a56a66ee80e26159ac4281e8eca66857aa995fd3/lifecycle-common-jvm-2.11.0.jar:/Users/leandroferreira/.gradle/caches/modules-2/files-2.1/org.jetbrains.androidx.lifecycle/lifecycle-viewmodel-compose-desktop/2.11.0/ff2664cede898eb2b62baf979d3deec68f16b54e/lifecycle-viewmodel-compose-desktop-2.11.0.jar:/Users/leandroferreira/.gradle/caches/modules-2/files-2.1/org.jetbrains.compose.runtime/runtime-desktop/1.11.1/1941336b045aac4b87cc3be81d9fdb9977c88c61/runtime-desktop-1.11.1.jar:/Users/leandroferreira/.gradle/caches/modules-2/files-2.1/app.cash.sqldelight/sqlite-driver/2.3.2/bba6319d69c46427650fd815d337e5de64b291d0/sqlite-driver-2.3.2.jar:/Users/leandroferreira/WriteopiaProject/Writeopia/tutorials/build/libs/tutorials-jvm.jar:/Users/leandroferreira/.gradle/caches/modules-2/files-2.1/org.jetbrains.kotlin/kotlin-test/2.4.10/833ceeccc1f8669e9566039125139191526f9ea8/kotlin-test-2.4.10.jar:/Users/leandroferreira/.gradle/caches/modules-2/files-2.1/androidx.room/room-common-jvm/2.8.4/3aeefef6615720bec8c860dd0786b48552ef3300/room-common-jvm-2.8.4.jar:/Users/leandroferreira/.gradle/caches/modules-2/files-2.1/androidx.room/room-runtime-jvm/2.8.4/7503ab87ca8ad3840148cacb42ce5db10da904d2/room-runtime-jvm-2.8.4.jar:/Users/leandroferreira/.gradle/caches/modules-2/files-2.1/app.cash.sqldelight/async-extensions-jvm/2.3.2/e5f111fd2538f59c6b7bf770edc9f05912ed95ae/sqldelight-async-extensions-jvm-2.3.2.jar:/Users/leandroferreira/.gradle/caches/modules-2/files-2.1/io.coil-kt.coil3/coil-network-ktor3-jvm/3.4.0/4084297cb38552cfefb200fa477c2f7b6ef0d369/coil-network-ktor3-jvm-3.4.0.jar:/Users/leandroferreira/.gradle/caches/modules-2/files-2.1/io.ktor/ktor-client-logging-jvm/3.5.1/82a24a63bcba1a123cd1bca2a71c78663d9504c4/ktor-client-logging-jvm-3.5.1.jar:/Users/leandroferreira/.gradle/caches/modules-2/files-2.1/io.ktor/ktor-client-content-negotiation-jvm/3.5.1/d8e8b3cbcd66160ecb0274eb5ef23cb12dbc431c/ktor-client-content-negotiation-jvm-3.5.1.jar:/Users/leandroferreira/.gradle/caches/modules-2/files-2.1/io.ktor/ktor-client-auth-jvm/3.5.1/ac87631f349269875b72b7bbafdd50f6451096fa/ktor-client-auth-jvm-3.5.1.jar:/Users/leandroferreira/.gradle/caches/modules-2/files-2.1/io.ktor/ktor-client-websockets-jvm/3.5.1/e85d0276faac9aded8d3ac3c34cda189a1455182/ktor-client-websockets-jvm-3.5.1.jar:/Users/leandroferreira/.gradle/caches/modules-2/files-2.1/io.ktor/ktor-client-okhttp-jvm/3.5.1/f3616f56c9354da06f4bc7d4f9b0a0850ac20ca1/ktor-client-okhttp-jvm-3.5.1.jar:/Users/leandroferreira/.gradle/caches/modules-2/files-2.1/io.ktor/ktor-client-core-jvm/3.5.1/87b25b4cd59e949d0514ebc7f027510b35ff6d2f/ktor-client-core-jvm-3.5.1.jar:/Users/leandroferreira/.gradle/caches/modules-2/files-2.1/io.ktor/ktor-serialization-kotlinx-json-jvm/3.5.1/99dbf20f4082d37d8e7cfa9d956d0cf38881d8e8/ktor-serialization-kotlinx-json-jvm-3.5.1.jar:/Users/leandroferreira/.gradle/caches/modules-2/files-2.1/org.jetbrains.skiko/skiko-awt-runtime-macos-arm64/0.144.6/fa12044f1775530103fd37e71f7bf5398a1d735d/skiko-awt-runtime-macos-arm64-0.144.6.jar:/Users/leandroferreira/.gradle/caches/modules-2/files-2.1/io.coil-kt.coil3/coil-jvm/3.4.0/b0061205e37fc17ba27f52ba1ee42f2be1de31d3/coil-jvm-3.4.0.jar:/Users/leandroferreira/.gradle/caches/modules-2/files-2.1/io.coil-kt.coil3/coil-network-core-jvm/3.4.0/e41b05be2f1b78ca9509a6855cfe4b9ea7926edc/coil-network-core-jvm-3.4.0.jar:/Users/leandroferreira/.gradle/caches/modules-2/files-2.1/io.coil-kt.coil3/coil-core-jvm/3.4.0/184b3b783baa359885d0cd84976a7899c93f5139/coil-core-jvm-3.4.0.jar:/Users/leandroferreira/.gradle/caches/modules-2/files-2.1/org.jetbrains.skiko/skiko-awt/0.144.6/c9bec39e3c517ed5591c71c7db0cbbe64b6be849/skiko-awt-0.144.6.jar:/Users/leandroferreira/.gradle/caches/modules-2/files-2.1/org.jetbrains.kotlinx/kotlinx-coroutines-slf4j/1.11.0/556153d93573d016dd4e5df37e3d03d07d8d303/kotlinx-coroutines-slf4j-1.11.0.jar:/Users/leandroferreira/.gradle/caches/modules-2/files-2.1/io.ktor/ktor-http-cio-jvm/3.5.1/1a16204a224f61963937735faec75b7f1853de5f/ktor-http-cio-jvm-3.5.1.jar:/Users/leandroferreira/.gradle/caches/modules-2/files-2.1/io.ktor/ktor-websocket-serialization-jvm/3.5.1/f26344135c92f3434f39262f9d6c3ac35aff7fd8/ktor-websocket-serialization-jvm-3.5.1.jar:/Users/leandroferreira/.gradle/caches/modules-2/files-2.1/io.ktor/ktor-serialization-kotlinx-jvm/3.5.1/a9d2d5091a5bd1e1218c59df1387c2533a5c8c8/ktor-serialization-kotlinx-jvm-3.5.1.jar:/Users/leandroferreira/.gradle/caches/modules-2/files-2.1/io.ktor/ktor-serialization-jvm/3.5.1/695550e97ab815bfae0aa4d837ffddcf05e2cfa0/ktor-serialization-jvm-3.5.1.jar:/Users/leandroferreira/.gradle/caches/modules-2/files-2.1/io.ktor/ktor-websockets-jvm/3.5.1/97dc5d4f5dc4b01b7116619e2ae99ab79a5a90ac/ktor-websockets-jvm-3.5.1.jar:/Users/leandroferreira/.gradle/caches/modules-2/files-2.1/io.ktor/ktor-http-jvm/3.5.1/514c40c2803e18de2cb04198aaf3874e66346c9e/ktor-http-jvm-3.5.1.jar:/Users/leandroferreira/.gradle/caches/modules-2/files-2.1/io.ktor/ktor-events-jvm/3.5.1/9e4bf00bd3d980098d60c62f5e33f2588279c593/ktor-events-jvm-3.5.1.jar:/Users/leandroferreira/.gradle/caches/modules-2/files-2.1/io.ktor/ktor-sse-jvm/3.5.1/537081aa4574a1228078acec7ffca808c74c8dd4/ktor-sse-jvm-3.5.1.jar:/Users/leandroferreira/.gradle/caches/modules-2/files-2.1/io.ktor/ktor-network-jvm/3.5.1/aeaad6929901bf7000ce744ef81ed0e94a4ee0be/ktor-network-jvm-3.5.1.jar:/Users/leandroferreira/.gradle/caches/modules-2/files-2.1/io.ktor/ktor-utils-jvm/3.5.1/662afab83c79a0b0fa6fea92f32841858145553b/ktor-utils-jvm-3.5.1.jar:/Users/leandroferreira/.gradle/caches/modules-2/files-2.1/io.ktor/ktor-io-jvm/3.5.1/e9382eba8364609db5ce3d4e266557862e5b73fd/ktor-io-jvm-3.5.1.jar:/Users/leandroferreira/.gradle/caches/modules-2/files-2.1/org.jetbrains.kotlinx/kotlinx-coroutines-core-jvm/1.11.0/3d57dc678bd8d72a60e7adf0eca5c54e3f4f4b79/kotlinx-coroutines-core-jvm-1.11.0.jar:/Users/leandroferreira/.gradle/caches/modules-2/files-2.1/org.jetbrains.kotlinx/kotlinx-coroutines-swing/1.11.0/3cf134b8aefd813622edc37e60d66b939b55cb36/kotlinx-coroutines-swing-1.11.0.jar:/Users/leandroferreira/.gradle/caches/modules-2/files-2.1/org.jetbrains.compose.components/components-ui-tooling-preview-desktop/1.11.1/b1cf782605b572c79f636e7ccc36393d1be8db49/library-desktop-1.11.1.jar:/Users/leandroferreira/.gradle/caches/modules-2/files-2.1/org.jetbrains.kotlinx/kotlinx-serialization-json-io-jvm/1.11.0/645ed54ca9128fc217b30b3686a083141ebe635c/kotlinx-serialization-json-io-jvm-1.11.0.jar:/Users/leandroferreira/.gradle/caches/modules-2/files-2.1/org.jetbrains.kotlinx/kotlinx-serialization-core-jvm/1.11.0/c1905c9bf7452b045d5af9248835abe64ddad6bf/kotlinx-serialization-core-jvm-1.11.0.jar:/Users/leandroferreira/.gradle/caches/modules-2/files-2.1/org.jetbrains.kotlinx/kotlinx-serialization-json-jvm/1.11.0/e7e045e99e56f07599bb9ccb708c2190e2af0606/kotlinx-serialization-json-jvm-1.11.0.jar:/Users/leandroferreira/.gradle/caches/modules-2/files-2.1/app.cash.sqldelight/jdbc-driver/2.3.2/675c4cf8037ee6ea27336e752ba6ee6dca18ac55/jdbc-driver-2.3.2.jar:/Users/leandroferreira/.gradle/caches/modules-2/files-2.1/app.cash.sqldelight/runtime-jvm/2.3.2/ca2286f676b8a70bac0d71e7b7a95a89dfa4a859/runtime-jvm-2.3.2.jar:/Users/leandroferreira/.gradle/caches/modules-2/files-2.1/androidx.collection/collection-jvm/1.5.0/7ba2c69414d46ebc2dd76598bdd0a75c54281a57/collection-jvm-1.5.0.jar:/Users/leandroferreira/.gradle/caches/modules-2/files-2.1/org.jetbrains.kotlinx/atomicfu-jvm/0.28.0/6a9ac536f4b2144e57c176fd4e26821eb12084f4/atomicfu-jvm-0.28.0.jar:/Users/leandroferreira/.gradle/caches/modules-2/files-2.1/org.jetbrains.kotlinx/kotlinx-datetime-jvm/0.7.1/81c2e0246bd28cc2dcbdf0ab53628322e66a9de9/kotlinx-datetime-jvm-0.7.1.jar:/Users/leandroferreira/.gradle/caches/modules-2/files-2.1/androidx.sqlite/sqlite-jvm/2.6.2/92b1b8977be8280aa0114e67b4b1a87f6a6c8662/sqlite-jvm-2.6.2.jar:/Users/leandroferreira/.gradle/caches/modules-2/files-2.1/androidx.arch.core/core-common/2.2.0/5e1b8b81dfd5f52c56a8d53b18ca759c19a301f3/core-common-2.2.0.jar:/Users/leandroferreira/.gradle/caches/modules-2/files-2.1/androidx.annotation/annotation-jvm/1.9.1/b17951747e38bf3986a24431b9ba0d039958aa5f/annotation-jvm-1.9.1.jar:/Users/leandroferreira/.gradle/caches/modules-2/files-2.1/co.touchlab/kermit-jvm/2.0.6/1424346d40427664591052923ae5ed956400fe54/kermit-jvm-2.0.6.jar:/Users/leandroferreira/.gradle/caches/modules-2/files-2.1/io.github.kdroidfilter/platformtools.core-jvm/0.7.4/3bec4ac6e6b4cbda0ebe2f2190e80690a11f359c/core-jvm-0.7.4.jar:/Users/leandroferreira/.gradle/caches/modules-2/files-2.1/com.squareup.okhttp3/okhttp-jvm/5.3.2/f31e8de27feebe1e56d6c9d354a0986b65be0e1d/okhttp-jvm-5.3.2.jar:/Users/leandroferreira/.gradle/caches/modules-2/files-2.1/com.squareup.okio/okio-jvm/3.17.0/a12d684ec0df9541b3869ae60a4a5257fd3613df/okio-jvm-3.17.0.jar:/Users/leandroferreira/.gradle/caches/modules-2/files-2.1/co.touchlab/kermit-core-jvm/2.0.6/87dcfc87667470c652fd118a23a86469e91e62e7/kermit-core-jvm-2.0.6.jar:/Users/leandroferreira/.gradle/caches/modules-2/files-2.1/org.jetbrains.kotlinx/kotlinx-io-core-jvm/0.9.0/7f7536f8f057ffc7f79375714e9730c4b8bdd7c9/kotlinx-io-core-jvm-0.9.0.jar:/Users/leandroferreira/.gradle/caches/modules-2/files-2.1/org.jetbrains.kotlinx/kotlinx-io-bytestring-jvm/0.9.0/e73a7915234a8ea7954f32b715ef8e42b02f66a3/kotlinx-io-bytestring-jvm-0.9.0.jar:/Users/leandroferreira/.gradle/caches/modules-2/files-2.1/org.jetbrains.kotlin/kotlin-stdlib/2.4.10/8943c84ddc6d5cc00a10dbc3736c397066eeaab5/kotlin-stdlib-2.4.10.jar:/Users/leandroferreira/.gradle/caches/modules-2/files-2.1/org.jetbrains/annotations/23.0.0/8cc20c07506ec18e0834947b84a864bfc094484e/annotations-23.0.0.jar:/Users/leandroferreira/.gradle/caches/modules-2/files-2.1/net.java.dev.jna/jna/5.19.1/ca303052cd617c1af2e2c8d344c98a706fb63143/jna-5.19.1.jar:/Users/leandroferreira/.gradle/caches/modules-2/files-2.1/org.jetbrains.runtime/jbr-api/1.9.0/2bc161f5472b5fd5610740e4d6ebe896c811cb0e/jbr-api-1.9.0.jar:/Users/leandroferreira/.gradle/caches/modules-2/files-2.1/org.xerial/sqlite-jdbc/3.51.3.0/a6a5177ff8d35028a8943129aa4a18e850fe1387/sqlite-jdbc-3.51.3.0.jar:/Users/leandroferreira/.gradle/caches/modules-2/files-2.1/net.java.dev.jna/jna-platform-jpms/5.18.1/5aa32680cbb7ebc3ebdd43dd4e6b79ad00a7045f/jna-platform-jpms-5.18.1.jar:/Users/leandroferreira/.gradle/caches/modules-2/files-2.1/net.java.dev.jna/jna-jpms/5.18.1/79c71e499983f1beaae1ab62afe08b023f189711/jna-jpms-5.18.1.jar:/Users/leandroferreira/.gradle/caches/modules-2/files-2.1/de.jangassen/jfa/1.2.0/e324d3a415027fcefdc33a68d39bb852aa324862/jfa-1.2.0.jar:/Users/leandroferreira/.gradle/caches/modules-2/files-2.1/org.slf4j/slf4j-api/2.0.18/78a9e7a37cd6360e0b818e86341b24123d28d4df/slf4j-api-2.0.18.jar:/Users/leandroferreira/.gradle/caches/modules-2/files-2.1/org.jspecify/jspecify/1.0.0/7425a601c1c7ec76645a78d22b8c6a627edee507/jspecify-1.0.0.jar
Launcher Type: SUN_STANDARD

[Global flags]
     intx CICompilerCount                          = 4                                         {product} {ergonomic}
     uint ConcGCThreads                            = 2                                         {product} {ergonomic}
     uint G1ConcRefinementThreads                  = 8                                         {product} {ergonomic}
   size_t G1HeapRegionSize                         = 2097152                                   {product} {ergonomic}
    uintx GCDrainStackTargetSize                   = 64                                        {product} {ergonomic}
   size_t InitialHeapSize                          = 268435456                                 {product} {ergonomic}
   size_t MarkStackSize                            = 4194304                                   {product} {ergonomic}
   size_t MaxHeapSize                              = 4294967296                                {product} {ergonomic}
   size_t MaxNewSize                               = 2575302656                                {product} {ergonomic}
   size_t MinHeapDeltaBytes                        = 2097152                                   {product} {ergonomic}
   size_t MinHeapSize                              = 8388608                                   {product} {ergonomic}
    uintx NonNMethodCodeHeapSize                   = 5839564                                {pd product} {ergonomic}
    uintx NonProfiledCodeHeapSize                  = 122909338                              {pd product} {ergonomic}
    uintx ProfiledCodeHeapSize                     = 122909338                              {pd product} {ergonomic}
    uintx ReservedCodeCacheSize                    = 251658240                              {pd product} {ergonomic}
     bool SegmentedCodeCache                       = true                                      {product} {ergonomic}
   size_t SoftMaxHeapSize                          = 4294967296                             {manageable} {ergonomic}
     bool UseCompressedOops                        = true                           {product lp64_product} {ergonomic}
     bool UseG1GC                                  = true                                      {product} {ergonomic}
     bool UseNUMA                                  = false                                     {product} {ergonomic}
     bool UseNUMAInterleaving                      = false                                     {product} {ergonomic}

Logging:
Log output configuration:
 #0: stdout all=warning uptime,level,tags foldmultilines=false
 #1: stderr all=off uptime,level,tags foldmultilines=false

Release file:
IMPLEMENTOR="Azul Systems, Inc."
IMPLEMENTOR_VERSION="Zulu21.50+19-CA"
JAVA_RUNTIME_VERSION="21.0.11+10-LTS"
JAVA_VERSION="21.0.11"
JAVA_VERSION_DATE="2026-04-21"
LIBC="default"
MODULES="java.base com.azul.tooling java.logging java.management java.security.sasl java.naming jdk.jfr com.azul.crs.client java.compiler java.datatransfer java.xml java.prefs java.desktop java.instrument java.rmi java.management.rmi java.net.http java.scripting java.security.jgss java.transaction.xa java.sql java.sql.rowset java.xml.crypto java.se java.smartcardio jdk.accessibility jdk.internal.jvmstat jdk.attach jdk.charsets jdk.internal.opt jdk.zipfs jdk.compiler jdk.crypto.ec jdk.crypto.cryptoki jdk.dynalink jdk.internal.ed jdk.editpad jdk.hotspot.agent jdk.httpserver jdk.incubator.vector jdk.internal.le jdk.internal.vm.ci jdk.internal.vm.compiler jdk.internal.vm.compiler.management jdk.jartool jdk.javadoc jdk.jcmd jdk.management jdk.management.agent jdk.jconsole jdk.jdeps jdk.jdwp.agent jdk.jdi jdk.jlink jdk.jpackage jdk.jshell jdk.jsobject jdk.jstatd jdk.localedata jdk.management.jfr jdk.naming.dns jdk.naming.rmi jdk.net jdk.nio.mapmode jdk.random jdk.sctp jdk.security.auth jdk.security.jgss jdk.unsupported jdk.unsupported.desktop jdk.xml.dom"
OS_ARCH="aarch64"
OS_NAME="Darwin"
SOURCE=".:git:ffff125054c5"

Environment Variables:
JAVA_HOME=/Library/Java/JavaVirtualMachines/zulu-21.jdk/Contents/Home
PATH=/Users/leandroferreira/google-cloud-sdk/bin:/opt/homebrew/bin:/opt/homebrew/sbin:/Users/leandroferreira/Library/Android/sdk/emulator:/Users/leandroferreira/Library/Android/sdk/tools:/Users/leandroferreira/Library/Android/sdk/tools/bin:/Users/leandroferreira/Library/Android/sdk/platform-tools:/opt/homebrew/opt/ruby/bin:/usr/local/bin:/System/Cryptexes/App/usr/bin:/usr/bin:/bin:/usr/sbin:/sbin:/var/run/com.apple.security.cryptexd/codex.system/bootstrap/usr/local/bin:/var/run/com.apple.security.cryptexd/codex.system/bootstrap/usr/bin:/var/run/com.apple.security.cryptexd/codex.system/bootstrap/usr/appleinternal/bin:/pkg/env/global/bin:/Library/Apple/usr/bin:/usr/local/go/bin:/Applications/iTerm.app/Contents/Resources/utilities:/Users/leandroferreira/Library/Application Support/JetBrains/Toolbox/scripts
SHELL=/bin/zsh
LANG=en_US.UTF-8
LC_ALL=en_US.UTF-8
TERM=xterm-256color
TMPDIR=/var/folders/83/l12z_8fx0g9d9z9yfnwqlnqm0000gn/T/

Active Locale:
LC_ALL=en_US.UTF-8
LC_COLLATE=en_US.UTF-8
LC_CTYPE=en_US.UTF-8
LC_MESSAGES=en_US.UTF-8
LC_MONETARY=en_US.UTF-8
LC_NUMERIC=en_US.UTF-8
LC_TIME=en_US.UTF-8

Signal Handlers:
   SIGSEGV: crash_handler in libjvm.dylib, mask=11100110000111110111111111111111, flags=SA_ONSTACK|SA_RESTART|SA_SIGINFO, unblocked
    SIGBUS: crash_handler in libjvm.dylib, mask=11100110000111110111111111111111, flags=SA_RESTART|SA_SIGINFO, unblocked
    SIGFPE: crash_handler in libjvm.dylib, mask=11100110000111110111111111111111, flags=SA_RESTART|SA_SIGINFO, unblocked
   SIGPIPE: javaSignalHandler in libjvm.dylib, mask=11100110000111110111111111111111, flags=SA_RESTART|SA_SIGINFO, blocked
   SIGXFSZ: javaSignalHandler in libjvm.dylib, mask=11100110000111110111111111111111, flags=SA_RESTART|SA_SIGINFO, blocked
    SIGILL: crash_handler in libjvm.dylib, mask=11100110000111110111111111111111, flags=SA_RESTART|SA_SIGINFO, unblocked
   SIGUSR2: SR_handler in libjvm.dylib, mask=00000000000000000000000000000000, flags=SA_RESTART|SA_SIGINFO, blocked
    SIGHUP: UserHandler in libjvm.dylib, mask=11100110000111110111111111111111, flags=SA_RESTART|SA_SIGINFO, blocked
    SIGINT: UserHandler in libjvm.dylib, mask=11100110000111110111111111111111, flags=SA_RESTART|SA_SIGINFO, blocked
   SIGTERM: UserHandler in libjvm.dylib, mask=11100110000111110111111111111111, flags=SA_RESTART|SA_SIGINFO, blocked
   SIGQUIT: UserHandler in libjvm.dylib, mask=11100110000111110111111111111111, flags=SA_RESTART|SA_SIGINFO, blocked
   SIGTRAP: crash_handler in libjvm.dylib, mask=11100110000111110111111111111111, flags=SA_RESTART|SA_SIGINFO, unblocked


Periodic native trim disabled

---------------  S Y S T E M  ---------------

OS:
uname: Darwin 25.5.0 Darwin Kernel Version 25.5.0: Mon Apr 27 20:38:00 PDT 2026; root:xnu-12377.121.6~2/RELEASE_ARM64_T8103 arm64
OS uptime: 8 days 17:59 hours
rlimit (soft/hard): STACK 8176k/65520k , CORE 0k/infinity , NPROC 2666/2666 , NOFILE 1048576/infinity , AS infinity/infinity , CPU infinity/infinity , DATA infinity/infinity , FSIZE infinity/infinity , MEMLOCK infinity/infinity , RSS infinity/infinity
load average: 3.75 3.72 3.50

CPU: total 8 (initial active 8) 0x61:0x0:0x1b588bb3:0, fp, asimd, aes, pmull, sha1, sha256, crc32, lse, sha3, sha512
machdep.cpu.brand_string:Apple M1
hw.cachelinesize:128
hw.l1icachesize:131072
hw.l1dcachesize:65536
hw.l2cachesize:4194304

Memory: 16k page, physical 16777216k(97232k free), swap 3145728k(1409600k free)

vm_info: OpenJDK 64-Bit Server VM (21.0.11+10-LTS) for bsd-aarch64 JRE (21.0.11+10-LTS) (Zulu21.50+19-CA), built on 2026-04-17T21:50:54Z by "zulu_re" with clang Apple LLVM 14.0.3 (clang-1403.0.22.14.1)

END.
