#
# A fatal error has been detected by the Java Runtime Environment:
#
#  SIGSEGV (0xb) at pc=0x000000013fea97e0, pid=31615, tid=97295
#
# JRE version: OpenJDK Runtime Environment Zulu21.50+19-CA (21.0.11+10) (build 21.0.11+10-LTS)
# Java VM: OpenJDK 64-Bit Server VM Zulu21.50+19-CA (21.0.11+10-LTS, mixed mode, sharing, tiered, compressed oops, compressed class ptrs, g1 gc, bsd-aarch64)
# Problematic frame:
# C  [libllama.dylib+0x317e0]  llama_model_loader::llama_model_loader(std::__1::basic_string<char, std::__1::char_traits<char>, std::__1::allocator<char>> const&, bool, bool, llama_model_kv_override const*)+0x12c
#
# No core dump will be written. Core dumps have been disabled. To enable core dumping, try "ulimit -c unlimited" before starting Java again
#
# If you would like to submit a bug report, please visit:
#   http://www.azul.com/support/
# The crash happened outside the Java Virtual Machine in native code.
# See problematic frame for where to report the bug.
#

---------------  S U M M A R Y ------------

Command Line: -Dapple.awt.application.appearance=system -Dcompose.application.configure.swing.globals=true -Dcompose.application.resources.dir=/Users/leandroferreira/WriteopiaProject/Writeopia/application/composeApp/build/compose/tmp/prepareAppResources -Dfile.encoding=UTF-8 -Duser.country=NL -Duser.language=en -Duser.variant io.writeopia.desktop.MainDesktopKt

Host: "MacBookPro17,1" arm64, 8 cores, 16G, Darwin 25.5.0, macOS 26.5.1 (25F80)
Time: Fri Aug 21 18:48:48 2026 -03 elapsed time: 80.647955 seconds (0d 0h 1m 20s)

---------------  T H R E A D  ---------------

Current thread (0x0000000b8993c000):  JavaThread "DefaultDispatcher-worker-4" daemon [_thread_in_native, id=97295, stack(0x0000000174dfc000,0x0000000174fff000) (2060K)]

Stack: [0x0000000174dfc000,0x0000000174fff000],  sp=0x0000000174ffcf10,  free space=2051k
Native frames: (J=compiled Java code, j=interpreted, Vv=VM code, C=native code)
C  [libllama.dylib+0x317e0]  llama_model_loader::llama_model_loader(std::__1::basic_string<char, std::__1::char_traits<char>, std::__1::allocator<char>> const&, bool, bool, llama_model_kv_override const*)+0x12c
C  [libllama.dylib+0x3894]  llama_load_model_from_file+0x888
C  [jna7827931608091302714.tmp+0x1004c]  ffi_prep_closure_loc+0x1970
C  [jna7827931608091302714.tmp+0xe64c]  ffi_call+0x584
C  [jna7827931608091302714.tmp+0x66b8]  Java_com_sun_jna_Native_invokePointer+0x87c
C  [jna7827931608091302714.tmp+0x5e68]  Java_com_sun_jna_Native_invokePointer+0x2c
j  com.sun.jna.Native.invokePointer(Lcom/sun/jna/Function;JI[Ljava/lang/Object;)J+0
j  com.sun.jna.Function.invokePointer(I[Ljava/lang/Object;)Lcom/sun/jna/Pointer;+7
j  com.sun.jna.Function.invoke([Ljava/lang/Object;Ljava/lang/Class;ZI)Ljava/lang/Object;+397
j  com.sun.jna.Function.invoke(Ljava/lang/reflect/Method;[Ljava/lang/Class;Ljava/lang/Class;[Ljava/lang/Object;Ljava/util/Map;)Ljava/lang/Object;+271
j  com.sun.jna.Library$Handler.invoke(Ljava/lang/Object;Ljava/lang/reflect/Method;[Ljava/lang/Object;)Ljava/lang/Object;+390
j  jdk.proxy1.$Proxy1.llama_load_model_from_file(Ljava/lang/String;Lio/writeopia/localai/llama/LlamaModelParamsNative$ByValue;)Lcom/sun/jna/Pointer;+20 jdk.proxy1
j  io.writeopia.localai.llama.LlamaJnaBridge$loadModel$2.invokeSuspend(Ljava/lang/Object;)Ljava/lang/Object;+103
J 7320 c2 kotlin.coroutines.jvm.internal.BaseContinuationImpl.resumeWith(Ljava/lang/Object;)V (124 bytes) @ 0x0000000117509758 [0x0000000117509700+0x0000000000000058]
J 7418 c2 kotlinx.coroutines.DispatchedTask.run()V (400 bytes) @ 0x000000011751fe18 [0x000000011751fb80+0x0000000000000298]
j  kotlinx.coroutines.internal.LimitedDispatcher$Worker.run()V+9
j  kotlinx.coroutines.scheduling.TaskImpl.run()V+4
j  kotlinx.coroutines.scheduling.CoroutineScheduler.runSafely(Lkotlinx/coroutines/scheduling/Task;)V+2
j  kotlinx.coroutines.scheduling.CoroutineScheduler$Worker.executeTask(Lkotlinx/coroutines/scheduling/Task;)V+84
j  kotlinx.coroutines.scheduling.CoroutineScheduler$Worker.runWorker()V+44
j  kotlinx.coroutines.scheduling.CoroutineScheduler$Worker.run()V+1
v  ~StubRoutines::call_stub 0x0000000116c64154
V  [libjvm.dylib+0x4bde24]  JavaCalls::call_helper(JavaValue*, methodHandle const&, JavaCallArguments*, JavaThread*)+0x3e0
V  [libjvm.dylib+0x4bcd54]  JavaCalls::call_virtual(JavaValue*, Klass*, Symbol*, Symbol*, JavaCallArguments*, JavaThread*)+0x140
V  [libjvm.dylib+0x4bce20]  JavaCalls::call_virtual(JavaValue*, Handle, Klass*, Symbol*, Symbol*, JavaThread*)+0x64
V  [libjvm.dylib+0x58e2fc]  thread_entry(JavaThread*, JavaThread*)+0x9c
V  [libjvm.dylib+0x4d24a4]  JavaThread::thread_main_inner()+0x98
V  [libjvm.dylib+0xa1163c]  Thread::call_run()+0xc8
V  [libjvm.dylib+0x831b40]  thread_native_entry(Thread*)+0x118
C  [libsystem_pthread.dylib+0x6c58]  _pthread_start+0x88
Java frames: (J=compiled Java code, j=interpreted, Vv=VM code)
j  com.sun.jna.Native.invokePointer(Lcom/sun/jna/Function;JI[Ljava/lang/Object;)J+0
j  com.sun.jna.Function.invokePointer(I[Ljava/lang/Object;)Lcom/sun/jna/Pointer;+7
j  com.sun.jna.Function.invoke([Ljava/lang/Object;Ljava/lang/Class;ZI)Ljava/lang/Object;+397
j  com.sun.jna.Function.invoke(Ljava/lang/reflect/Method;[Ljava/lang/Class;Ljava/lang/Class;[Ljava/lang/Object;Ljava/util/Map;)Ljava/lang/Object;+271
j  com.sun.jna.Library$Handler.invoke(Ljava/lang/Object;Ljava/lang/reflect/Method;[Ljava/lang/Object;)Ljava/lang/Object;+390
j  jdk.proxy1.$Proxy1.llama_load_model_from_file(Ljava/lang/String;Lio/writeopia/localai/llama/LlamaModelParamsNative$ByValue;)Lcom/sun/jna/Pointer;+20 jdk.proxy1
j  io.writeopia.localai.llama.LlamaJnaBridge$loadModel$2.invokeSuspend(Ljava/lang/Object;)Ljava/lang/Object;+103
J 7320 c2 kotlin.coroutines.jvm.internal.BaseContinuationImpl.resumeWith(Ljava/lang/Object;)V (124 bytes) @ 0x0000000117509758 [0x0000000117509700+0x0000000000000058]
J 7418 c2 kotlinx.coroutines.DispatchedTask.run()V (400 bytes) @ 0x000000011751fe18 [0x000000011751fb80+0x0000000000000298]
j  kotlinx.coroutines.internal.LimitedDispatcher$Worker.run()V+9
j  kotlinx.coroutines.scheduling.TaskImpl.run()V+4
j  kotlinx.coroutines.scheduling.CoroutineScheduler.runSafely(Lkotlinx/coroutines/scheduling/Task;)V+2
j  kotlinx.coroutines.scheduling.CoroutineScheduler$Worker.executeTask(Lkotlinx/coroutines/scheduling/Task;)V+84
j  kotlinx.coroutines.scheduling.CoroutineScheduler$Worker.runWorker()V+44
j  kotlinx.coroutines.scheduling.CoroutineScheduler$Worker.run()V+1
v  ~StubRoutines::call_stub 0x0000000116c64154

siginfo: si_signo: 11 (SIGSEGV), si_code: 2 (SEGV_ACCERR), si_addr: 0xffffffff00000004

Registers:
 x0=0x0000000000000000  x1=0x0000000000017c0f  x2=0x0000000000017c0f  x3=0x0000000000017c0f
 x4=0xffffffff00000000  x5=0x0000000000000010  x6=0xffffffffbfc007ff  x7=0xfffff0003ffff800
 x8=0x0000000174fff0e0  x9=0x0000000000000000 x10=0x00000000fffffff5 x11=0x00000001003445e8
x12=0x000000000000000a x13=0x000000016fb47e4f x14=0x00000000fffffff5 x15=0x000000013ff4563d
x16=0x000000018d2008c4 x17=0x00000001fa9b9278 x18=0x0000000000000000 x19=0x0000000b87d12000
x20=0xffffffff00000000 x21=0x000000013ff44774 x22=0x0000000174ffdae8 x23=0x0000000000000042
x24=0x0000000174ffd990 x25=0x0000000174ffd930 x26=0x000000014004b117 x27=0x0000000b85464dc0
x28=0x0000000b85464dc8  fp=0x0000000174ffd890  lr=0x000000013fea97ac  sp=0x0000000174ffcf10
pc=0x000000013fea97e0 cpsr=0x0000000060001000

Register to memory mapping:

x0 =0x0 is null
x1 =0x0000000000017c0f is an unknown value
x2 =0x0000000000017c0f is an unknown value
x3 =0x0000000000017c0f is an unknown value
x4 =0xffffffff00000000 is an unknown value
x5 =0x0000000000000010 is an unknown value
x6 =0xffffffffbfc007ff is an unknown value
x7 =0xfffff0003ffff800 is an unknown value
x8 =0x0000000174fff0e0 points into unknown readable memory: 0x0000000174fff000 | 00 f0 ff 74 01 00 00 00
x9 =0x0 is null
x10=0x00000000fffffff5 is an unknown value
x11=0x00000001003445e8 points into unknown readable memory: 0x0000000000000000 | 00 00 00 00 00 00 00 00
x12=0x000000000000000a is an unknown value
x13=0x000000016fb47e4f is pointing into the stack for thread: 0x0000000b87abc000
x14=0x00000000fffffff5 is an unknown value
x15=0x000000013ff4563d: <offset 0xcd63d> in /private/var/folders/83/l12z_8fx0g9d9z9yfnwqlnqm0000gn/T/writeopia-llama/libllama.dylib at 0x000000013fe78000
x16=0x000000018d2008c4: os_unfair_lock_unlock+0 in /usr/lib/system/libsystem_platform.dylib at 0x000000018d200000
x17=0x00000001fa9b9278 points into unknown readable memory: 0x000000018d2008c4 | c4 08 20 8d 01 00 00 00
x18=0x0 is null
x19=0x0000000b87d12000 points into unknown readable memory: 0x0000003200000000 | 00 00 00 00 32 00 00 00
x20=0xffffffff00000000 is an unknown value
x21=0x000000013ff44774: <offset 0xcc774> in /private/var/folders/83/l12z_8fx0g9d9z9yfnwqlnqm0000gn/T/writeopia-llama/libllama.dylib at 0x000000013fe78000
x22=0x0000000174ffdae8 is pointing into the stack for thread: 0x0000000b8993c000
x23=0x0000000000000042 is an unknown value
x24=0x0000000174ffd990 is pointing into the stack for thread: 0x0000000b8993c000
x25=0x0000000174ffd930 is pointing into the stack for thread: 0x0000000b8993c000
x26=0x000000014004b117: <offset 0x13117> in /Users/leandroferreira/WriteopiaProject/Writeopia/build/llama-cpp/llama.cpp/build/ggml/src/ggml-metal/libggml-metal.dylib at 0x0000000140038000
x27=0x0000000b85464dc0 points into unknown readable memory: 0x00000001400afcc0 | c0 fc 0a 40 01 00 00 00
x28=0x0000000b85464dc8 points into unknown readable memory: 0x0000000000000000 | 00 00 00 00 00 00 00 00
 fp=0x0000000174ffd890 is pointing into the stack for thread: 0x0000000b8993c000
 lr=0x000000013fea97ac: _ZN18llama_model_loaderC2ERKNSt3__112basic_stringIcNS0_11char_traitsIcEENS0_9allocatorIcEEEEbbPK23llama_model_kv_override+0xf8 in /private/var/folders/83/l12z_8fx0g9d9z9yfnwqlnqm0000gn/T/writeopia-llama/libllama.dylib at 0x000000013fe78000
 sp=0x0000000174ffcf10 is pointing into the stack for thread: 0x0000000b8993c000

Top of Stack: (sp=0x0000000174ffcf10)
0x0000000174ffcf10:   0000000000000000 0000000000000000   ................
0x0000000174ffcf20:   0000000000000000 0000000174ffd3f8   ...........t....
0x0000000174ffcf30:   0000000000000000 0000000000000000   ................
0x0000000174ffcf40:   0000000174ffd978 0000000174ffd934   x..t....4..t....
0x0000000174ffcf50:   0000000000000000 0000000174ffd9f0   ...........t....
0x0000000174ffcf60:   0000000174ffd910 0000000174ffd958   ...t....X..t....
0x0000000174ffcf70:   0000000174ffd9a8 00000001062cc9b4   ...t......,.....
0x0000000174ffcf80:   0000000000000000 0000000174ffd9d0   ...........t....
0x0000000174ffcf90:   0000000000000000 0000000174ffd940   ........@..t....
0x0000000174ffcfa0:   0000000174ffd930 0000000000000000   0..t............
0x0000000174ffcfb0:   0000000174ffd780 0000000174ffd998   ...t.......t....
0x0000000174ffcfc0:   0000000174ffd990 00000001060cae9c   ...t............
0x0000000174ffcfd0:   0000000117203260 0000000174ffdfd0   `2 ........t....
0x0000000174ffcfe0:   0000000117203260 0000000117203010   `2 ......0 .....
0x0000000174ffcff0:   0000000000000000 0000000000000000   ................
0x0000000174ffd000:   0000000000000000 0000000174ffdfd0   ...........t....
0x0000000174ffd010:   0000000106b51001 0000000106b71f38   ........8.......
0x0000000174ffd020:   0000000106b1a000 0000000106b48d08   ................
0x0000000174ffd030:   0000000000000001 0000000000000000   ................
0x0000000174ffd040:   0000000174ffd150 0000000174ffd108   P..t.......t....
0x0000000174ffd050:   0000000174ffd0f0 00000001062c239c   ...t.....#,.....
0x0000000174ffd060:   0000000174ffda90 0000000116c68f70   ...t....p.......
0x0000000174ffd070:   0000000116c68890 0000000000000000   ................
0x0000000174ffd080:   0000000000000000 0000000174ffdb00   ...........t....
0x0000000174ffd090:   0000000174ffda70 0000000b8993c000   p..t............
0x0000000174ffd0a0:   0000000b8993c000 00000007025ba838   ........8.[.....
0x0000000174ffd0b0:   000000980004c0e0 000000070078d6b8   ..........x.....
0x0000000174ffd0c0:   0000000000000000 00000001400afcc0   ...........@....
0x0000000174ffd0d0:   000000013ff44841 00000001fb4f8870   AH.?....p.O.....
0x0000000174ffd0e0:   000000014004b117 00000001400afcc0   ...@.......@....
0x0000000174ffd0f0:   000000013ff44841 00000001fb4f8870   AH.?....p.O.....
0x0000000174ffd100:   00000001fb4f8870 00000001f68e1268   p.O.....h.......

Instructions: (pc=0x000000013fea97e0)
0x000000013fea96e0:   f9 03 00 aa 28 05 00 f0 08 2d 45 f9 08 01 40 f9
0x000000013fea96f0:   a8 03 1a f8 e8 03 00 aa 1f 4d 00 b8 e8 1f 00 f9
0x000000013fea9700:   1f 00 00 b9 1f 08 00 b9 e8 03 00 aa 1f 0d 01 f8
0x000000013fea9710:   e8 47 00 f9 e8 03 00 aa 1f 8d 02 f8 e8 2f 00 f9
0x000000013fea9720:   1f 7c 03 a9 e8 03 00 aa 1f 8d 04 f8 e8 1b 00 f9
0x000000013fea9730:   e8 03 00 aa 1f 8d 06 f8 f8 03 00 aa e8 57 00 f9
0x000000013fea9740:   08 0f 06 f8 1f 7c 05 a9 1f 38 00 f9 1f 0c 00 f9
0x000000013fea9750:   1f 80 00 39 00 e4 00 6f e8 03 00 aa 00 8d 87 3c
0x000000013fea9760:   e8 33 00 f9 00 80 88 3c 08 f0 a7 52 08 98 00 b9
0x000000013fea9770:   e8 03 00 aa 00 0d 8a 3c e8 3f 00 f9 e8 03 00 aa
0x000000013fea9780:   00 0d 8c 3c e8 27 00 f9 00 2c 80 3d 1f 68 00 f9
0x000000013fea9790:   48 06 80 52 08 d8 00 b9 00 00 07 ad 1f 80 00 f9
0x000000013fea97a0:   e0 04 00 90 00 f0 18 91 bc fd 01 94 20 01 00 b4
0x000000013fea97b0:   87 fd 01 94 1f 00 00 71 e8 d7 9f 1a e8 77 00 b9
0x000000013fea97c0:   f9 4b 00 f9 f8 5b 00 f9 d4 00 00 b5 3a 00 00 14
0x000000013fea97d0:   ff 77 00 b9 f9 4b 00 f9 f8 5b 00 f9 d4 06 00 b4
0x000000013fea97e0:   88 12 40 39 88 06 00 34 f3 83 14 91 36 03 80 52
0x000000013fea97f0:   04 00 00 14 88 32 44 39 94 22 04 91 c8 05 00 34
0x000000013fea9800:   80 12 00 91 2d 00 02 94 28 01 80 92 e8 ff ef f2
0x000000013fea9810:   1f 00 08 eb c8 d0 00 54 f5 03 00 aa 1f 5c 00 f1
0x000000013fea9820:   a2 00 00 54 f5 df 04 39 f7 83 04 91 95 01 00 b5
0x000000013fea9830:   0f 00 00 14 a8 0a 40 b2 1f 5d 00 f1 d9 06 88 9a
0x000000013fea9840:   e0 03 19 aa 32 fd 01 94 f7 03 00 aa 28 03 41 b2
0x000000013fea9850:   f5 a3 12 a9 e0 93 00 f9 f9 4b 40 f9 81 12 00 91
0x000000013fea9860:   e0 03 17 aa e2 03 15 aa e1 ff 01 94 ff 6a 35 38
0x000000013fea9870:   e0 4b c0 3d e0 4b 81 3d e8 9b 40 f9 e8 9b 02 f9
0x000000013fea9880:   60 62 00 91 e1 03 14 aa 02 21 80 52 d5 ff 01 94
0x000000013fea9890:   e1 83 14 91 e2 83 14 91 e0 33 40 f9 c4 0b 00 94
0x000000013fea98a0:   e8 df d4 39 88 fa ff 36 e0 93 42 f9 12 fd 01 94
0x000000013fea98b0:   d1 ff ff 17 ff 7f 00 f9 ea 2b 40 f9 48 5d c0 39
0x000000013fea98c0:   49 01 40 f9 1f 01 00 71 20 b1 8a 9a e2 e3 03 91
0x000000013fea98d0:   21 00 80 52 8d ff 01 94 e9 3f 40 f9 28 01 40 f9


Stack slot to memory mapping:

stack at sp + 0 slots: 0x0 is null
stack at sp + 1 slots: 0x0 is null
stack at sp + 2 slots: 0x0 is null
stack at sp + 3 slots: 0x0000000174ffd3f8 is pointing into the stack for thread: 0x0000000b8993c000
stack at sp + 4 slots: 0x0 is null
stack at sp + 5 slots: 0x0 is null
stack at sp + 6 slots: 0x0000000174ffd978 is pointing into the stack for thread: 0x0000000b8993c000
stack at sp + 7 slots: 0x0000000174ffd934 is pointing into the stack for thread: 0x0000000b8993c000


Compiled method (c2) 80653 7320   !   4       kotlin.coroutines.jvm.internal.BaseContinuationImpl::resumeWith (124 bytes)
 total in heap  [0x0000000117509510,0x0000000117509de8] = 2264
 relocation     [0x0000000117509660,0x00000001175096f8] = 152
 main code      [0x0000000117509700,0x0000000117509ac0] = 960
 stub code      [0x0000000117509ac0,0x0000000117509b40] = 128
 oops           [0x0000000117509b40,0x0000000117509b58] = 24
 metadata       [0x0000000117509b58,0x0000000117509b98] = 64
 scopes data    [0x0000000117509b98,0x0000000117509c90] = 248
 scopes pcs     [0x0000000117509c90,0x0000000117509d50] = 192
 dependencies   [0x0000000117509d50,0x0000000117509d58] = 8
 handler table  [0x0000000117509d58,0x0000000117509de8] = 144

[Constant Pool (empty)]

[MachCode]
[Entry Point]
  # {method} {0x000000012552e998} 'resumeWith' '(Ljava/lang/Object;)V' in 'kotlin/coroutines/jvm/internal/BaseContinuationImpl'
  # this:     c_rarg1:c_rarg1 
                        = 'kotlin/coroutines/jvm/internal/BaseContinuationImpl'
  # parm0:    c_rarg2:c_rarg2 
                        = 'java/lang/Object'
  #           [sp+0x40]  (sp of caller)
  0x0000000117509700: 2808 40b9 | 3f01 086b | 4000 0054 

  0x000000011750970c: ;   {runtime_call ic_miss_stub}
  0x000000011750970c: dd59 de17 
[Verified Entry Point]
  0x0000000117509710: 1f20 03d5 | e953 40d1 | 3f01 00f9 | ff03 01d1 | fd7b 03a9 | c81c 0018 | 8923 40b9 | 1f01 09eb 
  0x0000000117509730: c11b 0054 | 2a0c 40b9 | 4af1 7dd3 | ea0a 00b4 | e1ab 00a9 | e107 40f9 | e9ff 9fd2 | e9ff bff2 
  0x0000000117509750: e9ff dff2 

  0x0000000117509754: ; ImmutableOopMap {[8]=Oop [16]=Oop }
                      ;*invokevirtual invokeSuspend {reexecute=0 rethrow=0 return_oop=1}
                      ; - kotlin.coroutines.jvm.internal.BaseContinuationImpl::resumeWith@40 (line 34)
                      ;   {virtual_call}
  0x0000000117509754: 2b1c e297 

  0x0000000117509758: ;   {other}
  0x0000000117509758: 1f20 03d5 | 1f49 80f2 | 1f00 80f2 

  0x0000000117509764: ;   {oop(a 'kotlin/coroutines/intrinsics/CoroutineSingletons'{0x00000007001b71d0})}
  0x0000000117509764: 0a3a 8ed2 | 6a03 a0f2 | ea00 c0f2 | 1f00 0aeb | 8004 0054 | e00f 00f9 | ea0b 40f9 | 4a09 40b9 
  0x0000000117509784: 0a13 c0f2 | 5d1d 40f9 | ea03 00f9 | e107 40f9 | e9ff 9fd2 | e9ff bff2 | e9ff dff2 

  0x00000001175097a0: ; ImmutableOopMap {[16]=Oop [24]=Oop }
                      ;*invokevirtual releaseIntercepted {reexecute=0 rethrow=0 return_oop=0}
                      ; - kotlin.coroutines.jvm.internal.BaseContinuationImpl::resumeWith@90 (line 40)
                      ;   {virtual_call}
  0x00000001175097a0: c41b e297 

  0x00000001175097a4: ;   {other}
  0x00000001175097a4: 1f20 03d5 | 9f52 80f2 | 1f20 80f2 

  0x00000001175097b0: ;   {metadata('kotlin/coroutines/jvm/internal/BaseContinuationImpl')}
  0x00000001175097b0: 0a80 82d2 | 4a20 a0f2 | 0a13 c0f2 | bf03 0aeb | e102 0054 

  0x00000001175097c4: ; ImmutableOopMap {[16]=Oop [24]=Oop }
                      ;*goto {reexecute=1 rethrow=0 return_oop=0}
                      ; - (reexecute) kotlin.coroutines.jvm.internal.BaseContinuationImpl::resumeWith@121 (line 30)
  0x00000001175097c4: 8a33 42f9 

  0x00000001175097c8: ;   {poll}
  0x00000001175097c8: 5f01 40b9 | eb03 40f9 | 6a11 40f9 

  0x00000001175097d4: ;   {metadata('kotlin/coroutines/Continuation')}
  0x00000001175097d4: 0042 83d2 | 4020 a0f2 | 0013 c0f2 | 5f01 00eb | e102 0054 | ea0b 40f9 | 4b0d 40b9 | 6bf1 7dd3 
  0x00000001175097f4: 2b06 00b4 | e20f 40f9 | eaaf 00a9 | d1ff ff17 | fd7b 43a9 | ff03 0191 

  0x000000011750980c: ;   {poll_return}
  0x000000011750980c: 882f 42f9 | ff63 28eb | 4814 0054 | c003 5fd6 | e10b 41a9 | 097c 8ed2 | 494b b1f2 | 6901 c0f2 
  0x000000011750982c: ; ImmutableOopMap {}
                      ;*invokeinterface resumeWith {reexecute=0 rethrow=0 return_oop=0}
                      ; - kotlin.coroutines.jvm.internal.BaseContinuationImpl::resumeWith@114 (line 47)
                      ;   {virtual_call}
  0x000000011750982c: cd1a e297 

  0x0000000117509830: ;   {other}
  0x0000000117509830: 1f20 03d5 | 1f64 80f2 | 1f60 80f2 | f2ff ff17 | e403 0baa | e503 40b2 | 8950 40f9 | 8050 40fd 
  0x0000000117509850: 8901 6836 | 0054 725f | 0058 200e | 00b8 310e | 0300 669e | 8114 40f9 | 2578 63f8 | a500 00ca 
  0x0000000117509870: 8500 00b4 | 6900 7036 | 2935 c993 

  0x000000011750987c: ;   {runtime_call StubRoutines (final stubs)}
  0x000000011750987c: ef80 de97 | 45fb ffb4 | 2104 8012 

  0x0000000117509888: ; ImmutableOopMap {[16]=Oop [24]=Oop }
                      ;*checkcast {reexecute=0 rethrow=0 return_oop=0}
                      ; - kotlin.coroutines.jvm.internal.BaseContinuationImpl::resumeWith@10 (line 29)
                      ;   {runtime_call UncommonTrapBlob}
  0x0000000117509888: be75 de97 

  0x000000011750988c: ;   {other}
  0x000000011750988c: 1f20 03d5 | 9f6f 80f2 | 1f80 80f2 | e103 00f9 | fd03 02aa | ea0b 00f9 | 4117 8012 

  0x00000001175098a8: ; ImmutableOopMap {rfp=Oop [0]=Oop [16]=Oop }
                      ;*ifnonnull {reexecute=1 rethrow=0 return_oop=0}
                      ; - (reexecute) kotlin.jvm.internal.Intrinsics::checkNotNull@1 (line 24)
                      ; - kotlin.coroutines.jvm.internal.BaseContinuationImpl::resumeWith@31 (line 31)
                      ;   {runtime_call UncommonTrapBlob}
  0x00000001175098a8: b675 de97 

  0x00000001175098ac: ;   {other}
  0x00000001175098ac: 1f20 03d5 | 9f73 80f2 | 1fa0 80f2 | 4117 8012 | ea03 00f9 | eb0b 00f9 

  0x00000001175098c4: ; ImmutableOopMap {[0]=Oop [16]=Oop [24]=Oop }
                      ;*ifnonnull {reexecute=1 rethrow=0 return_oop=0}
                      ; - (reexecute) kotlin.jvm.internal.Intrinsics::checkNotNull@1 (line 24)
                      ; - kotlin.coroutines.jvm.internal.BaseContinuationImpl::resumeWith@31 (line 31)
                      ;   {runtime_call UncommonTrapBlob}
  0x00000001175098c4: af75 de97 

  0x00000001175098c8: ;   {other}
  0x00000001175098c8: 1f20 03d5 | 1f77 80f2 | 1fc0 80f2 | e103 1caa | c900 0010 | 89db 01f9 

  0x00000001175098e0: ;   {runtime_call G1BarrierSetRuntime::write_ref_field_pre_entry(oopDesc*, JavaThread*)}
  0x00000001175098e0: 88d3 83d2 | 48c3 a0f2 | 2800 c0f2 | 0001 3fd6 

  0x00000001175098f0: ;   {other}
  0x00000001175098f0: 1f20 03d5 | 1f00 80f2 | 1f00 80f2 | 2200 0014 | e003 00f9 | e103 00aa 

  0x0000000117509908: ;   {oop("exception"{0x0000000700612448})}
  0x0000000117509908: 0289 84d2 | 220c a0f2 | e200 c0f2 

  0x0000000117509914: ; ImmutableOopMap {[0]=Oop [8]=Oop [16]=Oop }
                      ;*invokestatic checkNotNullParameter {reexecute=0 rethrow=0 return_oop=0}
                      ; - kotlin.ResultKt::createFailure@3
                      ; - kotlin.coroutines.jvm.internal.BaseContinuationImpl::resumeWith@76 (line 38)
                      ;   {static_call}
  0x0000000117509914: fbe7 f697 

  0x0000000117509918: ;   {other}
  0x0000000117509918: 1f20 03d5 | 1f81 80f2 | 1fe0 80f2 | 80df 40f9 | 8ae7 40f9 | 0b40 0091 | 7f01 0aeb | 0209 0054 
  0x0000000117509938: ea03 40b2 | 8bdf 00f9 

  0x0000000117509940: ;   {metadata('kotlin/Result$Failure')}
  0x0000000117509940: 0c21 a0d2 | 0cca 90f2 | 0a00 00f9 | 0c08 00b9 | 70c1 80f9 | 1f0c 00b9 | fd03 00aa | e103 40f9 
  0x0000000117509960: ;   {oop("exception"{0x0000000700612448})}
  0x0000000117509960: 0289 84d2 | 220c a0f2 | e200 c0f2 

  0x000000011750996c: ; ImmutableOopMap {rfp=Oop [0]=Oop [8]=Oop [16]=Oop }
                      ;*invokestatic checkNotNullParameter {reexecute=0 rethrow=0 return_oop=0}
                      ; - kotlin.Result$Failure::<init>@3
                      ; - kotlin.ResultKt::createFailure@11 (line 122)
                      ; - kotlin.coroutines.jvm.internal.BaseContinuationImpl::resumeWith@76 (line 38)
                      ;   {static_call}
  0x000000011750996c: e5e7 f697 

  0x0000000117509970: ;   {other}
  0x0000000117509970: 1f20 03d5 | 1f8c 80f2 | 1f00 81f2 | 8a03 c139 | 6a02 0035 | ec03 40f9 | ea03 1daa | eb03 0caa 
  0x0000000117509990: 6b01 0aca | 8cfd 43d3 | 6bfd 55d3 | ac0f 00b9 | 0b01 00b4 | 4afd 49d3 | 6b5e a3d2 | 2b00 c0f2 
  0x00000001175099b0: 6001 0a8b | 0b00 c039 | 7f09 0071 | e101 0054 | bf3b 03d5 | fd0f 00f9 | 6dff ff17 | ab0f 40b9 
  0x00000001175099d0: 60f1 7dd3 | 80fd ffb4 | 8a17 40f9 | caf7 ffb4 | 8b1f 40f9 | 4c21 00d1 | 6a01 0a8b | 4081 1ff8 
  0x00000001175099f0: 8c17 00f9 | e4ff ff17 | 8a2f 40f9 | 8b27 40f9 | bf3b 03d5 | 0d00 c039 | cdfd ff34 | 1f00 0039 
  0x0000000117509a10: 8b01 00b5 | e103 1caa | c900 0010 | 89db 01f9 

  0x0000000117509a20: ;   {runtime_call G1BarrierSetRuntime::write_ref_field_post_entry(unsigned char volatile*, JavaThread*)}
  0x0000000117509a20: 88d8 83d2 | 48c3 a0f2 | 2800 c0f2 | 0001 3fd6 

  0x0000000117509a30: ;   {other}
  0x0000000117509a30: 1f20 03d5 | 1f00 80f2 | 1f00 80f2 | e1ff ff17 | 6c21 00d1 | 4a01 0b8b | 4081 1ff8 | 8c27 00f9 
  0x0000000117509a50: dcff ff17 

  0x0000000117509a54: ;   {metadata('kotlin/Result$Failure')}
  0x0000000117509a54: 01ca 90d2 | 0121 a0f2 | 0113 c0f2 

  0x0000000117509a60: ; ImmutableOopMap {[0]=Oop [8]=Oop [16]=Oop }
                      ;*new {reexecute=0 rethrow=0 return_oop=1}
                      ; - kotlin.ResultKt::createFailure@6 (line 122)
                      ; - kotlin.coroutines.jvm.internal.BaseContinuationImpl::resumeWith@76 (line 38)
                      ;   {runtime_call _new_instance_Java}
  0x0000000117509a60: 68df e197 

  0x0000000117509a64: ;   {other}
  0x0000000117509a64: 1f20 03d5 | 9faa 80f2 | 1f20 81f2 | baff ff17 | 0200 0014 | 0100 0014 | e103 00aa | 0400 0014 
  0x0000000117509a84: e103 00aa | 0200 0014 | e103 00aa | fd7b 43a9 | ff03 0191 

  0x0000000117509a98: ;   {runtime_call _rethrow_Java}
  0x0000000117509a98: 9af2 e117 

  0x0000000117509a9c: ;   {internal_word}
  0x0000000117509a9c: 88eb ff10 | 883b 02f9 

  0x0000000117509aa4: ;   {runtime_call SafepointBlob}
  0x0000000117509aa4: 9773 de17 | 0830 93d2 | 48d9 a2f2 | 2800 c0f2 | 0001 3fd6 | 1fff ff17 

  0x0000000117509abc: ;   {other}
  0x0000000117509abc: 0700 0000 
[Stub Code]
  0x0000000117509ac0: ;   {no_reloc}
  0x0000000117509ac0: 4800 0058 | 0001 1fd6 | 0008 d916 | 0100 0000 

  0x0000000117509ad0: ;   {trampoline_stub}
  0x0000000117509ad0: 4800 0058 | 0001 1fd6 | b006 d916 | 0100 0000 

  0x0000000117509ae0: ;   {trampoline_stub}
  0x0000000117509ae0: 4800 0058 | 0001 1fd6 | 6003 d916 | 0100 0000 

  0x0000000117509af0: ;   {trampoline_stub}
  0x0000000117509af0: 4800 0058 | 0001 1fd6 | 0039 2c17 | 0100 0000 

  0x0000000117509b00: ;   {trampoline_stub}
  0x0000000117509b00: 4800 0058 | 0001 1fd6 | 0039 2c17 | 0100 0000 

  0x0000000117509b10: ;   {static_stub}
  0x0000000117509b10: df3f 03d5 

  0x0000000117509b14: ;   {metadata(nullptr)}
  0x0000000117509b14: 0c00 80d2 | 0c00 a0f2 | 0c00 c0f2 | 0800 80d2 | 0800 a0f2 | 0800 c0f2 | 0001 1fd6 
[Exception Handler]
  0x0000000117509b30: ;   {runtime_call ExceptionBlob}
  0x0000000117509b30: 54cc e117 
[Deopt Handler Code]
  0x0000000117509b34: 1e00 0010 

  0x0000000117509b38: ;   {runtime_call DeoptimizationBlob}
  0x0000000117509b38: 4274 de17 | 0000 0000 
[/MachCode]


Compiled method (c2) 80658 7418   !   4       kotlinx.coroutines.DispatchedTask::run (400 bytes)
 total in heap  [0x000000011751f710,0x0000000117521db8] = 9896
 relocation     [0x000000011751f860,0x000000011751fb80] = 800
 main code      [0x000000011751fb80,0x00000001175209f0] = 3696
 stub code      [0x00000001175209f0,0x0000000117520d90] = 928
 oops           [0x0000000117520d90,0x0000000117520dd8] = 72
 metadata       [0x0000000117520dd8,0x0000000117520f08] = 304
 scopes data    [0x0000000117520f08,0x00000001175216b8] = 1968
 scopes pcs     [0x00000001175216b8,0x0000000117521a68] = 944
 dependencies   [0x0000000117521a68,0x0000000117521a70] = 8
 handler table  [0x0000000117521a70,0x0000000117521d70] = 768
 nul chk table  [0x0000000117521d70,0x0000000117521db8] = 72

[Constant Pool (empty)]

[MachCode]
[Entry Point]
  # {method} {0x0000000125560ef0} 'run' '()V' in 'kotlinx/coroutines/DispatchedTask'
  #           [sp+0x60]  (sp of caller)
  0x000000011751fb80: 2808 40b9 | 3f01 086b | 4000 0054 

  0x000000011751fb8c: ;   {runtime_call ic_miss_stub}
  0x000000011751fb8c: bd00 de17 
[Verified Entry Point]
  0x000000011751fb90: 1f20 03d5 | e953 40d1 | 3f01 00f9 | ff83 01d1 | fd7b 05a9 | 2872 0018 | 8923 40b9 | 1f01 09eb 
  0x000000011751fbb0: 2171 0054 | e113 00f9 | e9ff 9fd2 | e9ff bff2 | e9ff dff2 

  0x000000011751fbc4: ; ImmutableOopMap {[32]=Oop }
                      ;*invokevirtual getDelegate$kotlinx_coroutines_core {reexecute=0 rethrow=0 return_oop=1}
                      ; - kotlinx.coroutines.DispatchedTask::run@34 (line 80)
                      ;   {virtual_call}
  0x000000011751fbc4: bbc2 e197 

  0x000000011751fbc8: ;   {other}
  0x000000011751fbc8: 1f20 03d5 | 1f97 80f2 | 1f00 80f2 

  0x000000011751fbd4: ; implicit exception: dispatches to 0x00000001175206a4
  0x000000011751fbd4: 0a08 40b9 

  0x000000011751fbd8: ;   {metadata('kotlinx/coroutines/internal/DispatchedContinuation')}
  0x000000011751fbd8: 0c21 a0d2 | 0c93 8af2 | 5f01 0c6b | 4150 0054 | 0b20 40b9 | 0a28 40b9 | 6bf1 7dd3 | eb03 00f9 
  0x000000011751fbf8: 5df1 7dd3 | e103 0baa | 09a0 90d2 | 494f b1f2 | 6901 c0f2 

  0x000000011751fc0c: ; ImmutableOopMap {rfp=Oop [0]=Oop [32]=Oop }
                      ;*invokeinterface getContext {reexecute=0 rethrow=0 return_oop=1}
                      ; - kotlinx.coroutines.DispatchedTask::run@64 (line 222)
                      ;   {virtual_call}
  0x000000011751fc0c: 07c3 e197 

  0x000000011751fc10: ;   {other}
  0x000000011751fc10: 1f20 03d5 | 1fa0 80f2 | 1f20 80f2 | e00b 00f9 | bd18 00b4 

  0x000000011751fc24: ;   {oop(a 'java/lang/Integer'{0x0000000700402218} = 0)}
  0x000000011751fc24: 0a43 84d2 | 0a08 a0f2 | ea00 c0f2 | eb03 1daa | bf03 0aeb | 4133 0054 

  0x000000011751fc3c: ;   {oop(a 'kotlinx/coroutines/internal/Symbol'{0x00000007001b8668})}
  0x000000011751fc3c: 0bcd 90d2 | 6b03 a0f2 | eb00 c0f2 | ea03 1faa | eb0f 00f9 | ea17 00f9 | e103 40f9 | 09a4 90d2 
  0x000000011751fc5c: 494f b1f2 | 6901 c0f2 

  0x000000011751fc64: ; ImmutableOopMap {[0]=Oop [16]=Oop [24]=Oop [32]=Oop [40]=Oop }
                      ;*invokeinterface getContext {reexecute=0 rethrow=0 return_oop=1}
                      ; - kotlinx.coroutines.DispatchedTask::run@107 (line 83)
                      ;   {virtual_call}
  0x000000011751fc64: f1c2 e197 

  0x000000011751fc68: ;   {other}
  0x000000011751fc68: 1f20 03d5 | 1fab 80f2 | 1f40 80f2 | fd03 00aa | e113 40f9 | e9ff 9fd2 | e9ff bff2 | e9ff dff2 
  0x000000011751fc88: ; ImmutableOopMap {rfp=Oop [0]=Oop [16]=Oop [24]=Oop [32]=Oop [40]=Oop }
                      ;*invokevirtual takeState$kotlinx_coroutines_core {reexecute=0 rethrow=0 return_oop=1}
                      ; - kotlinx.coroutines.DispatchedTask::run@115 (line 84)
                      ;   {virtual_call}
  0x000000011751fc88: 94c2 e197 

  0x000000011751fc8c: ;   {other}
  0x000000011751fc8c: 1f20 03d5 | 9faf 80f2 | 1f60 80f2 | e01b 00f9 | e113 40f9 | e203 00aa | e9ff 9fd2 | e9ff bff2 
  0x000000011751fcac: e9ff dff2 

  0x000000011751fcb0: ; ImmutableOopMap {rfp=Oop [0]=Oop [16]=Oop [24]=Oop [32]=Oop [40]=Oop [48]=Oop }
                      ;*invokevirtual getExceptionalResult$kotlinx_coroutines_core {reexecute=0 rethrow=0 return_oop=1}
                      ; - kotlinx.coroutines.DispatchedTask::run@123 (line 85)
                      ;   {virtual_call}
  0x000000011751fcb0: 28c3 e197 

  0x000000011751fcb4: ;   {other}
  0x000000011751fcb4: 1f20 03d5 | 9fb4 80f2 | 1f80 80f2 | 8026 00b5 | ed13 40f9 | ab19 40b9 | 7f05 0071 | 6000 0054 
  0x000000011751fcd4: 7f09 0071 | 0108 0054 | eb03 1daa 

  0x000000011751fce0: ; implicit exception: dispatches to 0x0000000117520654
  0x000000011751fce0: 6a09 40b9 

  0x000000011751fce4: ;   {metadata('kotlin/coroutines/CombinedContext')}
  0x000000011751fce4: 0c21 a0d2 | 0c23 8ef2 | 5f01 0c6b | 813c 0054 | ab13 40b9 | 61f1 7dd3 

  0x000000011751fcfc: ;   {oop(a 'kotlinx/coroutines/Job$Key'{0x00000007001a4bb8})}
  0x000000011751fcfc: 0277 89d2 | 4203 a0f2 | e200 c0f2 | 09ac 90d2 | 494f b1f2 | 6901 c0f2 

  0x000000011751fd14: ; ImmutableOopMap {rfp=Oop [0]=Oop [16]=Oop [24]=Oop [32]=Oop [40]=Oop [48]=Oop }
                      ;*invokeinterface get {reexecute=0 rethrow=0 return_oop=1}
                      ; - kotlin.coroutines.CombinedContext::get@14 (line 143)
                      ; - kotlinx.coroutines.DispatchedTask::run@151 (line 91)
                      ;   {virtual_call}
  0x000000011751fd14: 67c1 e197 

  0x000000011751fd18: ;   {other}
  0x000000011751fd18: 1f20 03d5 | 1fc1 80f2 | 1fa0 80f2 | ec03 00aa | 0003 00b5 | 1f20 03d5 | aa0f 40b9 | 41f1 7dd3 
  0x000000011751fd38: ; implicit exception: dispatches to 0x000000011752067c
  0x000000011751fd38: 2b08 40b9 

  0x000000011751fd3c: ;   {metadata('kotlin/coroutines/CombinedContext')}
  0x000000011751fd3c: 0a21 a0d2 | 0a23 8ef2 | 7f01 0a6b | a10c 0054 | fd03 01aa | ab13 40b9 | 61f1 7dd3 

  0x000000011751fd58: ;   {oop(a 'kotlinx/coroutines/Job$Key'{0x00000007001a4bb8})}
  0x000000011751fd58: 0277 89d2 | 4203 a0f2 | e200 c0f2 | 099c 90d2 | 494f b1f2 | 6901 c0f2 

  0x000000011751fd70: ; ImmutableOopMap {rfp=Oop [0]=Oop [16]=Oop [24]=Oop [32]=Oop [40]=Oop [48]=Oop }
                      ;*invokeinterface get {reexecute=0 rethrow=0 return_oop=1}
                      ; - kotlin.coroutines.CombinedContext::get@14 (line 143)
                      ; - kotlinx.coroutines.DispatchedTask::run@151 (line 91)
                      ;   {virtual_call}
  0x000000011751fd70: 50c1 e197 

  0x000000011751fd74: ;   {other}
  0x000000011751fd74: 1f20 03d5 | 9fcc 80f2 | 1fc0 80f2 | ec03 00aa | 60fd ffb4 | 8a09 40b9 | e403 0a2a | 0413 c0f2 
  0x000000011751fd94: 8a10 40f9 

  0x000000011751fd98: ;   {metadata('kotlinx/coroutines/Job')}
  0x000000011751fd98: 0b8e 84d2 | 0b21 a0f2 | 0b13 c0f2 | 5f01 0beb | a105 0054 | fd03 0caa | e103 1daa | 09a8 90d2 
  0x000000011751fdb8: 494f b1f2 | 6901 c0f2 

  0x000000011751fdc0: ; ImmutableOopMap {rfp=Oop [0]=Oop [16]=Oop [24]=Oop [32]=Oop [40]=Oop [48]=Oop }
                      ;*invokeinterface isActive {reexecute=0 rethrow=0 return_oop=0}
                      ; - kotlinx.coroutines.DispatchedTask::run@172 (line 92)
                      ;   {virtual_call}
  0x000000011751fdc0: 144f e597 

  0x000000011751fdc4: ;   {other}
  0x000000011751fdc4: 1f20 03d5 | 9fd6 80f2 | 1fe0 80f2 | 6012 0034 | ed13 40f9 | ed13 00f9 | e103 0daa | e21b 40f9 
  0x000000011751fde4: e9ff 9fd2 | e9ff bff2 | e9ff dff2 

  0x000000011751fdf0: ; ImmutableOopMap {[0]=Oop [16]=Oop [24]=Oop [32]=Oop [40]=Oop }
                      ;*invokevirtual getSuccessfulResult$kotlinx_coroutines_core {reexecute=0 rethrow=0 return_oop=1}
                      ; - kotlinx.coroutines.DispatchedTask::run@308 (line 100)
                      ;   {virtual_call}
  0x000000011751fdf0: c8c1 e197 

  0x000000011751fdf4: ;   {other}
  0x000000011751fdf4: 1f20 03d5 | 9fdc 80f2 | 1f00 81f2 | e103 40f9 | e203 00aa | 096c 90d2 | 494f b1f2 | 6901 c0f2 
  0x000000011751fe14: ; ImmutableOopMap {[16]=Oop [24]=Oop [32]=Oop [40]=Oop }
                      ;*invokeinterface resumeWith {reexecute=0 rethrow=0 return_oop=0}
                      ; - kotlinx.coroutines.DispatchedTask::run@314 (line 100)
                      ;   {virtual_call}
  0x000000011751fe14: 53c1 e197 

  0x000000011751fe18: ;   {other}
  0x000000011751fe18: 1f20 03d5 | 1fe1 80f2 | 1f20 81f2 | ea17 40f9 | 6a35 00b5 

  0x000000011751fe2c: ;   {oop(a 'kotlinx/coroutines/internal/Symbol'{0x00000007001b8668})}
  0x000000011751fe2c: 0acd 90d2 | 6a03 a0f2 | ea00 c0f2 | ed0f 40f9 | bf01 0aeb | 0128 0054 | fd7b 45a9 | ff83 0191 
  0x000000011751fe4c: ;   {poll_return}
  0x000000011751fe4c: 882f 42f9 | ff63 28eb | a85b 0054 | c003 5fd6 

  0x000000011751fe5c: ;   {metadata('kotlinx/coroutines/Job')}
  0x000000011751fe5c: 008e 84d2 | 0021 a0f2 | 0013 c0f2 | e503 40b2 | 8950 40f9 | 8050 40fd | 8901 e036 | 0054 635f 
  0x000000011751fe7c: 0058 200e | 00b8 310e | 0300 669e | 8114 40f9 | 2578 63f8 | a500 00ca | 8500 00b4 | 6900 e836 
  0x000000011751fe9c: 2971 c993 

  0x000000011751fea0: ;   {runtime_call StubRoutines (final stubs)}
  0x000000011751fea0: 6627 de97 | 45f8 ffb4 | ea0b 40f9 | ea07 00f9 | ea0f 40f9 | ea0b 00f9 | ea17 40f9 | 2104 8012 
  0x000000011751fec0: fd13 40f9 | ea0f 00f9 | ec17 00f9 

  0x000000011751fecc: ; ImmutableOopMap {rfp=Oop [0]=Oop [8]=Oop [16]=Oop [24]=Oop [40]=Oop [48]=Oop }
                      ;*checkcast {reexecute=0 rethrow=0 return_oop=0}
                      ; - kotlinx.coroutines.DispatchedTask::run@156 (line 91)
                      ;   {runtime_call UncommonTrapBlob}
  0x000000011751fecc: 2d1c de97 

  0x000000011751fed0: ;   {other}
  0x000000011751fed0: 1f20 03d5 | 1ff8 80f2 | 1f40 81f2 

  0x000000011751fedc: ;   {oop(a 'kotlinx/coroutines/Job$Key'{0x00000007001a4bb8})}
  0x000000011751fedc: 0277 89d2 | 4203 a0f2 | e200 c0f2 | 09d4 90d2 | 494f b1f2 | 6901 c0f2 

  0x000000011751fef4: ; ImmutableOopMap {[0]=Oop [16]=Oop [24]=Oop [32]=Oop [40]=Oop [48]=Oop }
                      ;*invokeinterface get {reexecute=0 rethrow=0 return_oop=1}
                      ; - kotlin.coroutines.CombinedContext::get@55 (line 148)
                      ; - kotlinx.coroutines.DispatchedTask::run@151 (line 91)
                      ;   {virtual_call}
  0x000000011751fef4: efc0 e197 

  0x000000011751fef8: ;   {other}
  0x000000011751fef8: 1f20 03d5 | 1ffd 80f2 | 1f60 81f2 | ec03 00aa | 00f4 ffb5 | ea0b 40f9 | ea07 00f9 | ea0f 40f9 
  0x000000011751ff18: 6101 8012 | fd13 40f9 | ea0b 00f9 

  0x000000011751ff24: ; ImmutableOopMap {rfp=Oop [0]=Oop [8]=Oop [16]=Oop [40]=Oop [48]=Oop }
                      ;*checkcast {reexecute=0 rethrow=0 return_oop=0}
                      ; - kotlinx.coroutines.DispatchedTask::run@156 (line 91)
                      ;   {runtime_call UncommonTrapBlob}
  0x000000011751ff24: 171c de97 

  0x000000011751ff28: ;   {other}
  0x000000011751ff28: 1f20 03d5 | 1f03 81f2 | 1f80 81f2 

  0x000000011751ff34: ; implicit exception: dispatches to 0x00000001175206c0
  0x000000011751ff34: 0b08 40b9 

  0x000000011751ff38: ;   {metadata('kotlin/coroutines/CombinedContext')}
  0x000000011751ff38: 0a21 a0d2 | 0a23 8ef2 | 7f01 0a6b | c12d 0054 | fd03 00aa | aa0f 40b9 | 41f1 7dd3 

  0x000000011751ff54: ;   {oop(a 'kotlinx/coroutines/internal/ThreadContextKt$$Lambda+0x0000009801084800'{0x00000007001b8658})}
  0x000000011751ff54: 03cb 90d2 | 6303 a0f2 | e300 c0f2 

  0x000000011751ff60: ;   {oop(a 'java/lang/Integer'{0x0000000700402218} = 0)}
  0x000000011751ff60: 0243 84d2 | 0208 a0f2 | e200 c0f2 | e9ff 9fd2 | e9ff bff2 | e9ff dff2 

  0x000000011751ff78: ; ImmutableOopMap {rfp=Oop [0]=Oop [16]=Oop [32]=Oop }
                      ;*invokeinterface fold {reexecute=0 rethrow=0 return_oop=1}
                      ; - kotlin.coroutines.CombinedContext::fold@13 (line 154)
                      ; - kotlinx.coroutines.internal.ThreadContextKt::threadContextElements@8 (line 55)
                      ; - kotlinx.coroutines.internal.ThreadContextKt::updateThreadContext@7 (line 61)
                      ; - kotlinx.coroutines.DispatchedTask::run@75 (line 223)
                      ;   {virtual_call}
  0x000000011751ff78: 4201 de97 

  0x000000011751ff7c: ;   {other}
  0x000000011751ff7c: 1f20 03d5 | 9f0d 81f2 | 1fa0 81f2 | ab13 40b9 | e017 00f9 | 6af1 7dd3 

  0x000000011751ff94: ; implicit exception: dispatches to 0x00000001175206d8
  0x000000011751ff94: 4b09 40b9 | e403 0b2a | 0413 c0f2 | 8b10 40f9 

  0x000000011751ffa4: ;   {metadata('kotlin/coroutines/CoroutineContext$Element')}
  0x000000011751ffa4: 0c76 86d2 | 2c20 a0f2 | 0c13 c0f2 | 7f01 0ceb | c110 0054 | 4c09 40b9 | e403 0c2a | 0413 c0f2 
  0x000000011751ffc4: 8b10 40f9 

  0x000000011751ffc8: ;   {metadata('kotlinx/coroutines/ThreadContextElement')}
  0x000000011751ffc8: 0c2b 83d2 | 0c21 a0f2 | 0c13 c0f2 | 7f01 0ceb | e112 0054 | ec17 40f9 

  0x000000011751ffe0: ; implicit exception: dispatches to 0x00000001175206f0
  0x000000011751ffe0: 8b09 40b9 

  0x000000011751ffe4: ;   {metadata('java/lang/Integer')}
  0x000000011751ffe4: 4d00 a0d2 | 0d5d 92f2 | 7f01 0d6b | 8131 0054 | 8c0d 40b9 | ec00 0034 | 8105 0011 

  0x0000000117520000: ; ImmutableOopMap {[0]=Oop [16]=Oop [32]=Oop }
                      ;*invokestatic valueOf {reexecute=0 rethrow=0 return_oop=1}
                      ; - kotlinx.coroutines.internal.ThreadContextKt::countAll$lambda$0@46 (line 34)
                      ; - kotlinx.coroutines.internal.ThreadContextKt$$Lambda/0x0000009801084800::invoke@5
                      ; - kotlin.coroutines.CombinedContext::fold@22 (line 154)
                      ; - kotlinx.coroutines.internal.ThreadContextKt::threadContextElements@8 (line 55)
                      ; - kotlinx.coroutines.internal.ThreadContextKt::updateThreadContext@7 (line 61)
                      ; - kotlinx.coroutines.DispatchedTask::run@75 (line 223)
                      ;   {static_call}
  0x0000000117520000: e001 de97 

  0x0000000117520004: ;   {other}
  0x0000000117520004: 1f20 03d5 | 9f1e 81f2 | 1fc0 81f2 | ea03 00aa | fd03 0aaa | 03ff ff17 | aa0b 40b9 

  0x0000000117520020: ;   {metadata('kotlinx/coroutines/StandaloneCoroutine')}
  0x0000000117520020: 0c21 a0d2 | 0cb5 86f2 | 5f01 0c6b | eb03 1daa | 2127 0054 | e103 1daa | ea13 40f9 | 5d09 40b9 
  0x0000000117520040: ; ImmutableOopMap {[0]=Oop [16]=Oop [24]=Oop [32]=Oop [40]=Oop [48]=Oop }
                      ;*invokeinterface getCancellationException {reexecute=0 rethrow=0 return_oop=1}
                      ; - kotlinx.coroutines.DispatchedTask::run@182 (line 93)
                      ;   {optimized virtual_call}
  0x0000000117520040: f002 0094 

  0x0000000117520044: ;   {other}
  0x0000000117520044: 1f20 03d5 | 9f26 81f2 | 1fe0 81f2 

  0x0000000117520050: ;   {metadata('kotlinx/coroutines/internal/DispatchedContinuation')}
  0x0000000117520050: 0b21 a0d2 | 0b93 8af2 | bf03 0b6b | e01f 00f9 | c001 0054 

  0x0000000117520064: ;   {metadata('kotlinx/coroutines/CancellableContinuationImpl')}
  0x0000000117520064: 0b21 a0d2 | 0b28 98f2 | bf03 0b6b | 2128 0054 | ea13 40f9 | fd03 0aaa | e103 0aaa | e21b 40f9 
  0x0000000117520084: e303 00aa 

  0x0000000117520088: ; ImmutableOopMap {rfp=Oop [0]=Oop [16]=Oop [24]=Oop [32]=Oop [40]=Oop [56]=Oop }
                      ;*invokevirtual cancelCompletedResult$kotlinx_coroutines_core {reexecute=0 rethrow=0 return_oop=0}
                      ; - kotlinx.coroutines.DispatchedTask::run@197 (line 94)
                      ;   {optimized virtual_call}
  0x0000000117520088: 9602 0094 

  0x000000011752008c: ;   {other}
  0x000000011752008c: 1f20 03d5 | 9f2f 81f2 | 1f00 82f2 | fd13 40f9 | e11f 40f9 

  0x00000001175200a0: ;   {oop("exception"{0x0000000700612448})}
  0x00000001175200a0: 0289 84d2 | 220c a0f2 | e200 c0f2 

  0x00000001175200ac: ; ImmutableOopMap {rfp=Oop [0]=Oop [16]=Oop [24]=Oop [32]=Oop [40]=Oop [56]=Oop }
                      ;*invokestatic checkNotNullParameter {reexecute=0 rethrow=0 return_oop=0}
                      ; - kotlin.ResultKt::createFailure@3
                      ; - kotlinx.coroutines.DispatchedTask::run@259 (line 232)
                      ;   {static_call}
  0x00000001175200ac: 158e f697 

  0x00000001175200b0: ;   {other}
  0x00000001175200b0: 1f20 03d5 | 1f34 81f2 | 1f20 82f2 | 80df 40f9 | 8ae7 40f9 | 0b40 0091 | 7f01 0aeb | 421f 0054 
  0x00000001175200d0: ea03 40b2 | 8bdf 00f9 | 0a00 00f9 

  0x00000001175200dc: ;   {metadata('kotlin/Result$Failure')}
  0x00000001175200dc: 0a21 a0d2 | 0aca 90f2 | 0a08 00b9 | 70c1 80f9 | 1f0c 00b9 | ea03 00aa | ea07 00f9 | e11f 40f9 
  0x00000001175200fc: ;   {oop("exception"{0x0000000700612448})}
  0x00000001175200fc: 0289 84d2 | 220c a0f2 | e200 c0f2 

  0x0000000117520108: ; ImmutableOopMap {rfp=Oop [0]=Oop [8]=Oop [16]=Oop [24]=Oop [32]=Oop [40]=Oop [56]=Oop }
                      ;*invokestatic checkNotNullParameter {reexecute=0 rethrow=0 return_oop=0}
                      ; - kotlin.Result$Failure::<init>@3
                      ; - kotlin.ResultKt::createFailure@11 (line 122)
                      ; - kotlinx.coroutines.DispatchedTask::run@259 (line 232)
                      ;   {static_call}
  0x0000000117520108: fe8d f697 

  0x000000011752010c: ;   {other}
  0x000000011752010c: 1f20 03d5 | 9f3f 81f2 | 1f40 82f2 | 8b03 c139 | cb16 0035 | f307 40f9 | ec1f 40f9 | ea03 13aa 
  0x000000011752012c: eb03 0caa | 6b01 0aca | 8dfd 43d3 | 6bfd 55d3 | 6d0e 00b9 | 2b01 00b4 | 0c01 00b4 | 4afd 49d3 
  0x000000011752014c: 6b5e a3d2 | 2b00 c0f2 | 6001 0a8b | 0b00 c039 | 7f09 0071 | 2116 0054 | bf3b 03d5 | e103 40f9 
  0x000000011752016c: e203 13aa | 09ac 96d2 | 494f b1f2 | 6901 c0f2 

  0x000000011752017c: ; ImmutableOopMap {rfp=Oop [16]=Oop [24]=Oop [32]=Oop [40]=Oop }
                      ;*invokeinterface resumeWith {reexecute=0 rethrow=0 return_oop=0}
                      ; - kotlinx.coroutines.DispatchedTask::run@265 (line 232)
                      ;   {virtual_call}
  0x000000011752017c: 79c0 e197 

  0x0000000117520180: ;   {other}
  0x0000000117520180: 1f20 03d5 | 1f4e 81f2 | 1f60 82f2 | 26ff ff17 | e103 00aa 

  0x0000000117520194: ; ImmutableOopMap {[0]=Oop [16]=Oop [24]=Oop [32]=Oop [40]=Oop }
                      ;*invokestatic createFailure {reexecute=0 rethrow=0 return_oop=1}
                      ; - kotlinx.coroutines.DispatchedTask::run@286 (line 98)
                      ;   {static_call}
  0x0000000117520194: eb93 3a96 

  0x0000000117520198: ;   {other}
  0x0000000117520198: 1f20 03d5 | 1f51 81f2 | 1f80 82f2 | e103 40f9 | e203 00aa | 0918 95d2 | 494f b1f2 | 6901 c0f2 
  0x00000001175201b8: ; ImmutableOopMap {[16]=Oop [24]=Oop [32]=Oop [40]=Oop }
                      ;*invokeinterface resumeWith {reexecute=0 rethrow=0 return_oop=0}
                      ; - kotlinx.coroutines.DispatchedTask::run@292 (line 98)
                      ;   {virtual_call}
  0x00000001175201b8: 6ac0 e197 

  0x00000001175201bc: ;   {other}
  0x00000001175201bc: 1f20 03d5 | 9f55 81f2 | 1fa0 82f2 | 17ff ff17 

  0x00000001175201cc: ;   {metadata('kotlin/coroutines/CoroutineContext$Element')}
  0x00000001175201cc: 0076 86d2 | 2020 a0f2 | 0013 c0f2 | e503 40b2 | 8950 40f9 | 8050 40fd | 8901 58b6 | 0054 545f 
  0x00000001175201ec: 0058 200e | 00b8 310e | 0300 669e | 8114 40f9 | 2578 63f8 | a500 00ca | 8500 00b4 | 6900 60b6 
  0x000000011752020c: 29ad c993 

  0x0000000117520210: ;   {runtime_call StubRoutines (final stubs)}
  0x0000000117520210: 8a26 de97 | 25ed ffb4 | 2104 8012 | fd13 40f9 | ea0f 00f9 

  0x0000000117520224: ; ImmutableOopMap {rfp=Oop [0]=Oop [16]=Oop [24]=Oop }
                      ;*checkcast {reexecute=0 rethrow=0 return_oop=0}
                      ; - kotlinx.coroutines.internal.ThreadContextKt$$Lambda/0x0000009801084800::invoke@2
                      ; - kotlin.coroutines.CombinedContext::fold@22 (line 154)
                      ; - kotlinx.coroutines.internal.ThreadContextKt::threadContextElements@8 (line 55)
                      ; - kotlinx.coroutines.internal.ThreadContextKt::updateThreadContext@7 (line 61)
                      ; - kotlinx.coroutines.DispatchedTask::run@75 (line 223)
                      ;   {runtime_call UncommonTrapBlob}
  0x0000000117520224: 571b de97 

  0x0000000117520228: ;   {other}
  0x0000000117520228: 1f20 03d5 | 1f63 81f2 | 1fc0 82f2 

  0x0000000117520234: ;   {metadata('kotlinx/coroutines/ThreadContextElement')}
  0x0000000117520234: 002b 83d2 | 0021 a0f2 | 0013 c0f2 | e503 40b2 | 8950 40f9 | 8050 40fd | 8901 2036 | 0054 7b5f 
  0x0000000117520254: 0058 200e | 00b8 310e | 0300 669e | 8114 40f9 | 2578 63f8 | a500 00ca | 8500 00b4 | 6900 2836 
  0x0000000117520274: 2911 c993 

  0x0000000117520278: ;   {runtime_call StubRoutines (final stubs)}
  0x0000000117520278: 7026 de97 | 05eb ffb4 | ea17 40f9 | 8aec ffb5 | 4117 8012 | fd13 40f9 

  0x0000000117520290: ; ImmutableOopMap {rfp=Oop [0]=Oop [16]=Oop [40]=Oop }
                      ;*ifnonnull {reexecute=1 rethrow=0 return_oop=0}
                      ; - (reexecute) kotlin.jvm.internal.Intrinsics::checkNotNull@1 (line 24)
                      ; - kotlinx.coroutines.internal.ThreadContextKt::threadContextElements@14 (line 55)
                      ; - kotlinx.coroutines.internal.ThreadContextKt::updateThreadContext@7 (line 61)
                      ; - kotlinx.coroutines.DispatchedTask::run@75 (line 223)
                      ;   {runtime_call UncommonTrapBlob}
  0x0000000117520290: 3c1b de97 

  0x0000000117520294: ;   {other}
  0x0000000117520294: 1f20 03d5 | 9f70 81f2 | 1fe0 82f2 | bd0b 40b9 

  0x00000001175202a4: ;   {metadata('java/lang/Integer')}
  0x00000001175202a4: 4a00 a0d2 | 0a5d 92f2 | bf03 0a6b | a017 0054 | eb17 00f9 | e103 0baa 

  0x00000001175202bc: ;   {oop("null cannot be cast to non-null type kotlinx.coroutines.ThreadContextElement<kotlin.Any?>"{0x0000000700bbbee0})}
  0x00000001175202bc: 02dc 97d2 | 6217 a0f2 | e200 c0f2 

  0x00000001175202c8: ; ImmutableOopMap {[0]=Oop [16]=Oop [32]=Oop [40]=Oop }
                      ;*invokestatic checkNotNull {reexecute=0 rethrow=0 return_oop=0}
                      ; - kotlinx.coroutines.internal.ThreadContextKt::updateThreadContext@63 (line 73)
                      ; - kotlinx.coroutines.DispatchedTask::run@75 (line 223)
                      ;   {static_call}
  0x00000001175202c8: 8e41 f797 

  0x00000001175202cc: ;   {other}
  0x00000001175202cc: 1f20 03d5 | 9f77 81f2 | 1f00 83f2 

  0x00000001175202d8: ;   {metadata('kotlinx/coroutines/slf4j/MDCContext')}
  0x00000001175202d8: 6a27 a0d2 | 0afa 8af2 | bf03 0a6b | 2119 0054 | e117 40f9 | e20b 40f9 

  0x00000001175202f0: ; ImmutableOopMap {[0]=Oop [16]=Oop [32]=Oop }
                      ;*invokevirtual updateThreadContext {reexecute=0 rethrow=0 return_oop=1}
                      ; - kotlinx.coroutines.slf4j.MDCContext::updateThreadContext@2 (line 77)
                      ; - kotlinx.coroutines.internal.ThreadContextKt::updateThreadContext@73 (line 74)
                      ; - kotlinx.coroutines.DispatchedTask::run@75 (line 223)
                      ;   {optimized virtual_call}
  0x00000001175202f0: 7c02 0094 

  0x00000001175202f4: ;   {other}
  0x00000001175202f4: 1f20 03d5 | 9f7c 81f2 | 1f20 83f2 

  0x0000000117520300: ;   {oop(a 'kotlinx/coroutines/internal/Symbol'{0x00000007001b8668})}
  0x0000000117520300: 0bcd 90d2 | 6b03 a0f2 | eb00 c0f2 | 1f00 0beb | 60c9 ff54 | fd03 00aa | e103 40f9 | e20b 40f9 
  0x0000000117520320: e303 00aa 

  0x0000000117520324: ; ImmutableOopMap {rfp=Oop [0]=Oop [16]=Oop [32]=Oop }
                      ;*invokestatic updateUndispatchedCompletion {reexecute=0 rethrow=0 return_oop=1}
                      ; - kotlinx.coroutines.DispatchedTask::run@93 (line 226)
                      ;   {static_call}
  0x0000000117520324: 8f02 0094 

  0x0000000117520328: ;   {other}
  0x0000000117520328: 1f20 03d5 | 1f83 81f2 | 1f40 83f2 | eb03 1daa | ea03 00aa | 44fe ff17 | cd00 00b4 | ab09 40b9 
  0x0000000117520348: ;   {metadata('kotlinx/coroutines/internal/ThreadState')}
  0x0000000117520348: 0a21 a0d2 | 0abc 8bf2 | 7f01 0a6b | 6013 0054 | eb0b 40f9 

  0x000000011752035c: ; implicit exception: dispatches to 0x000000011752070c
  0x000000011752035c: 6a09 40b9 

  0x0000000117520360: ;   {metadata('kotlin/coroutines/CombinedContext')}
  0x0000000117520360: 0c21 a0d2 | 0c23 8ef2 | 5f01 0c6b | 6113 0054 | ea03 0baa | ed2b 00a9 

  0x0000000117520378: ;   {oop(a 'kotlinx/coroutines/internal/ThreadContextKt$$Lambda+0x0000009801084a30'{0x00000007001b8648})}
  0x0000000117520378: 03c9 90d2 | 6303 a0f2 | e300 c0f2 | e103 0aaa | e203 1faa 

  0x000000011752038c: ; ImmutableOopMap {[0]=Oop [8]=Oop [32]=Oop }
                      ;*invokeinterface fold {reexecute=0 rethrow=0 return_oop=1}
                      ; - kotlinx.coroutines.internal.ThreadContextKt::restoreThreadContext@32 (line 89)
                      ; - kotlinx.coroutines.DispatchedTask::run@342 (line 237)
                      ;   {optimized virtual_call}
  0x000000011752038c: d10d fd97 

  0x0000000117520390: ;   {other}
  0x0000000117520390: 1f20 03d5 | 1f90 81f2 | 1f60 83f2 | fd03 00aa | e103 00aa 

  0x00000001175203a4: ;   {oop("null cannot be cast to non-null type kotlinx.coroutines.ThreadContextElement<kotlin.Any?>"{0x0000000700bbbee0})}
  0x00000001175203a4: 02dc 97d2 | 6217 a0f2 | e200 c0f2 

  0x00000001175203b0: ; ImmutableOopMap {rfp=Oop [0]=Oop [8]=Oop [32]=Oop }
                      ;*invokestatic checkNotNull {reexecute=0 rethrow=0 return_oop=0}
                      ; - kotlinx.coroutines.internal.ThreadContextKt::restoreThreadContext@40 (line 89)
                      ; - kotlinx.coroutines.DispatchedTask::run@342 (line 237)
                      ;   {static_call}
  0x00000001175203b0: 5441 f797 

  0x00000001175203b4: ;   {other}
  0x00000001175203b4: 1f20 03d5 | 9f94 81f2 | 1f80 83f2 | ec03 1daa 

  0x00000001175203c4: ; implicit exception: dispatches to 0x0000000117520720
  0x00000001175203c4: 8b09 40b9 

  0x00000001175203c8: ;   {metadata('kotlinx/coroutines/slf4j/MDCContext')}
  0x00000001175203c8: 6a27 a0d2 | 0afa 8af2 | 7f01 0a6b | 4113 0054 | e103 0caa | e30b 40a9 

  0x00000001175203e0: ; ImmutableOopMap {[32]=Oop }
                      ;*invokeinterface restoreThreadContext {reexecute=0 rethrow=0 return_oop=0}
                      ; - kotlinx.coroutines.internal.ThreadContextKt::restoreThreadContext@50 (line 90)
                      ; - kotlinx.coroutines.DispatchedTask::run@342 (line 237)
                      ;   {optimized virtual_call}
  0x00000001175203e0: 3802 0094 

  0x00000001175203e4: ;   {other}
  0x00000001175203e4: 1f20 03d5 | 9f9a 81f2 | 1fa0 83f2 | 95fe ff17 | f307 40f9 | 6a0e 40b9 | 40f1 7dd3 | 20e9 ffb4 
  0x0000000117520404: 8a17 40f9 | 0a0a 00b4 | 8b1f 40f9 | 4c21 00d1 | 6a01 0a8b | 4081 1ff8 | 8c17 00f9 | 41ff ff17 
  0x0000000117520424: 8a27 40f9 | 8b2f 40f9 | bf3b 03d5 | 0d00 c039 | 8de9 ff34 | 1f00 0039 | 8a01 00b5 | e103 1caa 
  0x0000000117520444: c900 0010 | 89db 01f9 

  0x000000011752044c: ;   {runtime_call G1BarrierSetRuntime::write_ref_field_post_entry(unsigned char volatile*, JavaThread*)}
  0x000000011752044c: 88d8 83d2 | 48c3 a0f2 | 2800 c0f2 | 0001 3fd6 

  0x000000011752045c: ;   {other}
  0x000000011752045c: 1f20 03d5 | 1f00 80f2 | 1f00 80f2 | 3fff ff17 | 4c21 00d1 | 6a01 0a8b | 4081 1ff8 | 8c27 00f9 
  0x000000011752047c: 3aff ff17 | ea0b 40f9 | ea07 00f9 | ea0f 40f9 | ea0b 00f9 | ea17 40f9 | 2104 8012 | fd03 0daa 
  0x000000011752049c: ea0f 00f9 | eb17 00f9 

  0x00000001175204a4: ; ImmutableOopMap {rfp=Oop [0]=Oop [8]=Oop [16]=Oop [24]=Oop [40]=Oop [48]=Oop }
                      ;*invokeinterface get {reexecute=0 rethrow=0 return_oop=0}
                      ; - kotlinx.coroutines.DispatchedTask::run@151 (line 91)
                      ;   {runtime_call UncommonTrapBlob}
  0x00000001175204a4: b71a de97 

  0x00000001175204a8: ;   {other}
  0x00000001175204a8: 1f20 03d5 | 1fb3 81f2 | 1fc0 83f2 

  0x00000001175204b4: ;   {metadata('kotlin/Result$Failure')}
  0x00000001175204b4: 01ca 90d2 | 0121 a0f2 | 0113 c0f2 

  0x00000001175204c0: ; ImmutableOopMap {rfp=Oop [0]=Oop [16]=Oop [24]=Oop [32]=Oop [40]=Oop [56]=Oop }
                      ;*new {reexecute=0 rethrow=0 return_oop=1}
                      ; - kotlin.ResultKt::createFailure@6 (line 122)
                      ; - kotlinx.coroutines.DispatchedTask::run@259 (line 232)
                      ;   {runtime_call _new_instance_Java}
  0x00000001175204c0: d084 e197 

  0x00000001175204c4: ;   {other}
  0x00000001175204c4: 1f20 03d5 | 9fb6 81f2 | 1fe0 83f2 | 08ff ff17 | eb0b 40f9 | eb03 00f9 | eb0f 40f9 | 4117 8012 
  0x00000001175204e4: eb07 00f9 | ea0f 00f9 

  0x00000001175204ec: ; ImmutableOopMap {[0]=Oop [8]=Oop [24]=Oop [32]=Oop [40]=Oop }
                      ;*ifnull {reexecute=1 rethrow=0 return_oop=0}
                      ; - (reexecute) kotlinx.coroutines.DispatchedTask::run@327 (line 236)
                      ;   {runtime_call UncommonTrapBlob}
  0x00000001175204ec: a51a de97 

  0x00000001175204f0: ;   {other}
  0x00000001175204f0: 1f20 03d5 | 1fbc 81f2 | 1f00 84f2 | 2104 8012 | fd13 40f9 

  0x0000000117520504: ; ImmutableOopMap {rfp=Oop [0]=Oop [16]=Oop }
                      ;*invokeinterface fold {reexecute=0 rethrow=0 return_oop=0}
                      ; - kotlinx.coroutines.internal.ThreadContextKt::threadContextElements@8 (line 55)
                      ; - kotlinx.coroutines.internal.ThreadContextKt::updateThreadContext@7 (line 61)
                      ; - kotlinx.coroutines.DispatchedTask::run@75 (line 223)
                      ;   {runtime_call UncommonTrapBlob}
  0x0000000117520504: 9f1a de97 

  0x0000000117520508: ;   {other}
  0x0000000117520508: 1f20 03d5 | 1fbf 81f2 | 1f20 84f2 | ea0b 40f9 | ea07 00f9 | ea0f 40f9 | ea0b 00f9 | ea17 40f9 
  0x0000000117520528: 2104 8012 | fd13 40f9 | ea0f 00f9 | eb17 00f9 

  0x0000000117520538: ; ImmutableOopMap {rfp=Oop [0]=Oop [8]=Oop [16]=Oop [24]=Oop [40]=Oop [48]=Oop }
                      ;*invokeinterface getCancellationException {reexecute=0 rethrow=0 return_oop=0}
                      ; - kotlinx.coroutines.DispatchedTask::run@182 (line 93)
                      ;   {runtime_call UncommonTrapBlob}
  0x0000000117520538: 921a de97 

  0x000000011752053c: ;   {other}
  0x000000011752053c: 1f20 03d5 | 9fc5 81f2 | 1f40 84f2 | e103 1caa | c900 0010 | 89db 01f9 

  0x0000000117520554: ;   {runtime_call G1BarrierSetRuntime::write_ref_field_pre_entry(oopDesc*, JavaThread*)}
  0x0000000117520554: 88d3 83d2 | 48c3 a0f2 | 2800 c0f2 | 0001 3fd6 

  0x0000000117520564: ;   {other}
  0x0000000117520564: 1f20 03d5 | 1f00 80f2 | 1f00 80f2 | edfe ff17 | ea0b 40f9 | ea07 00f9 | ea0f 40f9 | ea0b 00f9 
  0x0000000117520584: ea17 40f9 | 2107 8012 | fd13 40f9 | ea0f 00f9 

  0x0000000117520594: ; ImmutableOopMap {rfp=Oop [0]=Oop [8]=Oop [16]=Oop [24]=Oop [48]=Oop [56]=Oop }
                      ;*invokevirtual cancelCompletedResult$kotlinx_coroutines_core {reexecute=0 rethrow=0 return_oop=0}
                      ; - kotlinx.coroutines.DispatchedTask::run@197 (line 94)
                      ;   {runtime_call UncommonTrapBlob}
  0x0000000117520594: 7b1a de97 

  0x0000000117520598: ;   {other}
  0x0000000117520598: 1f20 03d5 | 1fd1 81f2 | 1f60 84f2 | fd13 40f9 | 4105 8052 | eb13 00f9 

  0x00000001175205b0: ; ImmutableOopMap {rfp=Oop [0]=Oop [16]=Oop [32]=Oop }
                      ;*new {reexecute=0 rethrow=0 return_oop=0}
                      ; - kotlinx.coroutines.internal.ThreadContextKt::updateThreadContext@34 (line 68)
                      ; - kotlinx.coroutines.DispatchedTask::run@75 (line 223)
                      ;   {runtime_call UncommonTrapBlob}
  0x00000001175205b0: 741a de97 

  0x00000001175205b4: ;   {other}
  0x00000001175205b4: 1f20 03d5 | 9fd4 81f2 | 1f80 84f2 | fd03 0daa | 410a 8012 

  0x00000001175205c8: ; ImmutableOopMap {rfp=Oop [16]=Oop [32]=Oop }
                      ;*invokevirtual restore {reexecute=0 rethrow=0 return_oop=0}
                      ; - kotlinx.coroutines.internal.ThreadContextKt::restoreThreadContext@21 (line 84)
                      ; - kotlinx.coroutines.DispatchedTask::run@342 (line 237)
                      ;   {runtime_call UncommonTrapBlob}
  0x00000001175205c8: 6e1a de97 

  0x00000001175205cc: ;   {other}
  0x00000001175205cc: 1f20 03d5 | 9fd7 81f2 | 1fa0 84f2 | 2104 8012 

  0x00000001175205dc: ; ImmutableOopMap {[16]=Oop [24]=Oop [32]=Oop }
                      ;*invokeinterface fold {reexecute=0 rethrow=0 return_oop=0}
                      ; - kotlinx.coroutines.internal.ThreadContextKt::restoreThreadContext@32 (line 89)
                      ; - kotlinx.coroutines.DispatchedTask::run@342 (line 237)
                      ;   {runtime_call UncommonTrapBlob}
  0x00000001175205dc: 691a de97 

  0x00000001175205e0: ;   {other}
  0x00000001175205e0: 1f20 03d5 | 1fda 81f2 | 1fc0 84f2 | 2104 8012 | fd13 40f9 | e003 00f9 

  0x00000001175205f8: ; ImmutableOopMap {rfp=Oop [0]=Oop }
                      ;*checkcast {reexecute=0 rethrow=0 return_oop=0}
                      ; - kotlinx.coroutines.DispatchedTask::run@43 (line 80)
                      ;   {runtime_call UncommonTrapBlob}
  0x00000001175205f8: 621a de97 

  0x00000001175205fc: ;   {other}
  0x00000001175205fc: 1f20 03d5 | 9fdd 81f2 | 1fe0 84f2 | 2104 8012 | fd13 40f9 

  0x0000000117520610: ; ImmutableOopMap {rfp=Oop [0]=Oop [16]=Oop [40]=Oop }
                      ;*checkcast {reexecute=0 rethrow=0 return_oop=0}
                      ; - kotlinx.coroutines.internal.ThreadContextKt::updateThreadContext@67 (line 73)
                      ; - kotlinx.coroutines.DispatchedTask::run@75 (line 223)
                      ;   {runtime_call UncommonTrapBlob}
  0x0000000117520610: 5c1a de97 

  0x0000000117520614: ;   {other}
  0x0000000117520614: 1f20 03d5 | 9fe0 81f2 | 1f00 85f2 | fd13 40f9 | 2104 8012 | ea13 00f9 

  0x000000011752062c: ; ImmutableOopMap {rfp=Oop [0]=Oop [16]=Oop [32]=Oop [40]=Oop }
                      ;*instanceof {reexecute=0 rethrow=0 return_oop=0}
                      ; - kotlinx.coroutines.internal.ThreadContextKt::countAll$lambda$0@8 (line 33)
                      ; - kotlinx.coroutines.internal.ThreadContextKt$$Lambda/0x0000009801084800::invoke@5
                      ; - kotlin.coroutines.CombinedContext::fold@22 (line 154)
                      ; - kotlinx.coroutines.internal.ThreadContextKt::threadContextElements@8 (line 55)
                      ; - kotlinx.coroutines.internal.ThreadContextKt::updateThreadContext@7 (line 61)
                      ; - kotlinx.coroutines.DispatchedTask::run@75 (line 223)
                      ;   {runtime_call UncommonTrapBlob}
  0x000000011752062c: 551a de97 

  0x0000000117520630: ;   {other}
  0x0000000117520630: 1f20 03d5 | 1fe4 81f2 | 1f20 85f2 | ec0b 00f9 | 2104 8012 

  0x0000000117520644: ; ImmutableOopMap {[0]=Oop [8]=Oop [16]=Oop [32]=Oop }
                      ;*checkcast {reexecute=0 rethrow=0 return_oop=0}
                      ; - kotlinx.coroutines.internal.ThreadContextKt::restoreThreadContext@43 (line 89)
                      ; - kotlinx.coroutines.DispatchedTask::run@342 (line 237)
                      ;   {runtime_call UncommonTrapBlob}
  0x0000000117520644: 4f1a de97 

  0x0000000117520648: ;   {other}
  0x0000000117520648: 1f20 03d5 | 1fe7 81f2 | 1f40 85f2 | ea0b 40f9 | ea07 00f9 | ea0f 40f9 | 2101 8012 | fd03 0daa 
  0x0000000117520668: ea0b 00f9 

  0x000000011752066c: ; ImmutableOopMap {rfp=Oop [0]=Oop [8]=Oop [16]=Oop [40]=Oop [48]=Oop }
                      ;*invokeinterface get {reexecute=0 rethrow=0 return_oop=0}
                      ; - kotlinx.coroutines.DispatchedTask::run@151 (line 91)
                      ;   {runtime_call UncommonTrapBlob}
  0x000000011752066c: 451a de97 

  0x0000000117520670: ;   {other}
  0x0000000117520670: 1f20 03d5 | 1fec 81f2 | 1f60 85f2 | ea0b 40f9 | ea07 00f9 | ea0f 40f9 | 6101 8012 | fd13 40f9 
  0x0000000117520690: ea0b 00f9 

  0x0000000117520694: ; ImmutableOopMap {rfp=Oop [0]=Oop [8]=Oop [16]=Oop [40]=Oop [48]=Oop }
                      ;*instanceof {reexecute=0 rethrow=0 return_oop=0}
                      ; - kotlin.coroutines.CombinedContext::get@39 (line 145)
                      ; - kotlinx.coroutines.DispatchedTask::run@151 (line 91)
                      ;   {runtime_call UncommonTrapBlob}
  0x0000000117520694: 3b1a de97 

  0x0000000117520698: ;   {other}
  0x0000000117520698: 1f20 03d5 | 1ff1 81f2 | 1f80 85f2 | 4117 8012 | fd13 40f9 | e007 00f9 

  0x00000001175206b0: ; ImmutableOopMap {rfp=Oop [8]=Oop }
                      ;*ifnonnull {reexecute=1 rethrow=0 return_oop=0}
                      ; - (reexecute) kotlin.jvm.internal.Intrinsics::checkNotNull@1 (line 30)
                      ; - kotlinx.coroutines.DispatchedTask::run@40 (line 80)
                      ;   {runtime_call UncommonTrapBlob}
  0x00000001175206b0: 341a de97 

  0x00000001175206b4: ;   {other}
  0x00000001175206b4: 1f20 03d5 | 9ff4 81f2 | 1fa0 85f2 | 2101 8012 | fd13 40f9 

  0x00000001175206c8: ; ImmutableOopMap {rfp=Oop [0]=Oop [16]=Oop }
                      ;*invokeinterface fold {reexecute=0 rethrow=0 return_oop=0}
                      ; - kotlinx.coroutines.internal.ThreadContextKt::threadContextElements@8 (line 55)
                      ; - kotlinx.coroutines.internal.ThreadContextKt::updateThreadContext@7 (line 61)
                      ; - kotlinx.coroutines.DispatchedTask::run@75 (line 223)
                      ;   {runtime_call UncommonTrapBlob}
  0x00000001175206c8: 2e1a de97 

  0x00000001175206cc: ;   {other}
  0x00000001175206cc: 1f20 03d5 | 9ff7 81f2 | 1fc0 85f2 | 6101 8012 | fd13 40f9 

  0x00000001175206e0: ; ImmutableOopMap {rfp=Oop [0]=Oop [16]=Oop [40]=Oop }
                      ;*checkcast {reexecute=0 rethrow=0 return_oop=0}
                      ; - kotlinx.coroutines.internal.ThreadContextKt$$Lambda/0x0000009801084800::invoke@2
                      ; - kotlin.coroutines.CombinedContext::fold@22 (line 154)
                      ; - kotlinx.coroutines.internal.ThreadContextKt::threadContextElements@8 (line 55)
                      ; - kotlinx.coroutines.internal.ThreadContextKt::updateThreadContext@7 (line 61)
                      ; - kotlinx.coroutines.DispatchedTask::run@75 (line 223)
                      ;   {runtime_call UncommonTrapBlob}
  0x00000001175206e0: 281a de97 

  0x00000001175206e4: ;   {other}
  0x00000001175206e4: 1f20 03d5 | 9ffa 81f2 | 1fe0 85f2 | fd13 40f9 | 6101 8012 | ea13 00f9 

  0x00000001175206fc: ; ImmutableOopMap {rfp=Oop [0]=Oop [16]=Oop [32]=Oop }
                      ;*instanceof {reexecute=0 rethrow=0 return_oop=0}
                      ; - kotlinx.coroutines.internal.ThreadContextKt::countAll$lambda$0@8 (line 33)
                      ; - kotlinx.coroutines.internal.ThreadContextKt$$Lambda/0x0000009801084800::invoke@5
                      ; - kotlin.coroutines.CombinedContext::fold@22 (line 154)
                      ; - kotlinx.coroutines.internal.ThreadContextKt::threadContextElements@8 (line 55)
                      ; - kotlinx.coroutines.internal.ThreadContextKt::updateThreadContext@7 (line 61)
                      ; - kotlinx.coroutines.DispatchedTask::run@75 (line 223)
                      ;   {runtime_call UncommonTrapBlob}
  0x00000001175206fc: 211a de97 

  0x0000000117520700: ;   {other}
  0x0000000117520700: 1f20 03d5 | 1ffe 81f2 | 1f00 86f2 | 2101 8012 

  0x0000000117520710: ; ImmutableOopMap {[32]=Oop }
                      ;*invokeinterface fold {reexecute=0 rethrow=0 return_oop=0}
                      ; - kotlinx.coroutines.internal.ThreadContextKt::restoreThreadContext@32 (line 89)
                      ; - kotlinx.coroutines.DispatchedTask::run@342 (line 237)
                      ;   {runtime_call UncommonTrapBlob}
  0x0000000117520710: 1c1a de97 

  0x0000000117520714: ;   {other}
  0x0000000117520714: 1f20 03d5 | 9f00 82f2 | 1f20 86f2 | 6101 8012 

  0x0000000117520724: ; ImmutableOopMap {[0]=Oop [8]=Oop [32]=Oop }
                      ;*checkcast {reexecute=0 rethrow=0 return_oop=0}
                      ; - kotlinx.coroutines.internal.ThreadContextKt::restoreThreadContext@43 (line 89)
                      ; - kotlinx.coroutines.DispatchedTask::run@342 (line 237)
                      ;   {runtime_call UncommonTrapBlob}
  0x0000000117520724: 171a de97 

  0x0000000117520728: ;   {other}
  0x0000000117520728: 1f20 03d5 | 1f03 82f2 | 1f40 86f2 | e103 00aa | 0400 0014 | e103 00aa | 0200 0014 | e103 00aa 
  0x0000000117520748: fd7b 45a9 | ff83 0191 

  0x0000000117520750: ;   {runtime_call _rethrow_Java}
  0x0000000117520750: 6c97 e117 | e203 00aa | 9400 0014 | 4900 0014 | 0b08 40b9 

  0x0000000117520764: ;   {metadata('kotlinx/coroutines/DispatchException')}
  0x0000000117520764: 0a21 a0d2 | 0ae8 8af2 | 7f01 0a6b | 21ff ff54 | fd03 00aa | 7500 0014 | e203 00aa | 8a00 0014 
  0x0000000117520784: e203 00aa | 8800 0014 | 0a08 40b9 

  0x0000000117520790: ;   {metadata('kotlinx/coroutines/DispatchException')}
  0x0000000117520790: 0c21 a0d2 | 0ce8 8af2 | 5f01 0c6b | 01ff ff54 | fd03 00aa | 6a00 0014 | 0a08 40b9 

  0x00000001175207ac: ;   {metadata('kotlinx/coroutines/DispatchException')}
  0x00000001175207ac: 0c21 a0d2 | 0ce8 8af2 | 5f01 0c6b | 61fe ff54 | fd03 00aa | 6300 0014 | e203 00aa | 7800 0014 
  0x00000001175207cc: 0a08 40b9 | 2200 0014 | 0a08 40b9 | 2000 0014 | fd03 00aa | 4900 0014 | e203 00aa | 7000 0014 
  0x00000001175207ec: 0a08 40b9 | 0a13 c0f2 | 0700 0014 | 0b08 40b9 | ea03 0b2a | 0a13 c0f2 | 0300 0014 | 0a08 40b9 
  0x000000011752080c: 0a13 c0f2 | 4a25 40f9 

  0x0000000117520814: ;   {metadata('kotlinx/coroutines/DispatchException')}
  0x0000000117520814: 0be8 8ad2 | 0b21 a0f2 | 0b13 c0f2 | 5f01 0beb | 01fd ff54 | fd03 00aa | 4800 0014 | fd03 00aa 
  0x0000000117520834: 3400 0014 | fd03 00aa | 3200 0014 | fd03 00aa | 3000 0014 | fd03 00aa | 2e00 0014 | 0100 0014 
  0x0000000117520854: 0a08 40b9 | 0a13 c0f2 | 4a25 40f9 

  0x0000000117520860: ;   {metadata('kotlinx/coroutines/DispatchException')}
  0x0000000117520860: 0be8 8ad2 | 0b21 a0f2 | 0b13 c0f2 | 5f01 0beb | a1fb ff54 | fd03 00aa | 3500 0014 | 0100 0014 
  0x0000000117520880: fd03 00aa | 2000 0014 | 1e00 0014 | e203 00aa | 4600 0014 | 0a08 40b9 

  0x0000000117520898: ;   {metadata('kotlinx/coroutines/DispatchException')}
  0x0000000117520898: 0c21 a0d2 | 0ce8 8af2 | 5f01 0c6b | 41ff ff54 | fd03 00aa | 2800 0014 | 0b08 40b9 

  0x00000001175208b4: ;   {metadata('kotlinx/coroutines/DispatchException')}
  0x00000001175208b4: 0a21 a0d2 | 0ae8 8af2 | 7f01 0a6b | 0108 0054 | fd03 00aa | 2100 0014 | fd03 00aa | 0d00 0014 
  0x00000001175208d4: fd03 00aa | 0b00 0014 | fd03 00aa | 0900 0014 | fd03 00aa | 0700 0014 | fd03 00aa | 0500 0014 
  0x00000001175208f4: fd03 00aa | 0300 0014 | 0100 0014 | fd03 00aa | ea17 40f9 | ea00 00b4 | e103 0aaa 

  0x0000000117520910: ; ImmutableOopMap {rfp=Oop [16]=Oop [24]=Oop [32]=Oop }
                      ;*invokevirtual clearThreadContext {reexecute=0 rethrow=0 return_oop=0}
                      ; - kotlinx.coroutines.DispatchedTask::run@357 (line 236)
                      ;   {optimized virtual_call}
  0x0000000117520910: 1cfe dd97 

  0x0000000117520914: ;   {other}
  0x0000000117520914: 1f20 03d5 | 9f40 82f2 | 1f60 86f2 | c000 0034 | e10b 41a9 

  0x0000000117520928: ; ImmutableOopMap {rfp=Oop [32]=Oop }
                      ;*invokestatic restoreThreadContext {reexecute=0 rethrow=0 return_oop=0}
                      ; - kotlinx.coroutines.DispatchedTask::run@367 (line 237)
                      ;   {static_call}
  0x0000000117520928: 96ff dd97 

  0x000000011752092c: ;   {other}
  0x000000011752092c: 1f20 03d5 | 9f43 82f2 | 1f80 86f2 | ab0b 40b9 

  0x000000011752093c: ;   {metadata('kotlinx/coroutines/DispatchException')}
  0x000000011752093c: 0a21 a0d2 | 0ae8 8af2 | 7f01 0a6b | e102 0054 | e113 40f9 | e9ff 9fd2 | e9ff bff2 | e9ff dff2 
  0x000000011752095c: ; ImmutableOopMap {rfp=Oop }
                      ;*invokevirtual getDelegate$kotlinx_coroutines_core {reexecute=0 rethrow=0 return_oop=1}
                      ; - kotlinx.coroutines.DispatchedTask::run@375 (line 105)
                      ;   {virtual_call}
  0x000000011752095c: c9fe dd97 

  0x0000000117520960: ;   {other}
  0x0000000117520960: 1f20 03d5 | 1f4a 82f2 | 1fa0 86f2 | e103 00aa | e9ff 9fd2 | e9ff bff2 | e9ff dff2 

  0x000000011752097c: ; ImmutableOopMap {rfp=Oop }
                      ;*invokeinterface getContext {reexecute=0 rethrow=0 return_oop=1}
                      ; - kotlinx.coroutines.DispatchedTask::run@378 (line 105)
                      ;   {virtual_call}
  0x000000011752097c: c1fe dd97 

  0x0000000117520980: ;   {other}
  0x0000000117520980: 1f20 03d5 | 1f4e 82f2 | 1fc0 86f2 | e003 00f9 | 410a 8012 

  0x0000000117520994: ; ImmutableOopMap {rfp=Oop [0]=Oop }
                      ;*invokevirtual getCause {reexecute=0 rethrow=0 return_oop=0}
                      ; - kotlinx.coroutines.DispatchedTask::run@384 (line 105)
                      ;   {runtime_call UncommonTrapBlob}
  0x0000000117520994: 7b19 de97 

  0x0000000117520998: ;   {other}
  0x0000000117520998: 1f20 03d5 | 1f51 82f2 | 1fe0 86f2 | e203 1daa | e113 40f9 

  0x00000001175209ac: ; ImmutableOopMap {}
                      ;*invokevirtual handleFatalException$kotlinx_coroutines_core {reexecute=0 rethrow=0 return_oop=0}
                      ; - kotlinx.coroutines.DispatchedTask::run@396 (line 107)
                      ;   {optimized virtual_call}
  0x00000001175209ac: f5fd dd97 

  0x00000001175209b0: ;   {other}
  0x00000001175209b0: 1f20 03d5 | 1f54 82f2 | 1f00 87f2 | 22fd ff17 | e203 00aa | f9ff ff17 

  0x00000001175209c8: ;   {internal_word}
  0x00000001175209c8: 28a4 ff10 | 883b 02f9 

  0x00000001175209d0: ;   {runtime_call SafepointBlob}
  0x00000001175209d0: cc17 de17 | 0830 93d2 | 48d9 a2f2 | 2800 c0f2 | 0001 3fd6 | 74fc ff17 

  0x00000001175209e8: ;   {other}
  0x00000001175209e8: 0700 0000 | 0000 0000 
[Stub Code]
  0x00000001175209f0: ;   {no_reloc}
  0x00000001175209f0: 4800 0058 | 0001 1fd6 | b006 d916 | 0100 0000 

  0x0000000117520a00: ;   {trampoline_stub}
  0x0000000117520a00: 4800 0058 | 0001 1fd6 | 2808 d916 | 0100 0000 

  0x0000000117520a10: ;   {trampoline_stub}
  0x0000000117520a10: 4800 0058 | 0001 1fd6 | 2808 d916 | 0100 0000 

  0x0000000117520a20: ;   {trampoline_stub}
  0x0000000117520a20: 4800 0058 | 0001 1fd6 | d806 d916 | 0100 0000 

  0x0000000117520a30: ;   {trampoline_stub}
  0x0000000117520a30: 4800 0058 | 0001 1fd6 | 5009 d916 | 0100 0000 

  0x0000000117520a40: ;   {trampoline_stub}
  0x0000000117520a40: 4800 0058 | 0001 1fd6 | b002 d916 | 0100 0000 

  0x0000000117520a50: ;   {trampoline_stub}
  0x0000000117520a50: 4800 0058 | 0001 1fd6 | b002 d916 | 0100 0000 

  0x0000000117520a60: ;   {trampoline_stub}
  0x0000000117520a60: 4800 0058 | 0001 1fd6 | 103a e716 | 0100 0000 

  0x0000000117520a70: ;   {trampoline_stub}
  0x0000000117520a70: 4800 0058 | 0001 1fd6 | 1005 d916 | 0100 0000 

  0x0000000117520a80: ;   {trampoline_stub}
  0x0000000117520a80: 4800 0058 | 0001 1fd6 | 6003 d916 | 0100 0000 

  0x0000000117520a90: ;   {trampoline_stub}
  0x0000000117520a90: 4800 0058 | 0001 1fd6 | b002 d916 | 0100 0000 

  0x0000000117520aa0: ;   {trampoline_stub}
  0x0000000117520aa0: 4800 0058 | 0001 1fd6 | 8004 ca16 | 0100 0000 

  0x0000000117520ab0: ;   {trampoline_stub}
  0x0000000117520ab0: 4800 0058 | 0001 1fd6 | 8007 ca16 | 0100 0000 

  0x0000000117520ac0: ;   {trampoline_stub}
  0x0000000117520ac0: 4800 0058 | 0001 1fd6 | 000c 5217 | 0100 0000 

  0x0000000117520ad0: ;   {trampoline_stub}
  0x0000000117520ad0: 4800 0058 | 0001 1fd6 | e00a 5217 | 0100 0000 

  0x0000000117520ae0: ;   {static_stub}
  0x0000000117520ae0: df3f 03d5 

  0x0000000117520ae4: ;   {metadata({method} {0x000000012558cb58} 'cancelCompletedResult$kotlinx_coroutines_core' '(Ljava/lang/Object;Ljava/lang/Throwable;)V' in 'kotlinx/coroutines/CancellableContinuationImpl')}
  0x0000000117520ae4: 0c6b 99d2 | 0cab a4f2 | 2c00 c0f2 | 082b 99d2 | 28d9 a2f2 | 2800 c0f2 | 0001 1fd6 

  0x0000000117520b00: ;   {trampoline_stub}
  0x0000000117520b00: 4800 0058 | 0001 1fd6 | 0039 2c17 | 0100 0000 

  0x0000000117520b10: ;   {trampoline_stub}
  0x0000000117520b10: 4800 0058 | 0001 1fd6 | 0039 2c17 | 0100 0000 

  0x0000000117520b20: ;   {trampoline_stub}
  0x0000000117520b20: 4800 0058 | 0001 1fd6 | 6003 d916 | 0100 0000 

  0x0000000117520b30: ;   {trampoline_stub}
  0x0000000117520b30: 4800 0058 | 0001 1fd6 | 4051 3c10 | 0100 0000 

  0x0000000117520b40: ;   {trampoline_stub}
  0x0000000117520b40: 4800 0058 | 0001 1fd6 | 6003 d916 | 0100 0000 

  0x0000000117520b50: ;   {trampoline_stub}
  0x0000000117520b50: 4800 0058 | 0001 1fd6 | 0009 2f17 | 0100 0000 

  0x0000000117520b60: ;   {trampoline_stub}
  0x0000000117520b60: 4800 0058 | 0001 1fd6 | e00c 5217 | 0100 0000 

  0x0000000117520b70: ;   {trampoline_stub}
  0x0000000117520b70: 4800 0058 | 0001 1fd6 | 600d 5217 | 0100 0000 

  0x0000000117520b80: ;   {trampoline_stub}
  0x0000000117520b80: 4800 0058 | 0001 1fd6 | d03a 4617 | 0100 0000 

  0x0000000117520b90: ;   {trampoline_stub}
  0x0000000117520b90: 4800 0058 | 0001 1fd6 | 0009 2f17 | 0100 0000 

  0x0000000117520ba0: ;   {trampoline_stub}
  0x0000000117520ba0: 4800 0058 | 0001 1fd6 | c00c 5217 | 0100 0000 

  0x0000000117520bb0: ;   {trampoline_stub}
  0x0000000117520bb0: 4800 0058 | 0001 1fd6 | 8001 ca16 | 0100 0000 

  0x0000000117520bc0: ;   {trampoline_stub}
  0x0000000117520bc0: 4800 0058 | 0001 1fd6 | 8007 ca16 | 0100 0000 

  0x0000000117520bd0: ;   {trampoline_stub}
  0x0000000117520bd0: 4800 0058 | 0001 1fd6 | 8004 ca16 | 0100 0000 

  0x0000000117520be0: ;   {trampoline_stub}
  0x0000000117520be0: 4800 0058 | 0001 1fd6 | 8004 ca16 | 0100 0000 

  0x0000000117520bf0: ;   {trampoline_stub}
  0x0000000117520bf0: 4800 0058 | 0001 1fd6 | 8001 ca16 | 0100 0000 

  0x0000000117520c00: ;   {static_stub}
  0x0000000117520c00: df3f 03d5 

  0x0000000117520c04: ;   {metadata({method} {0x0000000125547f48} 'getCancellationException' '()Ljava/util/concurrent/CancellationException;' in 'kotlinx/coroutines/JobSupport')}
  0x0000000117520c04: 0ce9 8fd2 | 8caa a4f2 | 2c00 c0f2 | 886a 89d2 | 48d9 a2f2 | 2800 c0f2 | 0001 1fd6 

  0x0000000117520c20: ;   {static_stub}
  0x0000000117520c20: df3f 03d5 

  0x0000000117520c24: ;   {metadata(nullptr)}
  0x0000000117520c24: 0c00 80d2 | 0c00 a0f2 | 0c00 c0f2 | 0800 80d2 | 0800 a0f2 | 0800 c0f2 | 0001 1fd6 

  0x0000000117520c40: ;   {static_stub}
  0x0000000117520c40: df3f 03d5 

  0x0000000117520c44: ;   {metadata(nullptr)}
  0x0000000117520c44: 0c00 80d2 | 0c00 a0f2 | 0c00 c0f2 | 0800 80d2 | 0800 a0f2 | 0800 c0f2 | 0001 1fd6 

  0x0000000117520c60: ;   {static_stub}
  0x0000000117520c60: df3f 03d5 

  0x0000000117520c64: ;   {metadata(nullptr)}
  0x0000000117520c64: 0c00 80d2 | 0c00 a0f2 | 0c00 c0f2 | 0800 80d2 | 0800 a0f2 | 0800 c0f2 | 0001 1fd6 

  0x0000000117520c80: ;   {static_stub}
  0x0000000117520c80: df3f 03d5 

  0x0000000117520c84: ;   {metadata(nullptr)}
  0x0000000117520c84: 0c00 80d2 | 0c00 a0f2 | 0c00 c0f2 | 0800 80d2 | 0800 a0f2 | 0800 c0f2 | 0001 1fd6 

  0x0000000117520ca0: ;   {static_stub}
  0x0000000117520ca0: df3f 03d5 

  0x0000000117520ca4: ;   {metadata(nullptr)}
  0x0000000117520ca4: 0c00 80d2 | 0c00 a0f2 | 0c00 c0f2 | 0800 80d2 | 0800 a0f2 | 0800 c0f2 | 0001 1fd6 

  0x0000000117520cc0: ;   {static_stub}
  0x0000000117520cc0: df3f 03d5 

  0x0000000117520cc4: ;   {metadata({method} {0x0000000126eab068} 'restoreThreadContext' '(Lkotlin/coroutines/CoroutineContext;Ljava/lang/Object;)V' in 'kotlinx/coroutines/slf4j/MDCContext')}
  0x0000000117520cc4: 0c0d 96d2 | 4cdd a4f2 | 2c00 c0f2 | 082b 99d2 | 28d9 a2f2 | 2800 c0f2 | 0001 1fd6 

  0x0000000117520ce0: ;   {static_stub}
  0x0000000117520ce0: df3f 03d5 

  0x0000000117520ce4: ;   {metadata({method} {0x0000000126eaac50} 'updateThreadContext' '(Lkotlin/coroutines/CoroutineContext;)Ljava/util/Map;' in 'kotlinx/coroutines/slf4j/MDCContext')}
  0x0000000117520ce4: 0c8a 95d2 | 4cdd a4f2 | 2c00 c0f2 | 88ba 8ad2 | 48d9 a2f2 | 2800 c0f2 | 0001 1fd6 

  0x0000000117520d00: ;   {static_stub}
  0x0000000117520d00: df3f 03d5 

  0x0000000117520d04: ;   {metadata(nullptr)}
  0x0000000117520d04: 0c00 80d2 | 0c00 a0f2 | 0c00 c0f2 | 0800 80d2 | 0800 a0f2 | 0800 c0f2 | 0001 1fd6 

  0x0000000117520d20: ;   {static_stub}
  0x0000000117520d20: df3f 03d5 

  0x0000000117520d24: ;   {metadata(nullptr)}
  0x0000000117520d24: 0c00 80d2 | 0c00 a0f2 | 0c00 c0f2 | 0800 80d2 | 0800 a0f2 | 0800 c0f2 | 0001 1fd6 

  0x0000000117520d40: ;   {static_stub}
  0x0000000117520d40: df3f 03d5 

  0x0000000117520d44: ;   {metadata({method} {0x000000012557ebe0} 'createFailure' '(Ljava/lang/Throwable;)Ljava/lang/Object;' in 'kotlin/ResultKt')}
  0x0000000117520d44: 0c7c 9dd2 | ecaa a4f2 | 2c00 c0f2 | 886a 89d2 | 48d9 a2f2 | 2800 c0f2 | 0001 1fd6 

  0x0000000117520d60: ;   {static_stub}
  0x0000000117520d60: df3f 03d5 

  0x0000000117520d64: ;   {metadata({method} {0x0000000125534ca0} 'updateUndispatchedCompletion' '(Lkotlin/coroutines/Continuation;Lkotlin/coroutines/CoroutineContext;Ljava/lang/Object;)Lkotlinx/coroutines/UndispatchedCoroutine;' in 'kotlinx/coroutines/CoroutineContextKt')}
  0x0000000117520d64: 0c94 89d2 | 6caa a4f2 | 2c00 c0f2 | 082b 99d2 | 28d9 a2f2 | 2800 c0f2 | 0001 1fd6 
[Exception Handler]
  0x0000000117520d80: ;   {runtime_call ExceptionBlob}
  0x0000000117520d80: c06f e117 
[Deopt Handler Code]
  0x0000000117520d84: 1e00 0010 

  0x0000000117520d88: ;   {runtime_call DeoptimizationBlob}
  0x0000000117520d88: ae17 de17 | 0000 0000 
[/MachCode]


---------------  P R O C E S S  ---------------

Threads class SMR info:
_java_thread_list=0x0000000b8a7aa6c0, length=30, elements={
0x000000010034a640, 0x0000000100362660, 0x0000000100364da0, 0x0000000b87198000,
0x0000000b87198700, 0x0000000b87198e00, 0x0000000100366ea0, 0x0000000b86d08000,
0x0000000b87199500, 0x0000000b87199c00, 0x0000000b87abc000, 0x0000000b87abc700,
0x0000000b87abdc00, 0x0000000b87abe300, 0x0000000b87abea00, 0x0000000b87abf800,
0x0000000b87f2c000, 0x0000000b87f2ce00, 0x0000000b87ff7800, 0x0000000b88464000,
0x0000000b885be300, 0x0000000b88744e00, 0x0000000b88747100, 0x0000000b8993c000,
0x0000000b8993c700, 0x0000000b8993ce00, 0x0000000b8993f100, 0x0000000b89c34700,
0x0000000b8a320e00, 0x0000000b8a7d4000
}

Java Threads: ( => current thread )
  0x000000010034a640 JavaThread "main"                              [_thread_blocked, id=5891, stack(0x000000016fbd4000,0x000000016fdd7000) (2060K)]
  0x0000000100362660 JavaThread "Reference Handler"          daemon [_thread_blocked, id=29699, stack(0x0000000170d4c000,0x0000000170f4f000) (2060K)]
  0x0000000100364da0 JavaThread "Finalizer"                  daemon [_thread_blocked, id=24579, stack(0x0000000170f58000,0x000000017115b000) (2060K)]
  0x0000000b87198000 JavaThread "Signal Dispatcher"          daemon [_thread_blocked, id=25091, stack(0x0000000171164000,0x0000000171367000) (2060K)]
  0x0000000b87198700 JavaThread "Service Thread"             daemon [_thread_blocked, id=29443, stack(0x0000000171370000,0x0000000171573000) (2060K)]
  0x0000000b87198e00 JavaThread "Monitor Deflation Thread"   daemon [_thread_blocked, id=29187, stack(0x000000017157c000,0x000000017177f000) (2060K)]
  0x0000000100366ea0 JavaThread "C2 CompilerThread0"         daemon [_thread_in_native, id=25859, stack(0x0000000171788000,0x000000017198b000) (2060K)]
  0x0000000b86d08000 JavaThread "C1 CompilerThread0"         daemon [_thread_blocked, id=28675, stack(0x0000000171994000,0x0000000171b97000) (2060K)]
  0x0000000b87199500 JavaThread "Notification Thread"        daemon [_thread_blocked, id=26627, stack(0x0000000171ba0000,0x0000000171da3000) (2060K)]
  0x0000000b87199c00 JavaThread "Common-Cleaner"             daemon [_thread_blocked, id=26883, stack(0x0000000171dac000,0x0000000171faf000) (2060K)]
  0x0000000b87abc000 JavaThread "AppKit Thread"              daemon [_thread_in_native, id=259, stack(0x000000016f34c000,0x000000016fb48000) (8176K)]
  0x0000000b87abc700 JavaThread "AWT-Shutdown"                      [_thread_blocked, id=46851, stack(0x000000017215c000,0x000000017235f000) (2060K)]
  0x0000000b87abdc00 JavaThread "DefaultDispatcher-worker-1" daemon [_thread_blocked, id=72219, stack(0x0000000172368000,0x000000017256b000) (2060K)]
  0x0000000b87abe300 JavaThread "DefaultDispatcher-worker-2" daemon [_thread_blocked, id=72967, stack(0x0000000172574000,0x0000000172777000) (2060K)]
  0x0000000b87abea00 JavaThread "DefaultDispatcher-worker-3" daemon [_thread_blocked, id=78339, stack(0x0000000172780000,0x0000000172983000) (2060K)]
  0x0000000b87abf800 JavaThread "Reference Cleaner"          daemon [_thread_blocked, id=73731, stack(0x000000017298c000,0x0000000172b8f000) (2060K)]
  0x0000000b87f2c000 JavaThread "kotlinx.coroutines.DefaultExecutor" daemon [_thread_blocked, id=73987, stack(0x0000000172b98000,0x0000000172d9b000) (2060K)]
  0x0000000b87f2ce00 JavaThread "AWT-EventQueue-0"                  [_thread_blocked, id=77827, stack(0x0000000172da4000,0x0000000172fa7000) (2060K)]
  0x0000000b87ff7800 JavaThread "Java2D Queue Flusher"       daemon [_thread_blocked, id=76035, stack(0x00000001739ec000,0x0000000173bef000) (2060K)]
  0x0000000b88464000 JavaThread "Java2D Disposer"            daemon [_thread_blocked, id=130819, stack(0x0000000173bf8000,0x0000000173dfb000) (2060K)]
  0x0000000b885be300 JavaThread "TimerQueue"                 daemon [_thread_blocked, id=79891, stack(0x0000000173e04000,0x0000000174007000) (2060K)]
  0x0000000b88744e00 JavaThread "skiko-dispatcher-to-block-on" daemon [_thread_in_native, id=124931, stack(0x000000017409c000,0x000000017429f000) (2060K)]
  0x0000000b88747100 JavaThread "JNA Cleaner"                daemon [_thread_blocked, id=123395, stack(0x00000001746c0000,0x00000001748c3000) (2060K)]
=>0x0000000b8993c000 JavaThread "DefaultDispatcher-worker-4" daemon [_thread_in_native, id=97295, stack(0x0000000174dfc000,0x0000000174fff000) (2060K)]
  0x0000000b8993c700 JavaThread "DefaultDispatcher-worker-5" daemon [_thread_blocked, id=117667, stack(0x0000000175008000,0x000000017520b000) (2060K)]
  0x0000000b8993ce00 JavaThread "DefaultDispatcher-worker-6" daemon [_thread_blocked, id=104259, stack(0x0000000175214000,0x0000000175417000) (2060K)]
  0x0000000b8993f100 JavaThread "OkHttp writeopia.io"        daemon [_thread_in_native, id=105219, stack(0x0000000175c50000,0x0000000175e53000) (2060K)]
  0x0000000b89c34700 JavaThread "OkHttp TaskRunner"          daemon [_thread_blocked, id=115459, stack(0x0000000175e5c000,0x000000017605f000) (2060K)]
  0x0000000b8a320e00 JavaThread "OkHttp Dispatcher"                 [_thread_blocked, id=116323, stack(0x0000000174bf0000,0x0000000174df3000) (2060K)]
  0x0000000b8a7d4000 JavaThread "OkHttp TaskRunner"          daemon [_thread_blocked, id=99723, stack(0x0000000175420000,0x0000000175623000) (2060K)]
Total: 30

Other Threads:
  0x0000000b87125c00 VMThread "VM Thread"                           [id=19715, stack(0x0000000170a28000,0x0000000170c2b000) (2060K)]
  0x0000000b87125000 WatcherThread "VM Periodic Task Thread"        [id=17155, stack(0x000000017081c000,0x0000000170a1f000) (2060K)]
  0x0000000100353830 WorkerThread "GC Thread#0"                     [id=15363, stack(0x000000016fde0000,0x000000016ffe3000) (2060K)]
  0x0000000b87f7f400 WorkerThread "GC Thread#1"                     [id=74503, stack(0x0000000172fb0000,0x00000001731b3000) (2060K)]
  0x0000000b87f7f800 WorkerThread "GC Thread#2"                     [id=77059, stack(0x00000001731bc000,0x00000001733bf000) (2060K)]
  0x0000000b87f7fc00 WorkerThread "GC Thread#3"                     [id=75011, stack(0x00000001733c8000,0x00000001735cb000) (2060K)]
  0x0000000b87fc8000 WorkerThread "GC Thread#4"                     [id=75267, stack(0x00000001735d4000,0x00000001737d7000) (2060K)]
  0x0000000b87fc8400 WorkerThread "GC Thread#5"                     [id=75523, stack(0x00000001737e0000,0x00000001739e3000) (2060K)]
  0x0000000b88713000 WorkerThread "GC Thread#6"                     [id=123655, stack(0x00000001742a8000,0x00000001744ab000) (2060K)]
  0x0000000b88713400 WorkerThread "GC Thread#7"                     [id=91943, stack(0x00000001744b4000,0x00000001746b7000) (2060K)]
  0x0000000100354650 ConcurrentGCThread "G1 Main Marker"            [id=13571, stack(0x000000016ffec000,0x00000001701ef000) (2060K)]
  0x00000001003550f0 WorkerThread "G1 Conc#0"                       [id=14339, stack(0x00000001701f8000,0x00000001703fb000) (2060K)]
  0x0000000b877e6800 WorkerThread "G1 Conc#1"                       [id=94979, stack(0x00000001748cc000,0x0000000174acf000) (2060K)]
  0x00000001003579f0 ConcurrentGCThread "G1 Refine#0"               [id=14595, stack(0x0000000170404000,0x0000000170607000) (2060K)]
  0x0000000b87124400 ConcurrentGCThread "G1 Service"                [id=16643, stack(0x0000000170610000,0x0000000170813000) (2060K)]
Total: 15

Threads with active compile tasks:
C2 CompilerThread0  80681 8071       4       androidx.compose.ui.node.NodeCoordinator::draw (69 bytes)
Total: 1

VM state: not at safepoint (normal execution)

VM Mutex/Monitor currently owned by a thread: None

Heap address: 0x0000000700000000, size: 4096 MB, Compressed Oops mode: Zero based, Oop shift amount: 3

CDS archive(s) mapped at: [0x0000009800000000-0x0000009800cfc000-0x0000009800cfc000), size 13615104, SharedBaseAddress: 0x0000009800000000, ArchiveRelocationMode: 1.
Compressed class space mapped at: 0x0000009801000000-0x0000009841000000, reserved size: 1073741824
Narrow klass base: 0x0000009800000000, Narrow klass shift: 0, Narrow klass range: 0x100000000

GC Precious Log:
 CardTable entry size: 512
 Card Set container configuration: InlinePtr #cards 4 size 8 Array Of Cards #cards 16 size 48 Howl #buckets 8 coarsen threshold 3686 Howl Bitmap #cards 512 size 80 coarsen threshold 460 Card regions per heap region 1 cards per card region 4096
 CPUs: 8 total, 8 available
 Memory: 16384M
 Large Page Support: Disabled
 NUMA Support: Disabled
 Compressed Oops: Enabled (Zero based)
 Heap Region Size: 2M
 Heap Min Capacity: 8M
 Heap Initial Capacity: 256M
 Heap Max Capacity: 4G
 Pre-touch: Disabled
 Parallel Workers: 8
 Concurrent Workers: 2
 Concurrent Refinement Workers: 8
 Periodic GC: Disabled

Heap:
 garbage-first heap   total 75776K, used 47887K [0x0000000700000000, 0x0000000800000000)
  region size 2048K, 19 young (38912K), 4 survivors (8192K)
 Metaspace       used 63633K, committed 64768K, reserved 1114112K
  class space    used 6961K, committed 7424K, reserved 1048576K

Heap Regions: E=young(eden), S=young(survivor), O=old, HS=humongous(starts), HC=humongous(continues), CS=collection set, F=free, TAMS=top-at-mark-start, PB=parsable bottom
|   0|0x0000000700000000, 0x0000000700200000, 0x0000000700200000|100%| O|  |TAMS 0x0000000700000000| PB 0x0000000700000000| Untracked 
|   1|0x0000000700200000, 0x00000007003da520, 0x0000000700400000| 92%| O|  |TAMS 0x0000000700200000| PB 0x0000000700200000| Untracked 
|   2|0x0000000700400000, 0x0000000700600000, 0x0000000700600000|100%| O|  |TAMS 0x0000000700400000| PB 0x0000000700400000| Untracked 
|   3|0x0000000700600000, 0x0000000700800000, 0x0000000700800000|100%| O|  |TAMS 0x0000000700600000| PB 0x0000000700600000| Untracked 
|   4|0x0000000700800000, 0x0000000700800000, 0x0000000700a00000|  0%| F|  |TAMS 0x0000000700800000| PB 0x0000000700800000| Untracked 
|   5|0x0000000700a00000, 0x0000000700c00000, 0x0000000700c00000|100%| O|  |TAMS 0x0000000700a00000| PB 0x0000000700a00000| Untracked 
|   6|0x0000000700c00000, 0x0000000700e00000, 0x0000000700e00000|100%| O|  |TAMS 0x0000000700c00000| PB 0x0000000700c00000| Untracked 
|   7|0x0000000700e00000, 0x0000000700e00000, 0x0000000701000000|  0%| F|  |TAMS 0x0000000700e00000| PB 0x0000000700e00000| Untracked 
|   8|0x0000000701000000, 0x0000000701000000, 0x0000000701200000|  0%| F|  |TAMS 0x0000000701000000| PB 0x0000000701000000| Untracked 
|   9|0x0000000701200000, 0x000000070128fb80, 0x0000000701400000| 28%| O|Cm|TAMS 0x0000000701200000| PB 0x0000000701200000| Complete 
|  10|0x0000000701400000, 0x0000000701400000, 0x0000000701600000|  0%| F|  |TAMS 0x0000000701400000| PB 0x0000000701400000| Untracked 
|  11|0x0000000701600000, 0x0000000701600000, 0x0000000701800000|  0%| F|  |TAMS 0x0000000701600000| PB 0x0000000701600000| Untracked 
|  12|0x0000000701800000, 0x0000000701800000, 0x0000000701a00000|  0%| F|  |TAMS 0x0000000701800000| PB 0x0000000701800000| Untracked 
|  13|0x0000000701a00000, 0x0000000701a00000, 0x0000000701c00000|  0%| F|  |TAMS 0x0000000701a00000| PB 0x0000000701a00000| Untracked 
|  14|0x0000000701c00000, 0x0000000701c00000, 0x0000000701e00000|  0%| F|  |TAMS 0x0000000701c00000| PB 0x0000000701c00000| Untracked 
|  15|0x0000000701e00000, 0x0000000701e00000, 0x0000000702000000|  0%| F|  |TAMS 0x0000000701e00000| PB 0x0000000701e00000| Untracked 
|  16|0x0000000702000000, 0x0000000702000000, 0x0000000702200000|  0%| F|  |TAMS 0x0000000702000000| PB 0x0000000702000000| Untracked 
|  17|0x0000000702200000, 0x0000000702200000, 0x0000000702400000|  0%| F|  |TAMS 0x0000000702200000| PB 0x0000000702200000| Untracked 
|  18|0x0000000702400000, 0x00000007025cec88, 0x0000000702600000| 90%| E|  |TAMS 0x0000000702400000| PB 0x0000000702400000| Complete 
|  19|0x0000000702600000, 0x0000000702800000, 0x0000000702800000|100%| E|CS|TAMS 0x0000000702600000| PB 0x0000000702600000| Complete 
|  20|0x0000000702800000, 0x0000000702a00000, 0x0000000702a00000|100%| E|CS|TAMS 0x0000000702800000| PB 0x0000000702800000| Complete 
|  21|0x0000000702a00000, 0x0000000702c00000, 0x0000000702c00000|100%| E|CS|TAMS 0x0000000702a00000| PB 0x0000000702a00000| Complete 
|  22|0x0000000702c00000, 0x0000000702e00000, 0x0000000702e00000|100%| E|CS|TAMS 0x0000000702c00000| PB 0x0000000702c00000| Complete 
|  23|0x0000000702e00000, 0x0000000703000000, 0x0000000703000000|100%| E|CS|TAMS 0x0000000702e00000| PB 0x0000000702e00000| Complete 
|  24|0x0000000703000000, 0x0000000703200000, 0x0000000703200000|100%| E|CS|TAMS 0x0000000703000000| PB 0x0000000703000000| Complete 
|  25|0x0000000703200000, 0x0000000703400000, 0x0000000703400000|100%| E|CS|TAMS 0x0000000703200000| PB 0x0000000703200000| Complete 
|  26|0x0000000703400000, 0x0000000703600000, 0x0000000703600000|100%| E|CS|TAMS 0x0000000703400000| PB 0x0000000703400000| Complete 
|  27|0x0000000703600000, 0x0000000703800000, 0x0000000703800000|100%| E|CS|TAMS 0x0000000703600000| PB 0x0000000703600000| Complete 
|  28|0x0000000703800000, 0x0000000703a00000, 0x0000000703a00000|100%| E|CS|TAMS 0x0000000703800000| PB 0x0000000703800000| Complete 
|  29|0x0000000703a00000, 0x0000000703c00000, 0x0000000703c00000|100%| E|CS|TAMS 0x0000000703a00000| PB 0x0000000703a00000| Complete 
|  30|0x0000000703c00000, 0x0000000703e00000, 0x0000000703e00000|100%| E|CS|TAMS 0x0000000703c00000| PB 0x0000000703c00000| Complete 
|  31|0x0000000703e00000, 0x0000000704000000, 0x0000000704000000|100%| E|CS|TAMS 0x0000000703e00000| PB 0x0000000703e00000| Complete 
|  44|0x0000000705800000, 0x0000000705859f20, 0x0000000705a00000| 17%| S|CS|TAMS 0x0000000705800000| PB 0x0000000705800000| Complete 
|  45|0x0000000705a00000, 0x0000000705c00000, 0x0000000705c00000|100%| S|CS|TAMS 0x0000000705a00000| PB 0x0000000705a00000| Complete 
|  46|0x0000000705c00000, 0x0000000705e00000, 0x0000000705e00000|100%| S|CS|TAMS 0x0000000705c00000| PB 0x0000000705c00000| Complete 
|  47|0x0000000705e00000, 0x0000000706000000, 0x0000000706000000|100%| S|CS|TAMS 0x0000000705e00000| PB 0x0000000705e00000| Complete 
|2047|0x00000007ffe00000, 0x0000000800000000, 0x0000000800000000|100%| E|CS|TAMS 0x00000007ffe00000| PB 0x00000007ffe00000| Complete 

Card table byte_map: [0x000000011e730000,0x000000011ef30000] _byte_map_base: 0x000000011af30000

Marking Bits: (CMBitMap*) 0x0000000100353ee0
 Bits: [0x000000011ef30000, 0x0000000122f30000)

Polling page: 0x00000001002e0000

Metaspace:

Usage:
  Non-class:     55.34 MB used.
      Class:      6.80 MB used.
       Both:     62.14 MB used.

Virtual space:
  Non-class space:       64.00 MB reserved,      56.00 MB ( 88%) committed,  1 nodes.
      Class space:        1.00 GB reserved,       7.25 MB ( <1%) committed,  1 nodes.
             Both:        1.06 GB reserved,      63.25 MB (  6%) committed. 

Chunk freelists:
   Non-Class:  8.04 MB
       Class:  8.79 MB
        Both:  16.83 MB

MaxMetaspaceSize: unlimited
CompressedClassSpaceSize: 1.00 GB
Initial GC threshold: 21.00 MB
Current GC threshold: 99.00 MB
CDS: on
 - commit_granule_bytes: 65536.
 - commit_granule_words: 8192.
 - virtual_space_node_default_size: 8388608.
 - enlarge_chunks_in_place: 1.
 - use_allocation_guard: 0.


Internal statistics:

num_allocs_failed_limit: 9.
num_arena_births: 1558.
num_arena_deaths: 0.
num_vsnodes_births: 2.
num_vsnodes_deaths: 0.
num_space_committed: 1012.
num_space_uncommitted: 0.
num_chunks_returned_to_freelist: 9.
num_chunks_taken_from_freelist: 3649.
num_chunk_merges: 6.
num_chunk_splits: 2548.
num_chunks_enlarged: 1881.
num_inconsistent_stats: 0.

CodeHeap 'non-profiled nmethods': size=120032Kb used=3805Kb max_used=3805Kb free=116226Kb
 bounds [0x00000001171f8000, 0x00000001175b8000, 0x000000011e730000]
CodeHeap 'profiled nmethods': size=120016Kb used=13932Kb max_used=13932Kb free=106083Kb
 bounds [0x000000010f730000, 0x00000001104d0000, 0x0000000116c64000]
CodeHeap 'non-nmethods': size=5712Kb used=3126Kb max_used=3165Kb free=2586Kb
 bounds [0x0000000116c64000, 0x0000000116f84000, 0x00000001171f8000]
CodeCache: size=245760Kb, used=20863Kb, max_used=20902Kb, free=224895Kb
 total_blobs=10016, nmethods=7646, adapters=2278, full_count=0
Compilation: enabled, stopped_count=0, restarted_count=0

Compilation events (20 events):
Event: 80.642 Thread 0x0000000b86d08000 nmethod 8062 0x00000001104bd810 code [0x00000001104bd9c0, 0x00000001104bdbd8]
Event: 80.642 Thread 0x0000000b86d08000 8063       3       java.lang.reflect.ReflectAccess::copyConstructor (5 bytes)
Event: 80.642 Thread 0x0000000b86d08000 nmethod 8063 0x00000001104bdd10 code [0x00000001104bdec0, 0x00000001104be040]
Event: 80.642 Thread 0x0000000b86d08000 8064       3       java.lang.reflect.Constructor::copy (72 bytes)
Event: 80.642 Thread 0x0000000b86d08000 nmethod 8064 0x00000001104be110 code [0x00000001104be300, 0x00000001104be6b0]
Event: 80.643 Thread 0x0000000b86d08000 8065       3       java.lang.Class::getConstructor0 (83 bytes)
Event: 80.644 Thread 0x0000000b86d08000 nmethod 8065 0x00000001104be810 code [0x00000001104beb40, 0x00000001104bf620]
Event: 80.644 Thread 0x0000000b86d08000 8068       3       jdk.internal.reflect.MethodHandleFieldAccessorImpl::isStatic (16 bytes)
Event: 80.644 Thread 0x0000000b86d08000 nmethod 8068 0x00000001104bfb90 code [0x00000001104bfd40, 0x00000001104bfeb0]
Event: 80.644 Thread 0x0000000b86d08000 8070       3       com.sun.jna.Native::getNativeSize (264 bytes)
Event: 80.644 Thread 0x0000000100366ea0 nmethod 8059 0x00000001175ae390 code [0x00000001175ae580, 0x00000001175aeb08]
Event: 80.644 Thread 0x0000000b86d08000 nmethod 8070 0x00000001104bff90 code [0x00000001104c0400, 0x00000001104c1580]
Event: 80.644 Thread 0x0000000100366ea0 8066       4       java.lang.invoke.Invokers$Holder::linkToTargetMethod (8 bytes)
Event: 80.644 Thread 0x0000000b86d08000 8069       3       java.util.ArrayList::set (24 bytes)
Event: 80.644 Thread 0x0000000b86d08000 nmethod 8069 0x00000001104c1b10 code [0x00000001104c1cc0, 0x00000001104c20c0]
Event: 80.644 Thread 0x0000000100366ea0 nmethod 8066 0x00000001175aed10 code [0x00000001175aeec0, 0x00000001175aefc8]
Event: 80.644 Thread 0x0000000100366ea0 8067       4       java.lang.invoke.LambdaForm$MH/0x0000009801002400::invoke (8 bytes)
Event: 80.645 Thread 0x0000000100366ea0 nmethod 8067 0x00000001175af090 code [0x00000001175af200, 0x00000001175af2b8]
Event: 80.645 Thread 0x0000000100366ea0 8061       4       java.lang.reflect.Modifier::isStatic (13 bytes)
Event: 80.645 Thread 0x0000000100366ea0 nmethod 8061 0x00000001175af390 code [0x00000001175af500, 0x00000001175af570]

GC Heap History (18 events):
Event: 0.591 GC heap before
{Heap before GC invocations=0 (full 0):
 garbage-first heap   total 264192K, used 21547K [0x0000000700000000, 0x0000000800000000)
  region size 2048K, 11 young (22528K), 0 survivors (0K)
 Metaspace       used 6994K, committed 7232K, reserved 1114112K
  class space    used 683K, committed 768K, reserved 1048576K
}
Event: 0.593 GC heap after
{Heap after GC invocations=1 (full 0):
 garbage-first heap   total 264192K, used 5259K [0x0000000700000000, 0x0000000800000000)
  region size 2048K, 2 young (4096K), 2 survivors (4096K)
 Metaspace       used 6994K, committed 7232K, reserved 1114112K
  class space    used 683K, committed 768K, reserved 1048576K
}
Event: 1.160 GC heap before
{Heap before GC invocations=1 (full 0):
 garbage-first heap   total 264192K, used 40075K [0x0000000700000000, 0x0000000800000000)
  region size 2048K, 20 young (40960K), 2 survivors (4096K)
 Metaspace       used 21093K, committed 21440K, reserved 1114112K
  class space    used 2176K, committed 2368K, reserved 1048576K
}
Event: 1.163 GC heap after
{Heap after GC invocations=2 (full 0):
 garbage-first heap   total 264192K, used 7212K [0x0000000700000000, 0x0000000800000000)
  region size 2048K, 2 young (4096K), 2 survivors (4096K)
 Metaspace       used 21093K, committed 21440K, reserved 1114112K
  class space    used 2176K, committed 2368K, reserved 1048576K
}
Event: 1.169 GC heap before
{Heap before GC invocations=2 (full 0):
 garbage-first heap   total 264192K, used 7212K [0x0000000700000000, 0x0000000800000000)
  region size 2048K, 3 young (6144K), 2 survivors (4096K)
 Metaspace       used 21197K, committed 21504K, reserved 1114112K
  class space    used 2186K, committed 2368K, reserved 1048576K
}
Event: 1.171 GC heap after
{Heap after GC invocations=3 (full 0):
 garbage-first heap   total 264192K, used 7192K [0x0000000700000000, 0x0000000800000000)
  region size 2048K, 2 young (4096K), 2 survivors (4096K)
 Metaspace       used 21197K, committed 21504K, reserved 1114112K
  class space    used 2186K, committed 2368K, reserved 1048576K
}
Event: 1.858 GC heap before
{Heap before GC invocations=4 (full 0):
 garbage-first heap   total 34816K, used 31768K [0x0000000700000000, 0x0000000800000000)
  region size 2048K, 14 young (28672K), 2 survivors (4096K)
 Metaspace       used 27501K, committed 27904K, reserved 1114112K
  class space    used 2898K, committed 3072K, reserved 1048576K
}
Event: 1.860 GC heap after
{Heap after GC invocations=5 (full 0):
 garbage-first heap   total 40960K, used 9298K [0x0000000700000000, 0x0000000800000000)
  region size 2048K, 3 young (6144K), 3 survivors (6144K)
 Metaspace       used 27501K, committed 27904K, reserved 1114112K
  class space    used 2898K, committed 3072K, reserved 1048576K
}
Event: 1.976 GC heap before
{Heap before GC invocations=5 (full 0):
 garbage-first heap   total 40960K, used 27730K [0x0000000700000000, 0x0000000800000000)
  region size 2048K, 12 young (24576K), 3 survivors (6144K)
 Metaspace       used 31166K, committed 31616K, reserved 1114112K
  class space    used 3312K, committed 3520K, reserved 1048576K
}
Event: 1.980 GC heap after
{Heap after GC invocations=6 (full 0):
 garbage-first heap   total 40960K, used 10216K [0x0000000700000000, 0x0000000800000000)
  region size 2048K, 1 young (2048K), 1 survivors (2048K)
 Metaspace       used 31166K, committed 31616K, reserved 1114112K
  class space    used 3312K, committed 3520K, reserved 1048576K
}
Event: 2.455 GC heap before
{Heap before GC invocations=6 (full 0):
 garbage-first heap   total 40960K, used 22504K [0x0000000700000000, 0x0000000800000000)
  region size 2048K, 9 young (18432K), 1 survivors (2048K)
 Metaspace       used 35664K, committed 36160K, reserved 1114112K
  class space    used 3762K, committed 3968K, reserved 1048576K
}
Event: 2.456 GC heap after
{Heap after GC invocations=7 (full 0):
 garbage-first heap   total 40960K, used 10812K [0x0000000700000000, 0x0000000800000000)
  region size 2048K, 1 young (2048K), 1 survivors (2048K)
 Metaspace       used 35664K, committed 36160K, reserved 1114112K
  class space    used 3762K, committed 3968K, reserved 1048576K
}
Event: 2.534 GC heap before
{Heap before GC invocations=8 (full 0):
 garbage-first heap   total 40960K, used 29244K [0x0000000700000000, 0x0000000800000000)
  region size 2048K, 11 young (22528K), 1 survivors (2048K)
 Metaspace       used 41088K, committed 41600K, reserved 1114112K
  class space    used 4365K, committed 4608K, reserved 1048576K
}
Event: 2.537 GC heap after
{Heap after GC invocations=9 (full 0):
 garbage-first heap   total 40960K, used 12969K [0x0000000700000000, 0x0000000800000000)
  region size 2048K, 2 young (4096K), 2 survivors (4096K)
 Metaspace       used 41088K, committed 41600K, reserved 1114112K
  class space    used 4365K, committed 4608K, reserved 1048576K
}
Event: 2.646 GC heap before
{Heap before GC invocations=9 (full 0):
 garbage-first heap   total 40960K, used 29353K [0x0000000700000000, 0x0000000800000000)
  region size 2048K, 11 young (22528K), 2 survivors (4096K)
 Metaspace       used 47792K, committed 48448K, reserved 1114112K
  class space    used 5131K, committed 5376K, reserved 1048576K
}
Event: 2.649 GC heap after
{Heap after GC invocations=10 (full 0):
 garbage-first heap   total 151552K, used 14640K [0x0000000700000000, 0x0000000800000000)
  region size 2048K, 1 young (2048K), 1 survivors (2048K)
 Metaspace       used 47792K, committed 48448K, reserved 1114112K
  class space    used 5131K, committed 5376K, reserved 1048576K
}
Event: 63.180 GC heap before
{Heap before GC invocations=10 (full 0):
 garbage-first heap   total 151552K, used 63792K [0x0000000700000000, 0x0000000800000000)
  region size 2048K, 27 young (55296K), 1 survivors (2048K)
 Metaspace       used 59758K, committed 60736K, reserved 1114112K
  class space    used 6545K, committed 6976K, reserved 1048576K
}
Event: 63.188 GC heap after
{Heap after GC invocations=11 (full 0):
 garbage-first heap   total 151552K, used 19215K [0x0000000700000000, 0x0000000800000000)
  region size 2048K, 4 young (8192K), 4 survivors (8192K)
 Metaspace       used 59758K, committed 60736K, reserved 1114112K
  class space    used 6545K, committed 6976K, reserved 1048576K
}

Dll operation events (14 events):
Event: 0.003 Loaded shared library /Library/Java/JavaVirtualMachines/zulu-21.jdk/Contents/Home/lib/libjava.dylib
Event: 0.026 Loaded shared library /Library/Java/JavaVirtualMachines/zulu-21.jdk/Contents/Home/lib/libnio.dylib
Event: 0.029 Loaded shared library /Library/Java/JavaVirtualMachines/zulu-21.jdk/Contents/Home/lib/libzip.dylib
Event: 0.119 Loaded shared library /Library/Java/JavaVirtualMachines/zulu-21.jdk/Contents/Home/lib/libjimage.dylib
Event: 0.123 Loaded shared library /Library/Java/JavaVirtualMachines/zulu-21.jdk/Contents/Home/lib/libnet.dylib
Event: 0.130 Loaded shared library /Users/leandroferreira/.skiko/skiko-macos-arm64-f7676395835316696f9b2a762705c307cbdd703545a02fc1b1154a13df96fb64/libskiko-macos-arm64.dylib
Event: 0.142 Loaded shared library /Library/Java/JavaVirtualMachines/zulu-21.jdk/Contents/Home/lib/libawt.dylib
Event: 0.145 Loaded shared library /Library/Java/JavaVirtualMachines/zulu-21.jdk/Contents/Home/lib/libawt_lwawt.dylib
Event: 0.155 Loaded shared library /Library/Java/JavaVirtualMachines/zulu-21.jdk/Contents/Home/lib/libfontmanager.dylib
Event: 0.502 Loaded shared library /Library/Java/JavaVirtualMachines/zulu-21.jdk/Contents/Home/lib/libosxui.dylib
Event: 1.151 Loaded shared library /Users/leandroferreira/Library/Caches/JNA/temp/jna7827931608091302714.tmp
Event: 1.745 Loaded shared library /private/var/folders/83/l12z_8fx0g9d9z9yfnwqlnqm0000gn/T/sqlite-3.51.3.0-e8e9e912-482c-4aaf-8dab-ac3833617a43-libsqlitejdbc.dylib
Event: 2.542 Loaded shared library /Library/Java/JavaVirtualMachines/zulu-21.jdk/Contents/Home/lib/libextnet.dylib
Event: 80.627 Loaded shared library /private/var/folders/83/l12z_8fx0g9d9z9yfnwqlnqm0000gn/T/writeopia-llama/libllama.dylib

Deoptimization events (20 events):
Event: 80.544 Thread 0x0000000b87f2ce00 Uncommon trap: trap_request=0xffffffde fr.pc=0x0000000117516a5c relative=0x000000000000009c
Event: 80.544 Thread 0x0000000b87f2ce00 Uncommon trap: reason=class_check action=maybe_recompile pc=0x0000000117516a5c method=kotlinx.coroutines.DispatchedTask.getExceptionalResult$kotlinx_coroutines_core(Ljava/lang/Object;)Ljava/lang/Throwable; @ 8 c2
Event: 80.544 Thread 0x0000000b87f2ce00 DEOPT PACKING pc=0x0000000117516a5c sp=0x0000000172fa5dc0
Event: 80.544 Thread 0x0000000b87f2ce00 DEOPT UNPACKING pc=0x0000000116ca701c sp=0x0000000172fa5d40 mode 2
Event: 80.547 Thread 0x0000000b87f2ce00 Uncommon trap: trap_request=0xffffffde fr.pc=0x0000000117516a5c relative=0x000000000000009c
Event: 80.547 Thread 0x0000000b87f2ce00 Uncommon trap: reason=class_check action=maybe_recompile pc=0x0000000117516a5c method=kotlinx.coroutines.DispatchedTask.getExceptionalResult$kotlinx_coroutines_core(Ljava/lang/Object;)Ljava/lang/Throwable; @ 8 c2
Event: 80.547 Thread 0x0000000b87f2ce00 DEOPT PACKING pc=0x0000000117516a5c sp=0x0000000172fa6460
Event: 80.547 Thread 0x0000000b87f2ce00 DEOPT UNPACKING pc=0x0000000116ca701c sp=0x0000000172fa63e0 mode 2
Event: 80.629 Thread 0x0000000b87f2ce00 Uncommon trap: trap_request=0xffffff45 fr.pc=0x00000001174eaeec relative=0x00000000000001ec
Event: 80.629 Thread 0x0000000b87f2ce00 Uncommon trap: reason=unstable_if action=reinterpret pc=0x00000001174eaeec method=jdk.internal.org.objectweb.asm.Frame.execute(IILjdk/internal/org/objectweb/asm/Symbol;Ljdk/internal/org/objectweb/asm/SymbolTable;)V @ 1 c2
Event: 80.629 Thread 0x0000000b87f2ce00 DEOPT PACKING pc=0x00000001174eaeec sp=0x0000000172fa4f90
Event: 80.629 Thread 0x0000000b87f2ce00 DEOPT UNPACKING pc=0x0000000116ca701c sp=0x0000000172fa4f10 mode 2
Event: 80.629 Thread 0x0000000b87f2ce00 Uncommon trap: trap_request=0xffffff45 fr.pc=0x0000000117430b78 relative=0x0000000000000238
Event: 80.629 Thread 0x0000000b87f2ce00 Uncommon trap: reason=unstable_if action=reinterpret pc=0x0000000117430b78 method=jdk.internal.org.objectweb.asm.Type.getTypeInternal(Ljava/lang/String;II)Ljdk/internal/org/objectweb/asm/Type; @ 5 c2
Event: 80.629 Thread 0x0000000b87f2ce00 DEOPT PACKING pc=0x0000000117430b78 sp=0x0000000172fa4e10
Event: 80.629 Thread 0x0000000b87f2ce00 DEOPT UNPACKING pc=0x0000000116ca701c sp=0x0000000172fa4d80 mode 2
Event: 80.633 Thread 0x0000000b87f2ce00 Uncommon trap: trap_request=0xffffff45 fr.pc=0x000000011753f684 relative=0x0000000000000084
Event: 80.633 Thread 0x0000000b87f2ce00 Uncommon trap: reason=unstable_if action=reinterpret pc=0x000000011753f684 method=kotlin.ranges.RangesKt___RangesKt.coerceIn(III)I @ 57 c2
Event: 80.633 Thread 0x0000000b87f2ce00 DEOPT PACKING pc=0x000000011753f684 sp=0x0000000172fa41a0
Event: 80.633 Thread 0x0000000b87f2ce00 DEOPT UNPACKING pc=0x0000000116ca701c sp=0x0000000172fa4110 mode 2

Classes loaded (20 events):
Event: 80.636 Loading class java/lang/annotation/Inherited
Event: 80.636 Loading class java/lang/annotation/Inherited done
Event: 80.636 Loading class java/lang/annotation/RetentionPolicy
Event: 80.636 Loading class java/lang/annotation/RetentionPolicy done
Event: 80.637 Loading class sun/reflect/annotation/AnnotationTypeMismatchExceptionProxy
Event: 80.637 Loading class sun/reflect/annotation/AnnotationTypeMismatchExceptionProxy done
Event: 80.637 Loading class sun/reflect/annotation/AnnotationParser$1
Event: 80.637 Loading class sun/reflect/annotation/AnnotationParser$1 done
Event: 80.637 Loading class sun/reflect/annotation/AnnotationInvocationHandler
Event: 80.637 Loading class sun/reflect/annotation/AnnotationInvocationHandler done
Event: 80.637 Loading class java/lang/annotation/Target
Event: 80.637 Loading class java/lang/annotation/Target done
Event: 80.638 Loading class java/lang/annotation/Documented
Event: 80.638 Loading class java/lang/annotation/Documented done
Event: 80.638 Loading class java/lang/Class$AnnotationData
Event: 80.638 Loading class java/lang/Class$AnnotationData done
Event: 80.640 Loading class jdk/internal/reflect/MethodHandleBooleanFieldAccessorImpl
Event: 80.640 Loading class jdk/internal/reflect/MethodHandleBooleanFieldAccessorImpl done
Event: 80.641 Loading class jdk/internal/reflect/MethodHandleShortFieldAccessorImpl
Event: 80.641 Loading class jdk/internal/reflect/MethodHandleShortFieldAccessorImpl done

Classes unloaded (0 events):
No events

Classes redefined (0 events):
No events

Internal exceptions (20 events):
Event: 3.554 Thread 0x0000000b87abdc00 Exception <a 'java/lang/NoSuchMethodError'{0x000000070631a640}: 'java.lang.Object java.lang.invoke.DirectMethodHandle$Holder.newInvokeSpecial(java.lang.Object, long, java.lang.Object)'> (0x000000070631a640) 
thrown [src/hotspot/share/interpreter/linkResolver.cpp, line 773]
Event: 3.554 Thread 0x0000000b87abdc00 Exception <a 'java/lang/NoSuchMethodError'{0x000000070631e008}: 'java.lang.Object java.lang.invoke.DirectMethodHandle$Holder.invokeSpecial(java.lang.Object, java.lang.Object, long, java.lang.Object)'> (0x000000070631e008) 
thrown [src/hotspot/share/interpreter/linkResolver.cpp, line 773]
Event: 3.554 Thread 0x0000000b87abdc00 Exception <a 'java/lang/NoSuchMethodError'{0x0000000706321380}: 'java.lang.Object java.lang.invoke.Invokers$Holder.linkToTargetMethod(long, java.lang.Object, java.lang.Object)'> (0x0000000706321380) 
thrown [src/hotspot/share/interpreter/linkResolver.cpp, line 773]
Event: 65.204 Thread 0x0000000b87f2ce00 Exception <a 'java/lang/NoSuchMethodError'{0x0000000703b7aa80}: 'java.lang.Object java.lang.invoke.Invokers$Holder.linkToTargetMethod(java.lang.Object, java.lang.Object, java.lang.Object, java.lang.Object, java.lang.Object, java.lang.Object, java.lang.Object, java.lang.Object, java.lang.Object, java.lang.Object, java.lang.Object, java.lang.Object, java.lang.Object, java.lang.Object, java.lang.Object, java.lang.Object, java.lang.Object, java.lang.Object, java.lang.Object, java.lang.Object, java.lang.Object,
Event: 65.227 Thread 0x0000000b87f2ce00 Exception <a 'java/lang/NoSuchMethodError'{0x0000000703bda488}: 'java.lang.Object java.lang.invoke.DirectMethodHandle$Holder.newInvokeSpecial(java.lang.Object, java.lang.Object, long, java.lang.Object)'> (0x0000000703bda488) 
thrown [src/hotspot/share/interpreter/linkResolver.cpp, line 773]
Event: 65.227 Thread 0x0000000b87f2ce00 Exception <a 'java/lang/NoSuchMethodError'{0x0000000703bde590}: 'java.lang.Object java.lang.invoke.DirectMethodHandle$Holder.invokeSpecial(java.lang.Object, java.lang.Object, java.lang.Object, long, java.lang.Object)'> (0x0000000703bde590) 
thrown [src/hotspot/share/interpreter/linkResolver.cpp, line 773]
Event: 65.227 Thread 0x0000000b87f2ce00 Exception <a 'java/lang/NoSuchMethodError'{0x0000000703be1ce0}: 'java.lang.Object java.lang.invoke.Invokers$Holder.linkToTargetMethod(java.lang.Object, long, java.lang.Object, java.lang.Object)'> (0x0000000703be1ce0) 
thrown [src/hotspot/share/interpreter/linkResolver.cpp, line 773]
Event: 65.231 Thread 0x0000000b87f2ce00 Exception <a 'java/lang/NoSuchMethodError'{0x000000070384c8f8}: 'java.lang.Object java.lang.invoke.DirectMethodHandle$Holder.newInvokeSpecial(java.lang.Object, java.lang.Object, java.lang.Object, java.lang.Object, java.lang.Object, java.lang.Object, java.lang.Object, java.lang.Object, java.lang.Object, java.lang.Object, java.lang.Object, java.lang.Object, java.lang.Object, java.lang.Object)'> (0x000000070384c8f8) 
thrown [src/hotspot/share/interpreter/linkResolver.cpp, line 773]
Event: 65.232 Thread 0x0000000b87f2ce00 Exception <a 'java/lang/NoSuchMethodError'{0x0000000703852408}: 'java.lang.Object java.lang.invoke.DirectMethodHandle$Holder.invokeSpecial(java.lang.Object, java.lang.Object, java.lang.Object, java.lang.Object, java.lang.Object, java.lang.Object, java.lang.Object, java.lang.Object, java.lang.Object, java.lang.Object, java.lang.Object, java.lang.Object, java.lang.Object, java.lang.Object, java.lang.Object)'> (0x0000000703852408) 
thrown [src/hotspot/share/interpreter/linkResolver.cpp, line 773]
Event: 65.232 Thread 0x0000000b87f2ce00 Exception <a 'java/lang/NoSuchMethodError'{0x0000000703857368}: 'java.lang.Object java.lang.invoke.Invokers$Holder.linkToTargetMethod(java.lang.Object, java.lang.Object, java.lang.Object, java.lang.Object, java.lang.Object, java.lang.Object, java.lang.Object, java.lang.Object, java.lang.Object, java.lang.Object, java.lang.Object, java.lang.Object, java.lang.Object, java.lang.Object)'> (0x0000000703857368) 
thrown [src/hotspot/share/interpreter/linkResolver.cpp, line 773]
Event: 65.232 Thread 0x0000000b87f2ce00 Exception <a 'java/lang/NoSuchMethodError'{0x0000000703869590}: 'java.lang.Object java.lang.invoke.DirectMethodHandle$Holder.newInvokeSpecial(java.lang.Object, java.lang.Object, java.lang.Object, int, java.lang.Object, java.lang.Object, java.lang.Object, java.lang.Object)'> (0x0000000703869590) 
thrown [src/hotspot/share/interpreter/linkResolver.cpp, line 773]
Event: 65.232 Thread 0x0000000b87f2ce00 Exception <a 'java/lang/NoSuchMethodError'{0x0000000703871978}: 'java.lang.Object java.lang.invoke.Invokers$Holder.linkToTargetMethod(java.lang.Object, java.lang.Object, int, java.lang.Object, java.lang.Object, java.lang.Object, java.lang.Object, java.lang.Object)'> (0x0000000703871978) 
thrown [src/hotspot/share/interpreter/linkResolver.cpp, line 773]
Event: 69.204 Thread 0x0000000b87f2ce00 Exception <a 'java/lang/NoSuchMethodError'{0x0000000703024288}: 'java.lang.Object java.lang.invoke.DirectMethodHandle$Holder.newInvokeSpecial(java.lang.Object, java.lang.Object, java.lang.Object, java.lang.Object, java.lang.Object, java.lang.Object, java.lang.Object, java.lang.Object, java.lang.Object, java.lang.Object, int)'> (0x0000000703024288) 
thrown [src/hotspot/share/interpreter/linkResolver.cpp, line 773]
Event: 69.204 Thread 0x0000000b87f2ce00 Exception <a 'java/lang/NoSuchMethodError'{0x0000000703028f48}: 'java.lang.Object java.lang.invoke.DirectMethodHandle$Holder.invokeSpecial(java.lang.Object, java.lang.Object, java.lang.Object, java.lang.Object, java.lang.Object, java.lang.Object, java.lang.Object, java.lang.Object, java.lang.Object, java.lang.Object, java.lang.Object, int)'> (0x0000000703028f48) 
thrown [src/hotspot/share/interpreter/linkResolver.cpp, line 773]
Event: 69.222 Thread 0x0000000b89c34700 Exception <a 'java/net/ConnectException'{0x0000000703128660}> (0x0000000703128660) 
thrown [src/hotspot/share/prims/jni.cpp, line 520]
Event: 69.222 Thread 0x0000000b8a7d4000 Exception <a 'java/net/ConnectException'{0x0000000703141e78}> (0x0000000703141e78) 
thrown [src/hotspot/share/prims/jni.cpp, line 520]
Event: 79.361 Thread 0x0000000b87f2ce00 Exception <a 'java/lang/NoSuchMethodError'{0x0000000702647130}: 'void java.lang.invoke.DirectMethodHandle$Holder.invokeSpecial(java.lang.Object, java.lang.Object, java.lang.Object, java.lang.Object, java.lang.Object)'> (0x0000000702647130) 
thrown [src/hotspot/share/interpreter/linkResolver.cpp, line 773]
Event: 80.639 Thread 0x0000000b8993c000 Exception <a 'java/lang/NoSuchMethodError'{0x0000000702579b18}: 'void java.lang.invoke.DelegatingMethodHandle$Holder.reinvoke_L(java.lang.Object, java.lang.Object, int)'> (0x0000000702579b18) 
thrown [src/hotspot/share/interpreter/linkResolver.cpp, line 773]
Event: 80.639 Thread 0x0000000b8993c000 Exception <a 'java/lang/NoSuchMethodError'{0x0000000702580418}: 'int java.lang.invoke.Invokers$Holder.invokeExact_MT(java.lang.Object, java.lang.Object, java.lang.Object)'> (0x0000000702580418) 
thrown [src/hotspot/share/interpreter/linkResolver.cpp, line 773]
Event: 80.643 Thread 0x0000000b8993c000 Exception <a 'java/lang/NoSuchMethodError'{0x00000007025adb90}: 'void java.lang.invoke.Invokers$Holder.invokeExact_MT(java.lang.Object, java.lang.Object, int, java.lang.Object)'> (0x00000007025adb90) 
thrown [src/hotspot/share/interpreter/linkResolver.cpp, line 773]

ZGC Phase Switch (0 events):
No events

VM Operations (20 events):
Event: 70.071 Executing safepoint VM operation: Cleanup
Event: 70.072 Executing safepoint VM operation: Cleanup done
Event: 71.073 Executing safepoint VM operation: Cleanup
Event: 71.073 Executing safepoint VM operation: Cleanup done
Event: 72.078 Executing safepoint VM operation: Cleanup
Event: 72.078 Executing safepoint VM operation: Cleanup done
Event: 73.081 Executing safepoint VM operation: Cleanup
Event: 73.081 Executing safepoint VM operation: Cleanup done
Event: 74.086 Executing safepoint VM operation: Cleanup
Event: 74.086 Executing safepoint VM operation: Cleanup done
Event: 75.086 Executing safepoint VM operation: Cleanup
Event: 75.087 Executing safepoint VM operation: Cleanup done
Event: 76.092 Executing safepoint VM operation: Cleanup
Event: 76.092 Executing safepoint VM operation: Cleanup done
Event: 77.095 Executing safepoint VM operation: Cleanup
Event: 77.096 Executing safepoint VM operation: Cleanup done
Event: 79.103 Executing safepoint VM operation: Cleanup
Event: 79.103 Executing safepoint VM operation: Cleanup done
Event: 80.104 Executing safepoint VM operation: Cleanup
Event: 80.104 Executing safepoint VM operation: Cleanup done

Memory protections (20 events):
Event: 2.530 Protecting memory [0x0000000174dfc000,0x0000000174e08000] with protection modes 0
Event: 2.530 Protecting memory [0x0000000175008000,0x0000000175014000] with protection modes 0
Event: 2.531 Protecting memory [0x0000000175214000,0x0000000175220000] with protection modes 0
Event: 2.531 Protecting memory [0x0000000175420000,0x000000017542c000] with protection modes 0
Event: 2.539 Protecting memory [0x000000017562c000,0x0000000175638000] with protection modes 0
Event: 2.539 Protecting memory [0x0000000175838000,0x0000000175844000] with protection modes 0
Event: 2.549 Protecting memory [0x0000000175a44000,0x0000000175a50000] with protection modes 0
Event: 2.549 Protecting memory [0x0000000175c50000,0x0000000175c5c000] with protection modes 0
Event: 2.664 Protecting memory [0x0000000175e5c000,0x0000000175e68000] with protection modes 0
Event: 2.671 Protecting memory [0x0000000176068000,0x0000000176074000] with protection modes 0
Event: 2.906 Protecting memory [0x0000000176274000,0x0000000176280000] with protection modes 0
Event: 62.681 Protecting memory [0x000000017562c000,0x0000000175638000] with protection modes 3
Event: 62.923 Protecting memory [0x0000000175420000,0x000000017542c000] with protection modes 3
Event: 63.552 Protecting memory [0x0000000175a44000,0x0000000175a50000] with protection modes 3
Event: 63.553 Protecting memory [0x0000000174bf0000,0x0000000174bfc000] with protection modes 3
Event: 63.821 Protecting memory [0x0000000176068000,0x0000000176074000] with protection modes 3
Event: 63.822 Protecting memory [0x0000000175838000,0x0000000175844000] with protection modes 3
Event: 63.823 Protecting memory [0x0000000176274000,0x0000000176280000] with protection modes 3
Event: 69.220 Protecting memory [0x0000000174bf0000,0x0000000174bfc000] with protection modes 0
Event: 69.221 Protecting memory [0x0000000175420000,0x000000017542c000] with protection modes 0

Nmethod flushes (20 events):
Event: 63.200 Thread 0x0000000b87125c00 flushing  nmethod 0x000000010f9c5110
Event: 63.200 Thread 0x0000000b87125c00 flushing  nmethod 0x000000010f9c5790
Event: 63.200 Thread 0x0000000b87125c00 flushing  nmethod 0x000000010f9c6610
Event: 63.200 Thread 0x0000000b87125c00 flushing  nmethod 0x000000010f9cbd90
Event: 63.200 Thread 0x0000000b87125c00 flushing  nmethod 0x000000010f9ced10
Event: 63.200 Thread 0x0000000b87125c00 flushing  nmethod 0x000000010fa08610
Event: 63.200 Thread 0x0000000b87125c00 flushing  nmethod 0x000000010fa55910
Event: 63.200 Thread 0x0000000b87125c00 flushing  nmethod 0x000000010fa56f10
Event: 63.200 Thread 0x0000000b87125c00 flushing osr nmethod 0x000000010fa57990
Event: 63.200 Thread 0x0000000b87125c00 flushing  nmethod 0x0000000117264e10
Event: 63.200 Thread 0x0000000b87125c00 flushing  nmethod 0x0000000117265a10
Event: 63.200 Thread 0x0000000b87125c00 flushing  nmethod 0x0000000117289490
Event: 63.200 Thread 0x0000000b87125c00 flushing  nmethod 0x000000010f7c8990
Event: 63.200 Thread 0x0000000b87125c00 flushing  nmethod 0x000000010f7ce210
Event: 63.200 Thread 0x0000000b87125c00 flushing  nmethod 0x000000010f7cfe90
Event: 63.200 Thread 0x0000000b87125c00 flushing  nmethod 0x000000010f84ee90
Event: 63.200 Thread 0x0000000b87125c00 flushing  nmethod 0x000000010f84ff90
Event: 63.200 Thread 0x0000000b87125c00 flushing  nmethod 0x000000010f852410
Event: 63.200 Thread 0x0000000b87125c00 flushing  nmethod 0x000000010f8e2390
Event: 63.200 Thread 0x0000000b87125c00 flushing  nmethod 0x000000010fa8ae10

Events (20 events):
Event: 2.530 Thread 0x0000000b87f2ce00 Thread added: 0x0000000b8993c000
Event: 2.530 Thread 0x0000000b87f2ce00 Thread added: 0x0000000b8993c700
Event: 2.530 Thread 0x0000000b8993c000 Thread added: 0x0000000b8993ce00
Event: 2.531 Thread 0x0000000b8993c000 Thread added: 0x0000000b8993d500
Event: 2.539 Thread 0x0000000b89729500 Thread added: 0x0000000b8993dc00
Event: 2.539 Thread 0x0000000b8993dc00 Thread added: 0x0000000b8993e300
Event: 2.549 Thread 0x0000000b87abdc00 Thread added: 0x0000000b8993ea00
Event: 2.549 Thread 0x0000000b8993ea00 Thread added: 0x0000000b8993f100
Event: 2.664 Thread 0x0000000b8993d500 Thread added: 0x0000000b89c34700
Event: 2.671 Thread 0x0000000b8993ea00 Thread added: 0x0000000b89c35500
Event: 2.906 Thread 0x0000000b87abdc00 Thread added: 0x0000000b89e6b100
Event: 62.681 Thread 0x0000000b8993dc00 Thread exited: 0x0000000b8993dc00
Event: 62.923 Thread 0x0000000b8993d500 Thread exited: 0x0000000b8993d500
Event: 63.552 Thread 0x0000000b8993ea00 Thread exited: 0x0000000b8993ea00
Event: 63.553 Thread 0x0000000b89729500 Thread exited: 0x0000000b89729500
Event: 63.822 Thread 0x0000000b89c35500 Thread exited: 0x0000000b89c35500
Event: 63.822 Thread 0x0000000b8993e300 Thread exited: 0x0000000b8993e300
Event: 63.823 Thread 0x0000000b89e6b100 Thread exited: 0x0000000b89e6b100
Event: 69.220 Thread 0x0000000b8993c000 Thread added: 0x0000000b8a320e00
Event: 69.221 Thread 0x0000000b89c34700 Thread added: 0x0000000b8a7d4000


Dynamic libraries:
0x00000001002f8000 	/Library/Java/JavaVirtualMachines/zulu-21.jdk/Contents/Home/lib/libjli.dylib
0x00000001ac9c5000 	/System/Library/Frameworks/Cocoa.framework/Versions/A/Cocoa
0x00000001916ab000 	/System/Library/Frameworks/AppKit.framework/Versions/C/AppKit
0x0000000194cea000 	/System/Library/Frameworks/CoreData.framework/Versions/A/CoreData
0x000000018eaa6000 	/System/Library/Frameworks/Foundation.framework/Versions/C/Foundation
0x000000019d048000 	/usr/lib/libSystem.B.dylib
0x0000000192dce000 	/System/Library/PrivateFrameworks/UIFoundation.framework/Versions/A/UIFoundation
0x0000000245a5e000 	/System/Library/PrivateFrameworks/CollectionViewCore.framework/Versions/A/CollectionViewCore
0x000000019a2ef000 	/System/Library/PrivateFrameworks/XCTTargetBootstrap.framework/Versions/A/XCTTargetBootstrap
0x00000002582b6000 	/System/Library/PrivateFrameworks/GenerativeModels.framework/Versions/A/GenerativeModels
0x000000019f9dc000 	/System/Library/PrivateFrameworks/InternationalSupport.framework/Versions/A/InternationalSupport
0x000000019fd38000 	/System/Library/PrivateFrameworks/UserActivity.framework/Versions/A/UserActivity
0x000000019537f000 	/System/Library/PrivateFrameworks/BaseBoard.framework/Versions/A/BaseBoard
0x000000024f4cc000 	/System/Library/PrivateFrameworks/FrontBoard.framework/Versions/A/FrontBoard
0x00000001a7708000 	/System/Library/PrivateFrameworks/FrontBoardServices.framework/Versions/A/FrontBoardServices
0x000000029027f000 	/usr/lib/libRosetta.dylib
0x00000002835a2000 	/System/Library/PrivateFrameworks/UIIntelligenceSupport.framework/Versions/A/UIIntelligenceSupport
0x0000000239df3000 	/System/Library/Frameworks/SwiftUICore.framework/Versions/A/SwiftUICore
0x000000028a137000 	/System/Library/PrivateFrameworks/WritingTools.framework/Versions/A/WritingTools
0x0000000288f32000 	/System/Library/PrivateFrameworks/WindowManagement.framework/Versions/A/WindowManagement
0x000000018e715000 	/System/Library/Frameworks/SystemConfiguration.framework/Versions/A/SystemConfiguration
0x000000019ec47000 	/usr/lib/libspindump.dylib
0x0000000192f87000 	/System/Library/Frameworks/UniformTypeIdentifiers.framework/Versions/A/UniformTypeIdentifiers
0x000000019c29f000 	/usr/lib/libbsm.0.dylib
0x0000000197a81000 	/usr/lib/libapp_launch_measurement.dylib
0x0000000196d8a000 	/System/Library/PrivateFrameworks/CoreAnalytics.framework/Versions/A/CoreAnalytics
0x0000000197a85000 	/System/Library/PrivateFrameworks/CoreAutoLayout.framework/Versions/A/CoreAutoLayout
0x0000000199868000 	/System/Library/Frameworks/Metal.framework/Versions/A/Metal
0x000000019ac2b000 	/usr/lib/liblangid.dylib
0x000000019a2f5000 	/System/Library/PrivateFrameworks/CoreSVG.framework/Versions/A/CoreSVG
0x00000001939e1000 	/System/Library/PrivateFrameworks/SkyLight.framework/Versions/A/SkyLight
0x000000024f201000 	/System/Library/PrivateFrameworks/FocusEngine.framework/Versions/A/FocusEngine
0x0000000193f98000 	/System/Library/Frameworks/CoreGraphics.framework/Versions/A/CoreGraphics
0x000000024cc0d000 	/System/Library/PrivateFrameworks/DesignLibrary.framework/Versions/A/DesignLibrary
0x00000001a5994000 	/System/Library/Frameworks/Accelerate.framework/Versions/A/Accelerate
0x000000019ea3d000 	/System/Library/PrivateFrameworks/IconServices.framework/Versions/A/IconServices
0x0000000199840000 	/System/Library/Frameworks/IOSurface.framework/Versions/A/IOSurface
0x0000000196dba000 	/usr/lib/libDiagnosticMessagesClient.dylib
0x000000019cf92000 	/usr/lib/libz.1.dylib
0x00000001a9de2000 	/System/Library/Frameworks/ApplicationServices.framework/Versions/A/ApplicationServices
0x000000019a2da000 	/System/Library/PrivateFrameworks/DFRFoundation.framework/Versions/A/DFRFoundation
0x0000000190efa000 	/usr/lib/libicucore.A.dylib
0x00000001a0f63000 	/System/Library/Frameworks/AudioToolbox.framework/Versions/A/AudioToolbox
0x000000019fce6000 	/System/Library/PrivateFrameworks/DataDetectorsCore.framework/Versions/A/DataDetectorsCore
0x00000002844eb000 	/System/Library/PrivateFrameworks/UpdateCycle.framework/Versions/A/UpdateCycle
0x00000001be2e6000 	/System/Library/PrivateFrameworks/TextInput.framework/Versions/A/TextInput
0x0000000193925000 	/usr/lib/libMobileGestalt.dylib
0x0000000199fde000 	/System/Library/Frameworks/Carbon.framework/Versions/A/Frameworks/HIToolbox.framework/Versions/A/HIToolbox
0x00000001972e4000 	/System/Library/Frameworks/QuartzCore.framework/Versions/A/QuartzCore
0x0000000190adb000 	/System/Library/Frameworks/Security.framework/Versions/A/Security
0x00000001a5303000 	/System/Library/Frameworks/Carbon.framework/Versions/A/Frameworks/SpeechRecognition.framework/Versions/A/SpeechRecognition
0x000000019774c000 	/System/Library/PrivateFrameworks/CoreUI.framework/Versions/A/CoreUI
0x0000000190345000 	/System/Library/Frameworks/CoreAudio.framework/Versions/A/CoreAudio
0x0000000196eb5000 	/System/Library/Frameworks/DiskArbitration.framework/Versions/A/DiskArbitration
0x000000019f1e5000 	/System/Library/PrivateFrameworks/MultitouchSupport.framework/Versions/A/MultitouchSupport
0x0000000193923000 	/usr/lib/libenergytrace.dylib
0x00000001b1655000 	/System/Library/PrivateFrameworks/RenderBox.framework/Versions/A/RenderBox
0x0000000191552000 	/System/Library/Frameworks/IOKit.framework/Versions/A/IOKit
0x00000001a5715000 	/System/Library/Frameworks/CoreServices.framework/Versions/A/CoreServices
0x0000000197a08000 	/System/Library/PrivateFrameworks/PerformanceAnalysis.framework/Versions/A/PerformanceAnalysis
0x00000002326e0000 	/System/Library/Frameworks/OpenGL.framework/Versions/A/OpenGL
0x0000000197ace000 	/usr/lib/libxml2.2.dylib
0x000000019c180000 	/System/Library/PrivateFrameworks/MobileKeyBag.framework/Versions/A/MobileKeyBag
0x000000018cd94000 	/usr/lib/libobjc.A.dylib
0x000000018d109000 	/usr/lib/libc++.1.dylib
0x00000001a5693000 	/System/Library/Frameworks/Accessibility.framework/Versions/A/Accessibility
0x00000001946ee000 	/System/Library/Frameworks/ColorSync.framework/Versions/A/ColorSync
0x000000018d239000 	/System/Library/Frameworks/CoreFoundation.framework/Versions/A/CoreFoundation
0x000000019a673000 	/System/Library/Frameworks/CoreImage.framework/Versions/A/CoreImage
0x000000019011c000 	/System/Library/Frameworks/CoreText.framework/Versions/A/CoreText
0x00000002340e0000 	/System/Library/Frameworks/CoreTransferable.framework/Versions/A/CoreTransferable
0x00000002345fb000 	/System/Library/Frameworks/DataDetection.framework/Versions/A/DataDetection
0x0000000234612000 	/System/Library/Frameworks/DeveloperToolsSupport.framework/Versions/A/DeveloperToolsSupport
0x000000019a333000 	/System/Library/Frameworks/ImageIO.framework/Versions/A/ImageIO
0x000000023ad50000 	/System/Library/Frameworks/Symbols.framework/Versions/A/Symbols
0x00000001c3661000 	/System/Library/PrivateFrameworks/AttributeGraph.framework/Versions/A/AttributeGraph
0x00000001a77e2000 	/System/Library/PrivateFrameworks/BoardServices.framework/Versions/A/BoardServices
0x00000001e8858000 	/System/Library/PrivateFrameworks/FeatureFlags.framework/Versions/A/FeatureFlags
0x0000000258761000 	/System/Library/PrivateFrameworks/Gestures.framework/Versions/A/Gestures
0x000000019d04c000 	/System/Library/PrivateFrameworks/SoftLinking.framework/Versions/A/SoftLinking
0x00000001d233e000 	/usr/lib/swift/libswiftAccelerate.dylib
0x00000001c84b5000 	/usr/lib/swift/libswiftCompression.dylib
0x00000001a08b8000 	/usr/lib/swift/libswiftCore.dylib
0x00000001ba506000 	/usr/lib/swift/libswiftCoreFoundation.dylib
0x00000001ba566000 	/usr/lib/swift/libswiftCoreImage.dylib
0x00000001a7481000 	/usr/lib/swift/libswiftDispatch.dylib
0x00000001ba567000 	/usr/lib/swift/libswiftIOKit.dylib
0x00000001c84a7000 	/usr/lib/swift/libswiftMetal.dylib
0x00000001d7c6c000 	/usr/lib/swift/libswiftOSLog.dylib
0x00000001aa459000 	/usr/lib/swift/libswiftObjectiveC.dylib
0x00000002919f8000 	/usr/lib/swift/libswiftObservation.dylib
0x00000001cd89b000 	/usr/lib/swift/libswiftQuartzCore.dylib
0x0000000291aba000 	/usr/lib/swift/libswiftSpatial.dylib
0x0000000291b34000 	/usr/lib/swift/libswiftSynchronization.dylib
0x00000001d232e000 	/usr/lib/swift/libswiftUniformTypeIdentifiers.dylib
0x00000001ba519000 	/usr/lib/swift/libswiftXPC.dylib
0x0000000291b7a000 	/usr/lib/swift/libswift_Builtin_float.dylib
0x0000000291b7b000 	/usr/lib/swift/libswift_Concurrency.dylib
0x00000001aa45d000 	/usr/lib/swift/libswiftos.dylib
0x00000001be058000 	/usr/lib/swift/libswiftsimd.dylib
0x000000019d270000 	/usr/lib/libcompression.dylib
0x000000019f945000 	/System/Library/PrivateFrameworks/TextureIO.framework/Versions/A/TextureIO
0x0000000194896000 	/System/Library/Frameworks/ApplicationServices.framework/Versions/A/Frameworks/HIServices.framework/Versions/A/HIServices
0x000000019e6c7000 	/usr/lib/libate.dylib
0x000000019d042000 	/usr/lib/system/libcache.dylib
0x000000019cffd000 	/usr/lib/system/libcommonCrypto.dylib
0x000000019d028000 	/usr/lib/system/libcompiler_rt.dylib
0x000000019d01d000 	/usr/lib/system/libcopyfile.dylib
0x000000018cf3d000 	/usr/lib/system/libcorecrypto.dylib
0x000000018d03d000 	/usr/lib/system/libdispatch.dylib
0x000000018cde7000 	/usr/lib/system/libdyld.dylib
0x000000019d038000 	/usr/lib/system/libkeymgr.dylib
0x000000019cfe0000 	/usr/lib/system/libmacho.dylib
0x000000019c277000 	/usr/lib/system/libquarantine.dylib
0x000000019d035000 	/usr/lib/system/libremovefile.dylib
0x00000001939a5000 	/usr/lib/system/libsystem_asl.dylib
0x000000018cec3000 	/usr/lib/system/libsystem_blocks.dylib
0x000000018d088000 	/usr/lib/system/libsystem_c.dylib
0x000000019d02c000 	/usr/lib/system/libsystem_collections.dylib
0x000000019ac18000 	/usr/lib/system/libsystem_configuration.dylib
0x0000000199807000 	/usr/lib/system/libsystem_containermanager.dylib
0x000000019ca16000 	/usr/lib/system/libsystem_coreservices.dylib
0x00000001911d0000 	/usr/lib/system/libsystem_darwin.dylib
0x0000000291e9c000 	/usr/lib/system/libsystem_darwindirectory.dylib
0x000000019d039000 	/usr/lib/system/libsystem_dnssd.dylib
0x0000000291ea0000 	/usr/lib/system/libsystem_eligibility.dylib
0x000000018d085000 	/usr/lib/system/libsystem_featureflags.dylib
0x000000018d209000 	/usr/lib/system/libsystem_info.dylib
0x000000019cfa1000 	/usr/lib/system/libsystem_m.dylib
0x000000018cfec000 	/usr/lib/system/libsystem_malloc.dylib
0x0000000193908000 	/usr/lib/system/libsystem_networkextension.dylib
0x000000019163b000 	/usr/lib/system/libsystem_notify.dylib
0x000000019ac1d000 	/usr/lib/system/libsystem_sandbox.dylib
0x0000000291eaa000 	/usr/lib/system/libsystem_sanitizers.dylib
0x000000019d031000 	/usr/lib/system/libsystem_secinit.dylib
0x000000018d1b5000 	/usr/lib/system/libsystem_kernel.dylib
0x000000018d200000 	/usr/lib/system/libsystem_platform.dylib
0x000000018d1f3000 	/usr/lib/system/libsystem_pthread.dylib
0x0000000195563000 	/usr/lib/system/libsystem_symptoms.dylib
0x000000018cf1c000 	/usr/lib/system/libsystem_trace.dylib
0x0000000291eb2000 	/usr/lib/system/libsystem_trial.dylib
0x000000019d00b000 	/usr/lib/system/libunwind.dylib
0x000000018cec7000 	/usr/lib/system/libxpc.dylib
0x000000018d19a000 	/usr/lib/libc++abi.dylib
0x0000000291705000 	/usr/lib/libswiftPrespecialized.dylib
0x000000019d04a000 	/usr/lib/libfakelink.dylib
0x0000000193552000 	/System/Library/Frameworks/CFNetwork.framework/Versions/A/CFNetwork
0x000000019d09d000 	/usr/lib/libarchive.2.dylib
0x00000001a33af000 	/System/Library/Frameworks/Combine.framework/Versions/A/Combine
0x0000000245a83000 	/System/Library/PrivateFrameworks/CollectionsInternal.framework/Versions/A/CollectionsInternal
0x0000000271982000 	/System/Library/PrivateFrameworks/ReflectionInternal.framework/Versions/A/ReflectionInternal
0x00000002728d5000 	/System/Library/PrivateFrameworks/RuntimeInternal.framework/Versions/A/RuntimeInternal
0x00000001b739e000 	/usr/lib/swift/libswiftDarwin.dylib
0x0000000291b48000 	/usr/lib/swift/libswiftSystem.dylib
0x0000000291c07000 	/usr/lib/swift/libswift_DarwinFoundation1.dylib
0x0000000291cab000 	/usr/lib/swift/libswift_StringProcessing.dylib
0x00000001914d2000 	/System/Library/PrivateFrameworks/CoreServicesInternal.framework/Versions/A/CoreServicesInternal
0x000000019d015000 	/usr/lib/liboah.dylib
0x00000001a988d000 	/System/Library/PrivateFrameworks/DiskImages.framework/Versions/A/DiskImages
0x00000001b6e43000 	/System/Library/Frameworks/NetFS.framework/Versions/A/NetFS
0x0000000197a4a000 	/System/Library/Frameworks/CoreServices.framework/Versions/A/Frameworks/FSEvents.framework/Versions/A/FSEvents
0x00000001911da000 	/System/Library/Frameworks/CoreServices.framework/Versions/A/Frameworks/CarbonCore.framework/Versions/A/CarbonCore
0x0000000196e29000 	/System/Library/Frameworks/CoreServices.framework/Versions/A/Frameworks/Metadata.framework/Versions/A/Metadata
0x000000019ca1d000 	/System/Library/Frameworks/CoreServices.framework/Versions/A/Frameworks/OSServices.framework/Versions/A/OSServices
0x000000019d195000 	/System/Library/Frameworks/CoreServices.framework/Versions/A/Frameworks/SearchKit.framework/Versions/A/SearchKit
0x00000001954dd000 	/System/Library/Frameworks/CoreServices.framework/Versions/A/Frameworks/AE.framework/Versions/A/AE
0x000000018d798000 	/System/Library/Frameworks/CoreServices.framework/Versions/A/Frameworks/LaunchServices.framework/Versions/A/LaunchServices
0x000000019e51b000 	/System/Library/Frameworks/CoreServices.framework/Versions/A/Frameworks/DictionaryServices.framework/Versions/A/DictionaryServices
0x0000000197a57000 	/System/Library/Frameworks/CoreServices.framework/Versions/A/Frameworks/SharedFileList.framework/Versions/A/SharedFileList
0x000000019d228000 	/usr/lib/libapple_nghttp2.dylib
0x00000001950f4000 	/usr/lib/libsqlite3.dylib
0x00000001952dd000 	/System/Library/Frameworks/Accounts.framework/Versions/A/Accounts
0x00000001a9acf000 	/System/Library/PrivateFrameworks/AppSupport.framework/Versions/A/AppSupport
0x00000001b92ca000 	/System/Library/Frameworks/AVFoundation.framework/Versions/A/AVFoundation
0x00000001a15ea000 	/System/Library/Frameworks/GSS.framework/Versions/A/GSS
0x0000000195471000 	/System/Library/PrivateFrameworks/RunningBoardServices.framework/Versions/A/RunningBoardServices
0x00000001aa3e1000 	/System/Library/PrivateFrameworks/StreamingZip.framework/Versions/A/StreamingZip
0x000000019556c000 	/System/Library/Frameworks/Network.framework/Versions/A/Network
0x000000019cfe4000 	/usr/lib/system/libkxld.dylib
0x0000000241063000 	/System/Library/PrivateFrameworks/AppleKeyStore.framework/Versions/A/AppleKeyStore
0x000000028ff81000 	/usr/lib/libCoreEntitlements.dylib
0x0000000266065000 	/System/Library/PrivateFrameworks/MessageSecurity.framework/Versions/A/MessageSecurity
0x00000001950d8000 	/System/Library/PrivateFrameworks/ProtocolBuffer.framework/Versions/A/ProtocolBuffer
0x00000001a6890000 	/System/Library/PrivateFrameworks/SymptomDiagnosticReporter.framework/Versions/A/SymptomDiagnosticReporter
0x000000019e760000 	/System/Library/PrivateFrameworks/CrashReporterSupport.framework/Versions/A/CrashReporterSupport
0x000000019c9fd000 	/System/Library/PrivateFrameworks/AppleFSCompression.framework/Versions/A/AppleFSCompression
0x000000019c287000 	/usr/lib/libcoretls.dylib
0x000000019e591000 	/usr/lib/libcoretls_cfhelpers.dylib
0x000000019d26a000 	/usr/lib/libpam.2.dylib
0x000000019e607000 	/usr/lib/libxar.1.dylib
0x000000019e593000 	/System/Library/PrivateFrameworks/APFS.framework/Versions/A/APFS
0x000000027e002000 	/System/Library/PrivateFrameworks/SwiftASN1Internal.framework/Versions/A/SwiftASN1Internal
0x000000019e616000 	/usr/lib/libutil.dylib
0x000000019ac26000 	/System/Library/PrivateFrameworks/AppleSystemInfo.framework/Versions/A/AppleSystemInfo
0x000000019bf4e000 	/System/Library/PrivateFrameworks/IOMobileFramebuffer.framework/Versions/A/IOMobileFramebuffer
0x00000001a91ed000 	/System/Library/PrivateFrameworks/CoreWiFi.framework/Versions/A/CoreWiFi
0x00000001ba3c8000 	/System/Library/PrivateFrameworks/LoggingSupport.framework/Versions/A/LoggingSupport
0x00000001a164d000 	/System/Library/PrivateFrameworks/MobileAsset.framework/Versions/A/MobileAsset
0x00000001a68a0000 	/System/Library/PrivateFrameworks/PowerLog.framework/Versions/A/PowerLog
0x00000001a7d62000 	/System/Library/PrivateFrameworks/Rapport.framework/Versions/A/Rapport
0x0000000239c86000 	/System/Library/Frameworks/SwiftData.framework/Versions/A/SwiftData
0x0000000197c77000 	/System/Library/PrivateFrameworks/UserManagement.framework/Versions/A/UserManagement
0x0000000193479000 	/usr/lib/libboringssl.dylib
0x0000000195551000 	/usr/lib/libdns_services.dylib
0x00000001b93fe000 	/usr/lib/libquic.dylib
0x00000001a0849000 	/usr/lib/libusrtcp.dylib
0x0000000241f1c000 	/System/Library/PrivateFrameworks/AtomicsInternal.framework/Versions/A/AtomicsInternal
0x00000001e068f000 	/System/Library/PrivateFrameworks/InternalSwiftProtobuf.framework/Versions/A/InternalSwiftProtobuf
0x00000002919cf000 	/usr/lib/swift/libswiftDistributed.dylib
0x000000019ac24000 	/System/Library/PrivateFrameworks/AggregateDictionary.framework/Versions/A/AggregateDictionary
0x000000024274a000 	/System/Library/PrivateFrameworks/BiomeLibrary.framework/Versions/A/BiomeLibrary
0x00000001c9512000 	/System/Library/PrivateFrameworks/BiomeStreams.framework/Versions/A/BiomeStreams
0x00000001c5578000 	/System/Library/PrivateFrameworks/BiomeFoundation.framework/Versions/A/BiomeFoundation
0x00000001cf794000 	/System/Library/PrivateFrameworks/BiomePubSub.framework/Versions/A/BiomePubSub
0x00000001ab3c4000 	/System/Library/PrivateFrameworks/ProactiveSupport.framework/Versions/A/ProactiveSupport
0x000000023bce1000 	/System/Library/Frameworks/_LocationEssentials.framework/Versions/A/_LocationEssentials
0x000000019e572000 	/usr/lib/liblzma.5.dylib
0x00000001a9de3000 	/System/Library/PrivateFrameworks/InternationalTextSearch.framework/Versions/A/InternationalTextSearch
0x00000001c1a54000 	/System/Library/PrivateFrameworks/SoftwareUpdateCoreSupport.framework/Versions/A/SoftwareUpdateCoreSupport
0x00000001c9fb0000 	/System/Library/PrivateFrameworks/SoftwareUpdateCoreConnect.framework/Versions/A/SoftwareUpdateCoreConnect
0x00000001a9987000 	/System/Library/PrivateFrameworks/RemoteServiceDiscovery.framework/Versions/A/RemoteServiceDiscovery
0x00000001c162c000 	/System/Library/PrivateFrameworks/MSUDataAccessor.framework/Versions/A/MSUDataAccessor
0x00000001bc594000 	/usr/lib/libbootpolicy.dylib
0x00000001a999e000 	/System/Library/PrivateFrameworks/RemoteXPC.framework/Versions/A/RemoteXPC
0x00000001c93e6000 	/usr/lib/libFDR.dylib
0x00000001cf396000 	/usr/lib/libamsupport.dylib
0x0000000290277000 	/usr/lib/libReverseProxyDevice.dylib
0x00000002408d3000 	/System/Library/PrivateFrameworks/AppleDeviceQuerySupport.framework/Versions/A/AppleDeviceQuerySupport
0x00000001d2558000 	/usr/lib/libpartition2_dynamic.dylib
0x000000019d204000 	/System/Library/PrivateFrameworks/AppleSauce.framework/Versions/A/AppleSauce
0x000000028fe2c000 	/usr/lib/libAppleArchive.dylib
0x000000019ca09000 	/usr/lib/libbz2.1.0.dylib
0x0000000196ebf000 	/System/Library/Frameworks/Accelerate.framework/Versions/A/Frameworks/vImage.framework/Versions/A/vImage
0x00000001a56f0000 	/System/Library/Frameworks/Accelerate.framework/Versions/A/Frameworks/vecLib.framework/Versions/A/vecLib
0x000000019e64d000 	/System/Library/Frameworks/Accelerate.framework/Versions/A/Frameworks/vecLib.framework/Versions/A/libvMisc.dylib
0x000000018dc9c000 	/System/Library/Frameworks/Accelerate.framework/Versions/A/Frameworks/vecLib.framework/Versions/A/libBLAS.dylib
0x0000000197bb5000 	/System/Library/Frameworks/CoreVideo.framework/Versions/A/CoreVideo
0x00000001a1201000 	/System/Library/Frameworks/ApplicationServices.framework/Versions/A/Frameworks/ATS.framework/Versions/A/ATS
0x000000019f8d2000 	/System/Library/Frameworks/ApplicationServices.framework/Versions/A/Frameworks/PrintCore.framework/Versions/A/PrintCore
0x00000001a15b3000 	/System/Library/Frameworks/ApplicationServices.framework/Versions/A/Frameworks/QD.framework/Versions/A/QD
0x00000001a15ae000 	/System/Library/Frameworks/ApplicationServices.framework/Versions/A/Frameworks/ColorSyncLegacy.framework/Versions/A/ColorSyncLegacy
0x00000001a11d3000 	/System/Library/Frameworks/ApplicationServices.framework/Versions/A/Frameworks/SpeechSynthesis.framework/Versions/A/SpeechSynthesis
0x0000000199d0e000 	/System/Library/PrivateFrameworks/FontServices.framework/libFontParser.dylib
0x00000001a96af000 	/System/Library/PrivateFrameworks/BackBoardServices.framework/Versions/A/BackBoardServices
0x000000024264f000 	/System/Library/PrivateFrameworks/BackBoardHIDEventFoundation.framework/Versions/A/BackBoardHIDEventFoundation
0x000000018fc38000 	/System/Library/Frameworks/CoreDisplay.framework/Versions/A/CoreDisplay
0x000000019f22b000 	/System/Library/Frameworks/VideoToolbox.framework/Versions/A/VideoToolbox
0x000000019d268000 	/System/Library/Frameworks/MetalPerformanceShaders.framework/Versions/A/MetalPerformanceShaders
0x000000027088c000 	/System/Library/PrivateFrameworks/ProDisplayLibrary.framework/Versions/A/ProDisplayLibrary
0x00000001ad4e0000 	/System/Library/PrivateFrameworks/IOSurfaceAccelerator.framework/Versions/A/IOSurfaceAccelerator
0x000000019985d000 	/System/Library/PrivateFrameworks/IOAccelerator.framework/Versions/A/IOAccelerator
0x0000000199b6c000 	/System/Library/Frameworks/CoreMedia.framework/Versions/A/CoreMedia
0x00000001939bd000 	/System/Library/PrivateFrameworks/TCC.framework/Versions/A/TCC
0x000000019f1e3000 	/System/Library/PrivateFrameworks/WatchdogClient.framework/Versions/A/WatchdogClient
0x00000001ba4e6000 	/usr/lib/swift/libswiftCoreAudio.dylib
0x00000001d64b9000 	/usr/lib/swift/libswiftCoreMedia.dylib
0x0000000291b62000 	/usr/lib/swift/libswiftVideoToolbox.dylib
0x00000001cf7f5000 	/System/Library/PrivateFrameworks/BiomeStorage.framework/Versions/A/BiomeStorage
0x000000025eda9000 	/System/Library/PrivateFrameworks/IntelligencePlatformLibrary.framework/Versions/A/IntelligencePlatformLibrary
0x000000026f650000 	/System/Library/PrivateFrameworks/PoirotSchematizer.framework/Versions/A/PoirotSchematizer
0x0000000242ffd000 	/System/Library/PrivateFrameworks/BiomeSync.framework/Versions/A/BiomeSync
0x0000000242730000 	/System/Library/PrivateFrameworks/BiomeDSL.framework/Versions/A/BiomeDSL
0x000000026f6be000 	/System/Library/PrivateFrameworks/PoirotUDFs.framework/Versions/A/PoirotUDFs
0x0000000291c0a000 	/usr/lib/swift/libswift_DarwinFoundation2.dylib
0x0000000291c0b000 	/usr/lib/swift/libswift_DarwinFoundation3.dylib
0x00000001a7d57000 	/System/Library/PrivateFrameworks/CoreTime.framework/Versions/A/CoreTime
0x000000019d082000 	/usr/lib/libiconv.2.dylib
0x000000019cfdf000 	/usr/lib/libcharset.1.dylib
0x000000026f613000 	/System/Library/PrivateFrameworks/PoirotSQLite.framework/Versions/A/PoirotSQLite
0x0000000291c0c000 	/usr/lib/swift/libswift_RegexParser.dylib
0x0000000244633000 	/System/Library/PrivateFrameworks/CascadeSets.framework/Versions/A/CascadeSets
0x00000001a17c4000 	/System/Library/PrivateFrameworks/CorePhoneNumbers.framework/Versions/A/CorePhoneNumbers
0x000000019efdd000 	/System/Library/PrivateFrameworks/AppleJPEG.framework/Versions/A/AppleJPEG
0x000000019e9b7000 	/usr/lib/libexpat.1.dylib
0x000000019f7a8000 	/System/Library/Frameworks/ImageIO.framework/Versions/A/Resources/libPng.dylib
0x000000019f7d3000 	/System/Library/Frameworks/ImageIO.framework/Versions/A/Resources/libTIFF.dylib
0x000000019f8bb000 	/System/Library/Frameworks/ImageIO.framework/Versions/A/Resources/libGIF.dylib
0x000000019f022000 	/System/Library/Frameworks/ImageIO.framework/Versions/A/Resources/libJP2.dylib
0x000000019f862000 	/System/Library/Frameworks/ImageIO.framework/Versions/A/Resources/libJPEG.dylib
0x000000019f859000 	/System/Library/Frameworks/ImageIO.framework/Versions/A/Resources/libRadiance.dylib
0x0000000254a60000 	/System/Library/PrivateFrameworks/GPUCompiler.framework/Versions/32023/Libraries/libllvm-flatbuffers.dylib
0x000000024f4bf000 	/System/Library/PrivateFrameworks/FramePacing.framework/Versions/A/FramePacing
0x00000002326d2000 	/System/Library/Frameworks/OpenGL.framework/Versions/A/Libraries/libCoreFSCache.dylib
0x00000002505ed000 	/System/Library/PrivateFrameworks/GPUCompiler.framework/Versions/32023/Libraries/libGPUCompilerUtils.dylib
0x00000001a78af000 	/System/Library/PrivateFrameworks/GraphicsServices.framework/Versions/A/GraphicsServices
0x0000000232731000 	/System/Library/Frameworks/OpenGL.framework/Versions/A/Libraries/libGLU.dylib
0x00000002326f4000 	/System/Library/Frameworks/OpenGL.framework/Versions/A/Libraries/libGFXShared.dylib
0x00000002328c1000 	/System/Library/Frameworks/OpenGL.framework/Versions/A/Libraries/libGL.dylib
0x00000002326fd000 	/System/Library/Frameworks/OpenGL.framework/Versions/A/Libraries/libGLImage.dylib
0x00000002326f1000 	/System/Library/Frameworks/OpenGL.framework/Versions/A/Libraries/libCVMSPluginSupport.dylib
0x00000002326da000 	/System/Library/Frameworks/OpenGL.framework/Versions/A/Libraries/libCoreVMClient.dylib
0x000000019f854000 	/System/Library/PrivateFrameworks/GPUWrangler.framework/Versions/A/GPUWrangler
0x000000019f834000 	/System/Library/PrivateFrameworks/IOPresentment.framework/Versions/A/IOPresentment
0x000000019f85c000 	/System/Library/PrivateFrameworks/DSExternalDisplay.framework/Versions/A/DSExternalDisplay
0x0000000285bc5000 	/System/Library/PrivateFrameworks/VideoToolboxParavirtualizationSupport.framework/Versions/A/VideoToolboxParavirtualizationSupport
0x000000019e96e000 	/System/Library/PrivateFrameworks/AppleVA.framework/Versions/A/AppleVA
0x000000023475c000 	/System/Library/Frameworks/ExtensionFoundation.framework/Versions/A/ExtensionFoundation
0x000000019f8c1000 	/System/Library/PrivateFrameworks/CMCaptureCore.framework/Versions/A/CMCaptureCore
0x000000019ec3a000 	/System/Library/PrivateFrameworks/AppServerSupport.framework/Versions/A/AppServerSupport
0x00000001a15bc000 	/System/Library/PrivateFrameworks/perfdata.framework/Versions/A/perfdata
0x000000018fd59000 	/System/Library/PrivateFrameworks/AudioToolboxCore.framework/Versions/A/AudioToolboxCore
0x0000000199b42000 	/System/Library/PrivateFrameworks/caulk.framework/Versions/A/caulk
0x00000001a11b9000 	/usr/lib/libAudioStatistics.dylib
0x00000001b94f3000 	/System/Library/PrivateFrameworks/SystemPolicy.framework/Versions/A/SystemPolicy
0x00000001a1461000 	/usr/lib/libSMC.dylib
0x00000001c0e40000 	/usr/lib/swift/libswiftCoreMIDI.dylib
0x00000001ac7d2000 	/System/Library/Frameworks/CoreMIDI.framework/Versions/A/CoreMIDI
0x000000019f782000 	/usr/lib/libAudioToolboxUtility.dylib
0x00000001a15ca000 	/usr/lib/libperfcheck.dylib
0x0000000241feb000 	/System/Library/PrivateFrameworks/AudioAnalytics.framework/Versions/A/AudioAnalytics
0x00000001e037d000 	/System/Library/Frameworks/OSLog.framework/Versions/A/OSLog
0x000000026b0c6000 	/System/Library/PrivateFrameworks/OSEligibility.framework/Versions/A/OSEligibility
0x0000000235b40000 	/System/Library/Frameworks/LightweightCodeRequirements.framework/Versions/A/LightweightCodeRequirements
0x000000019e8b7000 	/System/Library/PrivateFrameworks/PlugInKit.framework/Versions/A/PlugInKit
0x000000019c198000 	/System/Library/PrivateFrameworks/AssertionServices.framework/Versions/A/AssertionServices
0x000000019e9dc000 	/System/Library/PrivateFrameworks/IconFoundation.framework/Versions/A/IconFoundation
0x000000025b937000 	/System/Library/PrivateFrameworks/IconRendering.framework/Versions/A/IconRendering
0x0000000272aa1000 	/System/Library/PrivateFrameworks/SFSymbols.framework/Versions/A/SFSymbols
0x000000019ebea000 	/System/Library/PrivateFrameworks/GraphVisualizer.framework/Versions/A/GraphVisualizer
0x000000024f3ca000 	/System/Library/PrivateFrameworks/FontServices.framework/Versions/A/FontServices
0x000000019ebfa000 	/System/Library/PrivateFrameworks/OTSVG.framework/Versions/A/OTSVG
0x00000001976fa000 	/System/Library/Frameworks/ApplicationServices.framework/Versions/A/Frameworks/ATS.framework/Versions/A/Resources/libFontRegistry.dylib
0x0000000290d3f000 	/usr/lib/libhvf.dylib
0x000000026bd52000 	/System/Library/PrivateFrameworks/ParsingInternal.framework/Versions/A/ParsingInternal
0x000000024f3ce000 	/System/Library/PrivateFrameworks/FontServices.framework/libXTFontStaticRegistryData.dylib
0x000000019ab5e000 	/System/Library/Frameworks/MetalPerformanceShaders.framework/Versions/A/Frameworks/MPSCore.framework/Versions/A/MPSCore
0x000000019c968000 	/System/Library/Frameworks/MetalPerformanceShaders.framework/Versions/A/Frameworks/MPSImage.framework/Versions/A/MPSImage
0x000000019c327000 	/System/Library/Frameworks/MetalPerformanceShaders.framework/Versions/A/Frameworks/MPSNeuralNetwork.framework/Versions/A/MPSNeuralNetwork
0x000000019c766000 	/System/Library/Frameworks/MetalPerformanceShaders.framework/Versions/A/Frameworks/MPSMatrix.framework/Versions/A/MPSMatrix
0x000000019c57e000 	/System/Library/Frameworks/MetalPerformanceShaders.framework/Versions/A/Frameworks/MPSRayIntersector.framework/Versions/A/MPSRayIntersector
0x000000019c798000 	/System/Library/Frameworks/MetalPerformanceShaders.framework/Versions/A/Frameworks/MPSNDArray.framework/Versions/A/MPSNDArray
0x00000002369c5000 	/System/Library/Frameworks/MetalPerformanceShaders.framework/Versions/A/Frameworks/MPSFunctions.framework/Versions/A/MPSFunctions
0x00000002369a6000 	/System/Library/Frameworks/MetalPerformanceShaders.framework/Versions/A/Frameworks/MPSBenchmarkLoop.framework/Versions/A/MPSBenchmarkLoop
0x00000002369d9000 	/System/Library/Frameworks/MetalPerformanceShaders.framework/Versions/A/Frameworks/MPSHost.framework/Versions/A/MPSHost
0x000000018dab3000 	/System/Library/PrivateFrameworks/MetalTools.framework/Versions/A/MetalTools
0x00000001bf77d000 	/System/Library/PrivateFrameworks/IOAccelMemoryInfo.framework/Versions/A/IOAccelMemoryInfo
0x00000001cdc8e000 	/System/Library/PrivateFrameworks/kperf.framework/Versions/A/kperf
0x00000001ba4e2000 	/System/Library/PrivateFrameworks/GPURawCounter.framework/Versions/A/GPURawCounter
0x00000001ab54f000 	/System/Library/PrivateFrameworks/ASEProcessing.framework/Versions/A/ASEProcessing
0x00000001dbd3b000 	/System/Library/PrivateFrameworks/Symbolication.framework/Versions/A/Symbolication
0x000000026f1ff000 	/System/Library/PrivateFrameworks/PhotosensitivityProcessing.framework/Versions/A/PhotosensitivityProcessing
0x0000000272b27000 	/System/Library/PrivateFrameworks/SILManager.framework/Versions/A/SILManager
0x00000001a7bfa000 	/System/Library/PrivateFrameworks/CoreSymbolication.framework/Versions/A/CoreSymbolication
0x00000001ba457000 	/System/Library/PrivateFrameworks/MallocStackLogging.framework/Versions/A/MallocStackLogging
0x00000001a7bd8000 	/System/Library/PrivateFrameworks/DebugSymbols.framework/Versions/A/DebugSymbols
0x00000001cc401000 	/System/Library/PrivateFrameworks/OSAnalytics.framework/Versions/A/OSAnalytics
0x000000024d12c000 	/System/Library/PrivateFrameworks/DeviceRecovery.framework/Versions/A/DeviceRecovery
0x0000000281455000 	/System/Library/PrivateFrameworks/Tightbeam.framework/Versions/A/Tightbeam
0x00000001d2ac5000 	/System/Library/PrivateFrameworks/AFKUser.framework/Versions/A/AFKUser
0x000000019cdd6000 	/System/Library/Frameworks/UserNotifications.framework/Versions/A/UserNotifications
0x00000001bff12000 	/System/Library/PrivateFrameworks/SiriInstrumentation.framework/Versions/A/SiriInstrumentation
0x0000000274f82000 	/System/Library/PrivateFrameworks/SiriAnalytics.framework/Versions/A/SiriAnalytics
0x00000001bd67a000 	/System/Library/PrivateFrameworks/FeedbackLogger.framework/Versions/A/FeedbackLogger
0x00000001d7f05000 	/usr/lib/swift/libswiftAVFoundation.dylib
0x0000000283c7d000 	/System/Library/PrivateFrameworks/UnifiedAssetFramework.framework/Versions/A/UnifiedAssetFramework
0x00000001a1138000 	/System/Library/PrivateFrameworks/AudioSession.framework/Versions/A/AudioSession
0x000000019eafb000 	/System/Library/PrivateFrameworks/MediaExperience.framework/Versions/A/MediaExperience
0x00000001a0f0d000 	/System/Library/PrivateFrameworks/AudioSession.framework/libSessionUtility.dylib
0x00000001a6785000 	/System/Library/Frameworks/CoreBluetooth.framework/Versions/A/CoreBluetooth
0x000000019c00b000 	/System/Library/PrivateFrameworks/CoreUtils.framework/Versions/A/CoreUtils
0x00000001b2388000 	/System/Library/PrivateFrameworks/HID.framework/Versions/A/HID
0x000000024c045000 	/System/Library/PrivateFrameworks/CoreUtilsExtras.framework/Versions/A/CoreUtilsExtras
0x000000025b88c000 	/System/Library/PrivateFrameworks/IO80211.framework/Versions/A/IO80211
0x00000001a30fb000 	/System/Library/Frameworks/IOBluetooth.framework/Versions/A/IOBluetooth
0x0000000291a17000 	/usr/lib/swift/libswiftRegexBuilder.dylib
0x000000019e757000 	/usr/lib/libIOReport.dylib
0x00000001e88dc000 	/System/Library/PrivateFrameworks/WiFiPeerToPeer.framework/Versions/A/WiFiPeerToPeer
0x000000019c1a7000 	/System/Library/Frameworks/SecurityFoundation.framework/Versions/A/SecurityFoundation
0x00000002446e7000 	/System/Library/PrivateFrameworks/Centauri.framework/Versions/A/Centauri
0x000000018e497000 	/System/Library/PrivateFrameworks/Lexicon.framework/Versions/A/Lexicon
0x000000029118f000 	/usr/lib/libmrc.dylib
0x000000025b8f7000 	/System/Library/PrivateFrameworks/IPConfiguration.framework/Versions/A/IPConfiguration
0x00000001dc512000 	/System/Library/PrivateFrameworks/Netrb.framework/Versions/A/Netrb
0x000000019c310000 	/usr/lib/libgermantok.dylib
0x000000019ad4d000 	/System/Library/PrivateFrameworks/LinguisticData.framework/Versions/A/LinguisticData
0x00000001a698e000 	/System/Library/PrivateFrameworks/MediaKit.framework/Versions/A/MediaKit
0x00000001a68dc000 	/System/Library/Frameworks/DiscRecording.framework/Versions/A/DiscRecording
0x000000019e9d2000 	/usr/lib/libheimdal-asn1.dylib
0x00000001aa3b7000 	/System/Library/Frameworks/AudioUnit.framework/Versions/A/AudioUnit
0x0000000197a12000 	/System/Library/Frameworks/OpenDirectory.framework/Versions/A/OpenDirectory
0x0000000197a20000 	/System/Library/Frameworks/OpenDirectory.framework/Versions/A/Frameworks/CFOpenDirectory.framework/Versions/A/CFOpenDirectory
0x00000001a34a3000 	/System/Library/PrivateFrameworks/GeoServices.framework/Versions/A/GeoServices
0x00000001a0ed3000 	/System/Library/PrivateFrameworks/LocationSupport.framework/Versions/A/LocationSupport
0x00000002585b3000 	/System/Library/PrivateFrameworks/GeoServicesCore.framework/Versions/A/GeoServicesCore
0x00000001b328c000 	/System/Library/PrivateFrameworks/PhoneNumbers.framework/Versions/A/PhoneNumbers
0x0000000260d3b000 	/System/Library/PrivateFrameworks/LocationLogEncryption.framework/Versions/A/LocationLogEncryption
0x0000000232c4d000 	/System/Library/Frameworks/AVFAudio.framework/Versions/A/AVFAudio
0x0000000232d91000 	/System/Library/Frameworks/AVRouting.framework/Versions/A/AVRouting
0x00000001b33a4000 	/usr/lib/libAccessibility.dylib
0x000000025f725000 	/System/Library/PrivateFrameworks/IsolatedCoreAudioClient.framework/Versions/A/IsolatedCoreAudioClient
0x0000000247e7d000 	/System/Library/PrivateFrameworks/CoreAudioOrchestration.framework/Versions/A/CoreAudioOrchestration
0x000000019fda9000 	/System/Library/Frameworks/MediaToolbox.framework/Versions/A/MediaToolbox
0x00000001a6ab4000 	/System/Library/PrivateFrameworks/CoreAVCHD.framework/Versions/A/CoreAVCHD
0x00000001a59e3000 	/System/Library/Frameworks/MediaAccessibility.framework/Versions/A/MediaAccessibility
0x00000001a6ab0000 	/System/Library/PrivateFrameworks/Mangrove.framework/Versions/A/Mangrove
0x0000000243d23000 	/System/Library/PrivateFrameworks/CMPhoto.framework/Versions/A/CMPhoto
0x00000001a727d000 	/System/Library/Frameworks/CoreTelephony.framework/Versions/A/CoreTelephony
0x00000001a6aa3000 	/System/Library/PrivateFrameworks/CoreAUC.framework/Versions/A/CoreAUC
0x0000000240e94000 	/System/Library/PrivateFrameworks/AppleJPEGXL.framework/Versions/A/AppleJPEGXL
0x00000001a17d4000 	/usr/lib/libTelephonyUtilDynamic.dylib
0x00000001e346e000 	/System/Library/Frameworks/CryptoKit.framework/Versions/A/CryptoKit
0x00000001aa3b2000 	/System/Library/PrivateFrameworks/CryptoKitCBridging.framework/Versions/A/CryptoKitCBridging
0x00000001a78c1000 	/System/Library/Frameworks/CryptoTokenKit.framework/Versions/A/CryptoTokenKit
0x000000024cb9d000 	/System/Library/PrivateFrameworks/Dendrite.framework/Versions/A/Dendrite
0x00000001ba08a000 	/System/Library/Frameworks/NaturalLanguage.framework/Versions/A/NaturalLanguage
0x00000001e8864000 	/usr/lib/swift/libswiftNaturalLanguage.dylib
0x0000000241a0a000 	/System/Library/PrivateFrameworks/AppleMobileFileIntegrity.framework/Versions/A/AppleMobileFileIntegrity
0x00000002902ee000 	/usr/lib/libTLE.dylib
0x00000001ba489000 	/usr/lib/libmis.dylib
0x00000001f1f6b000 	/System/Library/PrivateFrameworks/ConfigProfileHelper.framework/Versions/A/ConfigProfileHelper
0x00000001aa541000 	/System/Library/PrivateFrameworks/Espresso.framework/Versions/A/Espresso
0x00000001981a1000 	/System/Library/Frameworks/CoreML.framework/Versions/A/CoreML
0x00000001e6721000 	/usr/lib/libedit.3.dylib
0x000000022fa5c000 	/System/Library/PrivateFrameworks/ANECompiler.framework/Versions/A/ANECompiler
0x00000001ac616000 	/System/Library/PrivateFrameworks/AppleNeuralEngine.framework/Versions/A/AppleNeuralEngine
0x0000000260e59000 	/System/Library/PrivateFrameworks/MIL.framework/Versions/A/MIL
0x00000002369df000 	/System/Library/Frameworks/MetalPerformanceShadersGraph.framework/Versions/A/MetalPerformanceShadersGraph
0x00000002615c8000 	/System/Library/PrivateFrameworks/MLCompilerServices.framework/Versions/A/MLCompilerServices
0x00000001ab393000 	/System/Library/PrivateFrameworks/ANEServices.framework/Versions/A/ANEServices
0x00000001bf740000 	/usr/lib/libncurses.5.4.dylib
0x000000019164e000 	/usr/lib/libsandbox.1.dylib
0x000000019e8f8000 	/usr/lib/libMatch.1.dylib
0x000000026ae48000 	/System/Library/PrivateFrameworks/ODIE.framework/Versions/A/ODIE
0x0000000264255000 	/System/Library/PrivateFrameworks/MLModelAsset.framework/Versions/A/MLModelAsset
0x000000026156e000 	/System/Library/PrivateFrameworks/MLCompilerRuntime.framework/Versions/A/MLCompilerRuntime
0x000000019c5d3000 	/System/Library/Frameworks/MLCompute.framework/Versions/A/MLCompute
0x00000002614f0000 	/System/Library/PrivateFrameworks/MLAssetIO.framework/Versions/A/MLAssetIO
0x00000002919e9000 	/usr/lib/swift/libswiftMLCompute.dylib
0x00000001a7498000 	/System/Library/PrivateFrameworks/AVFCore.framework/Versions/A/AVFCore
0x00000001b0ca6000 	/System/Library/PrivateFrameworks/AVFCapture.framework/Versions/A/AVFCapture
0x0000000243b1a000 	/System/Library/PrivateFrameworks/CMImaging.framework/Versions/A/CMImaging
0x00000001b0ee8000 	/System/Library/PrivateFrameworks/Quagga.framework/Versions/A/Quagga
0x00000001b1019000 	/System/Library/PrivateFrameworks/CMCapture.framework/Versions/A/CMCapture
0x00000001a135e000 	/System/Library/Frameworks/CoreMediaIO.framework/Versions/A/CoreMediaIO
0x0000000243a55000 	/System/Library/PrivateFrameworks/CMCaptureDevice.framework/Versions/A/CMCaptureDevice
0x000000019ed33000 	/System/Library/PrivateFrameworks/CoreBrightness.framework/Versions/A/CoreBrightness
0x0000000244bde000 	/System/Library/PrivateFrameworks/CinematicFraming.framework/Versions/A/CinematicFraming
0x0000000267330000 	/System/Library/PrivateFrameworks/ModelManagerServices.framework/Versions/A/ModelManagerServices
0x00000001d4f6f000 	/System/Library/PrivateFrameworks/CPMS.framework/Versions/A/CPMS
0x000000027eb7d000 	/System/Library/PrivateFrameworks/SystemStatus.framework/Versions/A/SystemStatus
0x00000001b8ec8000 	/System/Library/Frameworks/CoreMotion.framework/Versions/A/CoreMotion
0x00000001c9491000 	/System/Library/PrivateFrameworks/TimeSync.framework/Versions/A/TimeSync
0x000000024d563000 	/System/Library/PrivateFrameworks/DistributedSensing.framework/Versions/A/DistributedSensing
0x00000001c4888000 	/System/Library/PrivateFrameworks/MobileBluetooth.framework/Versions/A/MobileBluetooth
0x00000001cb14e000 	/System/Library/PrivateFrameworks/IOKitten.framework/Versions/A/IOKitten
0x0000000240d0e000 	/System/Library/PrivateFrameworks/AppleIntelligenceReporting.framework/Versions/A/AppleIntelligenceReporting
0x000000019bf1a000 	/System/Library/PrivateFrameworks/CoreEmoji.framework/Versions/A/CoreEmoji
0x000000018e7a9000 	/usr/lib/libCRFSuite.dylib
0x000000018fa89000 	/System/Library/PrivateFrameworks/LanguageModeling.framework/Versions/A/LanguageModeling
0x000000019ac2d000 	/System/Library/PrivateFrameworks/CoreNLP.framework/Versions/A/CoreNLP
0x00000001949ff000 	/System/Library/PrivateFrameworks/Montreal.framework/Versions/A/Montreal
0x000000019d08a000 	/usr/lib/libcmph.dylib
0x000000019c2b1000 	/usr/lib/libmecab.dylib
0x000000019d1fb000 	/usr/lib/libThaiTokenizer.dylib
0x0000000258398000 	/System/Library/PrivateFrameworks/GenerativeModelsFoundation.framework/Versions/A/GenerativeModelsFoundation
0x000000028195a000 	/System/Library/PrivateFrameworks/TokenGeneration.framework/Versions/A/TokenGeneration
0x000000025816c000 	/System/Library/PrivateFrameworks/GenerativeFunctions.framework/Versions/A/GenerativeFunctions
0x00000002581ba000 	/System/Library/PrivateFrameworks/GenerativeFunctionsFoundation.framework/Versions/A/GenerativeFunctionsFoundation
0x0000000266ff6000 	/System/Library/PrivateFrameworks/ModelCatalog.framework/Versions/A/ModelCatalog
0x000000027419c000 	/System/Library/PrivateFrameworks/SensitiveContentAnalysisML.framework/Versions/A/SensitiveContentAnalysisML
0x0000000258250000 	/System/Library/PrivateFrameworks/GenerativeFunctionsInstrumentation.framework/Versions/A/GenerativeFunctionsInstrumentation
0x0000000271014000 	/System/Library/PrivateFrameworks/PromptKit.framework/Versions/A/PromptKit
0x0000000270a2b000 	/System/Library/PrivateFrameworks/ProactiveDaemonSupport.framework/Versions/A/ProactiveDaemonSupport
0x0000000281b92000 	/System/Library/PrivateFrameworks/TokenGenerationCore.framework/Versions/A/TokenGenerationCore
0x00000001baf55000 	/System/Library/PrivateFrameworks/Trial.framework/Versions/A/Trial
0x00000001baed6000 	/System/Library/PrivateFrameworks/TrialProto.framework/Versions/A/TrialProto
0x000000024093a000 	/System/Library/PrivateFrameworks/AppleFlatBuffers.framework/Versions/A/AppleFlatBuffers
0x000000027446c000 	/System/Library/PrivateFrameworks/SentencePieceInternal.framework/Versions/A/SentencePieceInternal
0x00000001a5a3d000 	/System/Library/Frameworks/Vision.framework/Versions/A/Vision
0x000000024bd27000 	/System/Library/PrivateFrameworks/CoreSceneUnderstanding.framework/Versions/A/CoreSceneUnderstanding
0x00000002867d2000 	/System/Library/PrivateFrameworks/VisionCore.framework/Versions/A/VisionCore
0x00000001c3816000 	/System/Library/Frameworks/Vision.framework/libfaceCore.dylib
0x00000001c4330000 	/System/Library/PrivateFrameworks/Futhark.framework/Versions/A/Futhark
0x00000001c826e000 	/System/Library/PrivateFrameworks/InertiaCam.framework/Versions/A/InertiaCam
0x00000001c40bd000 	/System/Library/PrivateFrameworks/TextRecognition.framework/Versions/A/TextRecognition
0x000000019e795000 	/System/Library/PrivateFrameworks/CVNLP.framework/Versions/A/CVNLP
0x00000001e0866000 	/System/Library/PrivateFrameworks/HIDDisplay.framework/Versions/A/HIDDisplay
0x000000019f88d000 	/System/Library/Frameworks/ApplicationServices.framework/Versions/A/Frameworks/ATSUI.framework/Versions/A/ATSUI
0x00000001a1542000 	/usr/lib/libcups.2.dylib
0x00000001a15d8000 	/System/Library/Frameworks/Kerberos.framework/Versions/A/Kerberos
0x00000001a1249000 	/usr/lib/libresolv.9.dylib
0x000000019ec4e000 	/System/Library/PrivateFrameworks/Heimdal.framework/Versions/A/Heimdal
0x00000001aa3b6000 	/System/Library/Frameworks/Kerberos.framework/Versions/A/Libraries/libHeimdalProxy.dylib
0x00000001a163c000 	/System/Library/PrivateFrameworks/CommonAuth.framework/Versions/A/CommonAuth
0x00000001b3298000 	/System/Library/PrivateFrameworks/AXCoreUtilities.framework/Versions/A/AXCoreUtilities
0x000000028fdef000 	/usr/lib/libAXSafeCategoryBundle.dylib
0x000000023ad6a000 	/System/Library/Frameworks/TabularData.framework/Versions/A/TabularData
0x0000000241bba000 	/System/Library/PrivateFrameworks/ArgumentParserInternal.framework/Versions/A/ArgumentParserInternal
0x000000019bddc000 	/System/Library/Frameworks/Accelerate.framework/Versions/A/Frameworks/vecLib.framework/Versions/A/libvDSP.dylib
0x000000019d34a000 	/System/Library/Frameworks/Accelerate.framework/Versions/A/Frameworks/vecLib.framework/Versions/A/libLAPACK.dylib
0x000000019c313000 	/System/Library/Frameworks/Accelerate.framework/Versions/A/Frameworks/vecLib.framework/Versions/A/libLinearAlgebra.dylib
0x000000019d241000 	/System/Library/Frameworks/Accelerate.framework/Versions/A/Frameworks/vecLib.framework/Versions/A/libSparseBLAS.dylib
0x000000019d345000 	/System/Library/Frameworks/Accelerate.framework/Versions/A/Frameworks/vecLib.framework/Versions/A/libQuadrature.dylib
0x000000019ad54000 	/System/Library/Frameworks/Accelerate.framework/Versions/A/Frameworks/vecLib.framework/Versions/A/libBNNS.dylib
0x000000018e5a7000 	/System/Library/Frameworks/Accelerate.framework/Versions/A/Frameworks/vecLib.framework/Versions/A/libSparse.dylib
0x00000001a15a1000 	/System/Library/PrivateFrameworks/NetAuth.framework/Versions/A/NetAuth
0x0000000197c36000 	/System/Library/PrivateFrameworks/login.framework/Versions/A/Frameworks/loginsupport.framework/Versions/A/loginsupport
0x000000019c27b000 	/usr/lib/libCheckFix.dylib
0x0000000196dbc000 	/System/Library/PrivateFrameworks/MetadataUtilities.framework/Versions/A/MetadataUtilities
0x000000025c37e000 	/System/Library/PrivateFrameworks/InstalledContentLibrary.framework/Versions/A/InstalledContentLibrary
0x0000000191512000 	/System/Library/PrivateFrameworks/CoreServicesStore.framework/Versions/A/CoreServicesStore
0x00000001cdda5000 	/System/Library/PrivateFrameworks/MobileSystemServices.framework/Versions/A/MobileSystemServices
0x000000019e61a000 	/usr/lib/libxslt.1.dylib
0x000000019c23a000 	/System/Library/PrivateFrameworks/BackgroundTaskManagement.framework/Versions/A/BackgroundTaskManagement
0x00000001a9a48000 	/usr/lib/libcurl.4.dylib
0x0000000290af3000 	/usr/lib/libcrypto.46.dylib
0x0000000291692000 	/usr/lib/libssl.48.dylib
0x00000001a9722000 	/System/Library/Frameworks/LDAP.framework/Versions/A/LDAP
0x00000001a975e000 	/System/Library/PrivateFrameworks/TrustEvaluationAgent.framework/Versions/A/TrustEvaluationAgent
0x00000001a1266000 	/usr/lib/libsasl2.2.dylib
0x00000001b739d000 	/usr/lib/swift/libswiftCoreGraphics.dylib
0x00000001a60d7000 	/usr/lib/swift/libswiftFoundation.dylib
0x00000001f190f000 	/usr/lib/swift/libswiftSwiftOnoneSupport.dylib
0x0000000291d40000 	/usr/lib/swift/libswiftsys_time.dylib
0x00000001dc550000 	/System/Library/PrivateFrameworks/CoreMaterial.framework/Versions/A/CoreMaterial
0x00000002902eb000 	/usr/lib/libSpatial.dylib
0x000000028fd0c000 	/System/Library/SubFrameworks/UIUtilities.framework/Versions/A/UIUtilities
0x0000000105dfc000 	/Library/Java/JavaVirtualMachines/zulu-21.jdk/Contents/Home/lib/server/libjvm.dylib
0x0000000100728000 	/Library/Java/JavaVirtualMachines/zulu-21.jdk/Contents/Home/lib/libjimage.dylib
0x0000000104c94000 	/Library/Java/JavaVirtualMachines/zulu-21.jdk/Contents/Home/lib/libjava.dylib
0x0000000105724000 	/Library/Java/JavaVirtualMachines/zulu-21.jdk/Contents/Home/lib/libnio.dylib
0x0000000105744000 	/Library/Java/JavaVirtualMachines/zulu-21.jdk/Contents/Home/lib/libnet.dylib
0x0000000105788000 	/Library/Java/JavaVirtualMachines/zulu-21.jdk/Contents/Home/lib/libzip.dylib
0x000000012c648000 	/Users/leandroferreira/.skiko/skiko-macos-arm64-f7676395835316696f9b2a762705c307cbdd703545a02fc1b1154a13df96fb64/libskiko-macos-arm64.dylib
0x000000010583c000 	/Library/Java/JavaVirtualMachines/zulu-21.jdk/Contents/Home/lib/libawt.dylib
0x00000001058f4000 	/Library/Java/JavaVirtualMachines/zulu-21.jdk/Contents/Home/lib/libmlib_image.dylib
0x0000000235b37000 	/System/Library/Frameworks/JavaRuntimeSupport.framework/Versions/A/JavaRuntimeSupport
0x00000001b8ec7000 	/System/Library/Frameworks/Carbon.framework/Versions/A/Carbon
0x00000001af0c6000 	/System/Library/Frameworks/Carbon.framework/Versions/A/Frameworks/CommonPanels.framework/Versions/A/CommonPanels
0x00000001a9a33000 	/System/Library/Frameworks/Carbon.framework/Versions/A/Frameworks/Help.framework/Versions/A/Help
0x00000001af0ca000 	/System/Library/Frameworks/Carbon.framework/Versions/A/Frameworks/ImageCapture.framework/Versions/A/ImageCapture
0x00000001af0a5000 	/System/Library/Frameworks/Carbon.framework/Versions/A/Frameworks/OpenScripting.framework/Versions/A/OpenScripting
0x00000001af0c5000 	/System/Library/Frameworks/Carbon.framework/Versions/A/Frameworks/Ink.framework/Versions/A/Ink
0x00000001af0c2000 	/System/Library/Frameworks/Carbon.framework/Versions/A/Frameworks/SecurityHI.framework/Versions/A/SecurityHI
0x000000029015f000 	/usr/lib/libInterpreterSecurity.dylib
0x00000001cfb21000 	/System/Library/PrivateFrameworks/XprotectFramework.framework/Versions/A/XprotectFramework
0x00000001b26a9000 	/System/Library/PrivateFrameworks/yara.framework/Versions/A/yara
0x00000002900dc000 	/usr/lib/libEndpointSecuritySystem.dylib
0x0000000105a94000 	/Library/Java/JavaVirtualMachines/zulu-21.jdk/Contents/Home/lib/libawt_lwawt.dylib
0x00000001057e0000 	/Library/Java/JavaVirtualMachines/zulu-21.jdk/Contents/Home/lib/libosxapp.dylib
0x00000001b7406000 	/System/Library/Frameworks/ExceptionHandling.framework/Versions/A/ExceptionHandling
0x000000012b1d0000 	/Library/Java/JavaVirtualMachines/zulu-21.jdk/Contents/Home/lib/libfontmanager.dylib
0x0000000105bc4000 	/Library/Java/JavaVirtualMachines/zulu-21.jdk/Contents/Home/lib/libfreetype.dylib
0x0000000232f01000 	/System/Library/Frameworks/AppIntents.framework/Versions/A/AppIntents
0x00000002394c2000 	/System/Library/Frameworks/RelevanceKit.framework/Versions/A/RelevanceKit
0x000000019ce27000 	/System/Library/Frameworks/CoreSpotlight.framework/Versions/A/CoreSpotlight
0x00000002608b0000 	/System/Library/PrivateFrameworks/LinkServices.framework/Versions/A/LinkServices
0x00000001a639c000 	/System/Library/Frameworks/Contacts.framework/Versions/A/Contacts
0x000000023f584000 	/System/Library/PrivateFrameworks/AppIntentsTypeSupport.framework/Versions/A/AppIntentsTypeSupport
0x000000024d65f000 	/System/Library/PrivateFrameworks/DoNotDisturb.framework/Versions/A/DoNotDisturb
0x00000002606fe000 	/System/Library/PrivateFrameworks/LinkMetadata.framework/Versions/A/LinkMetadata
0x00000001ba50d000 	/usr/lib/swift/libswiftIntents.dylib
0x00000001bf89a000 	/System/Library/PrivateFrameworks/IntentsCore.framework/Versions/A/IntentsCore
0x00000002424ca000 	/System/Library/PrivateFrameworks/AvailabilityKit.framework/Versions/A/AvailabilityKit
0x000000023f167000 	/System/Library/PrivateFrameworks/AppIntentSchemas.framework/Versions/A/AppIntentSchemas
0x000000023504e000 	/System/Library/Frameworks/GeoToolbox.framework/Versions/A/GeoToolbox
0x0000000254ffe000 	/System/Library/PrivateFrameworks/GRDBInternal.framework/Versions/A/GRDBInternal
0x000000027d6e9000 	/System/Library/PrivateFrameworks/StatusKit.framework/Versions/A/StatusKit
0x00000001a61b3000 	/System/Library/PrivateFrameworks/ContactsPersistence.framework/Versions/A/ContactsPersistence
0x00000001a5307000 	/System/Library/PrivateFrameworks/AppleLDAP.framework/Versions/A/AppleLDAP
0x00000001a9de6000 	/System/Library/Frameworks/ClassKit.framework/Versions/A/ClassKit
0x00000001ac095000 	/System/Library/PrivateFrameworks/CoreSuggestions.framework/Versions/A/CoreSuggestions
0x00000001a60d8000 	/System/Library/PrivateFrameworks/ContactsFoundation.framework/Versions/A/ContactsFoundation
0x00000001a786f000 	/System/Library/PrivateFrameworks/vCard.framework/Versions/A/vCard
0x000000024602f000 	/System/Library/PrivateFrameworks/ContactsMetrics.framework/Versions/A/ContactsMetrics
0x000000019ed0f000 	/System/Library/PrivateFrameworks/login.framework/Versions/A/login
0x0000000264ce4000 	/System/Library/PrivateFrameworks/ManagedOrganizationContacts.framework/Versions/A/ManagedOrganizationContacts
0x00000001980cc000 	/System/Library/PrivateFrameworks/CloudDocs.framework/Versions/A/CloudDocs
0x00000001b2c4c000 	/System/Library/PrivateFrameworks/ProactiveEventTracker.framework/Versions/A/ProactiveEventTracker
0x00000001a6cb9000 	/System/Library/PrivateFrameworks/GenerationalStorage.framework/Versions/A/GenerationalStorage
0x00000001a1732000 	/System/Library/PrivateFrameworks/CacheDelete.framework/Versions/A/CacheDelete
0x00000001aa4f3000 	/System/Library/Frameworks/QuickLookThumbnailing.framework/Versions/A/QuickLookThumbnailing
0x00000001a6ae2000 	/System/Library/Frameworks/FileProvider.framework/Versions/A/FileProvider
0x0000000192f9e000 	/System/Library/PrivateFrameworks/DesktopServicesPriv.framework/Versions/A/DesktopServicesPriv
0x00000001b9f68000 	/System/Library/PrivateFrameworks/FTServices.framework/Versions/A/FTServices
0x00000001b233d000 	/System/Library/PrivateFrameworks/CloudServices.framework/Versions/A/CloudServices
0x0000000199586000 	/System/Library/Frameworks/CoreLocation.framework/Versions/A/CoreLocation
0x00000001a8b73000 	/System/Library/Frameworks/Intents.framework/Versions/A/Intents
0x000000019ca4f000 	/System/Library/PrivateFrameworks/AuthKit.framework/Versions/A/AuthKit
0x00000001c0e1e000 	/usr/lib/swift/libswiftCoreLocation.dylib
0x00000001a2cf2000 	/System/Library/PrivateFrameworks/Sharing.framework/Versions/A/Sharing
0x00000001a2677000 	/System/Library/PrivateFrameworks/IDSFoundation.framework/Versions/A/IDSFoundation
0x00000001a91ec000 	/System/Library/PrivateFrameworks/Apple80211.framework/Versions/A/Apple80211
0x000000019bf88000 	/System/Library/Frameworks/CoreWLAN.framework/Versions/A/CoreWLAN
0x00000001a0e5a000 	/System/Library/PrivateFrameworks/IMFoundation.framework/Versions/A/IMFoundation
0x00000001b26a8000 	/System/Library/PrivateFrameworks/Marco.framework/Versions/A/Marco
0x0000000195368000 	/System/Library/PrivateFrameworks/CommonUtilities.framework/Versions/A/CommonUtilities
0x00000001af08d000 	/System/Library/PrivateFrameworks/Engram.framework/Versions/A/Engram
0x000000028a63e000 	/System/Library/PrivateFrameworks/XPCDistributed.framework/Versions/A/XPCDistributed
0x00000001af02b000 	/usr/lib/libtidy.A.dylib
0x000000019ef62000 	/System/Library/PrivateFrameworks/Bom.framework/Versions/A/Bom
0x00000001a1286000 	/usr/lib/libParallelCompression.dylib
0x00000001a1279000 	/System/Library/PrivateFrameworks/MultiverseSupport.framework/Versions/A/MultiverseSupport
0x00000001a69c0000 	/System/Library/PrivateFrameworks/DiskManagement.framework/Versions/A/DiskManagement
0x00000001a68cf000 	/System/Library/PrivateFrameworks/AppleIDAuthSupport.framework/Versions/A/AppleIDAuthSupport
0x000000023c601000 	/System/Library/PrivateFrameworks/AAAFoundation.framework/Versions/A/AAAFoundation
0x00000001a1781000 	/System/Library/PrivateFrameworks/KeychainCircle.framework/Versions/A/KeychainCircle
0x00000001b328e000 	/System/Library/PrivateFrameworks/URLFormatting.framework/Versions/A/URLFormatting
0x00000001a9a3c000 	/usr/lib/libcsfde.dylib
0x000000019e900000 	/usr/lib/libCoreStorage.dylib
0x00000001a31d1000 	/System/Library/PrivateFrameworks/ProtectedCloudStorage.framework/Versions/A/ProtectedCloudStorage
0x00000001a9a37000 	/System/Library/PrivateFrameworks/EFILogin.framework/Versions/A/EFILogin
0x00000001a6ce0000 	/System/Library/PrivateFrameworks/OctagonTrust.framework/Versions/A/OctagonTrust
0x00000001a2451000 	/System/Library/PrivateFrameworks/IDS.framework/Versions/A/IDS
0x00000001a7943000 	/System/Library/Frameworks/LocalAuthentication.framework/Versions/A/LocalAuthentication
0x0000000260aee000 	/System/Library/PrivateFrameworks/LocalAuthenticationCore.framework/Versions/A/LocalAuthenticationCore
0x0000000260cb6000 	/System/Library/PrivateFrameworks/LocalAuthenticationCredentialServices.framework/Versions/A/LocalAuthenticationCredentialServices
0x00000001a79b0000 	/System/Library/Frameworks/LocalAuthentication.framework/Support/SharedUtils.framework/Versions/A/SharedUtils
0x0000000241e75000 	/System/Library/PrivateFrameworks/AsyncAlgorithmsInternal.framework/Versions/A/AsyncAlgorithmsInternal
0x00000001c8efc000 	/System/Library/PrivateFrameworks/FTAWD.framework/Versions/A/FTAWD
0x00000001aa47b000 	/System/Library/PrivateFrameworks/IntentsFoundation.framework/Versions/A/IntentsFoundation
0x0000000197c39000 	/System/Library/PrivateFrameworks/ApplePushService.framework/Versions/A/ApplePushService
0x0000000197ca4000 	/System/Library/Frameworks/CloudKit.framework/Versions/A/CloudKit
0x00000001d0f2e000 	/System/Library/PrivateFrameworks/DeviceIdentity.framework/Versions/A/DeviceIdentity
0x000000023994c000 	/System/Library/Frameworks/SharedWithYouCore.framework/Versions/A/SharedWithYouCore
0x00000002454bd000 	/System/Library/PrivateFrameworks/CloudTelemetry.framework/Versions/A/CloudTelemetry
0x00000001a9eae000 	/System/Library/PrivateFrameworks/AppleAccount.framework/Versions/A/AppleAccount
0x00000001aa496000 	/System/Library/PrivateFrameworks/C2.framework/Versions/A/C2
0x0000000245111000 	/System/Library/PrivateFrameworks/CloudCoreInternal.framework/Versions/A/CloudCoreInternal
0x0000000244e79000 	/System/Library/PrivateFrameworks/CloudAsset.framework/Versions/A/CloudAsset
0x00000001aa48c000 	/System/Library/Frameworks/PushKit.framework/Versions/A/PushKit
0x00000002454e2000 	/System/Library/PrivateFrameworks/CloudTelemetryTools.framework/Versions/A/CloudTelemetryTools
0x00000002454d3000 	/System/Library/PrivateFrameworks/CloudTelemetryShared.dylib
0x00000001ac36c000 	/System/Library/PrivateFrameworks/RTCReporting.framework/Versions/A/RTCReporting
0x000000023c624000 	/System/Library/PrivateFrameworks/AAAFoundationSwift.framework/Versions/A/AAAFoundationSwift
0x00000001aa134000 	/System/Library/PrivateFrameworks/AppleIDSSOAuthentication.framework/Versions/A/AppleIDSSOAuthentication
0x00000001978d3000 	/System/Library/PrivateFrameworks/ViewBridge.framework/Versions/A/ViewBridge
0x000000023bbd7000 	/System/Library/Frameworks/_AppIntents_AppKit.framework/Versions/A/_AppIntents_AppKit
0x0000000105a78000 	/usr/lib/libobjc-trampolines.dylib
0x00000001c4430000 	/System/Library/CoreServices/RawCamera.bundle/Contents/MacOS/RawCamera
0x00000001c0e03000 	/System/Library/Frameworks/Accelerate.framework/Versions/A/Frameworks/vImage.framework/Versions/A/Libraries/libCGInterfaces.dylib
0x000000028fdf3000 	/usr/lib/libAccessibilityBaseImplementations.dylib
0x000000028a13c000 	/System/Library/PrivateFrameworks/WritingToolsUI.framework/Versions/A/WritingToolsUI
0x0000000257f87000 	/System/Library/PrivateFrameworks/GenerativeAssistantSettings.framework/Versions/A/GenerativeAssistantSettings
0x000000027f456000 	/System/Library/PrivateFrameworks/TextComposer.framework/Versions/A/TextComposer
0x0000000257f5a000 	/System/Library/PrivateFrameworks/GenerativeAssistantCommon.framework/Versions/A/GenerativeAssistantCommon
0x00000001c1f17000 	/System/Library/Frameworks/SwiftUI.framework/Versions/A/SwiftUI
0x000000023ee84000 	/System/Library/PrivateFrameworks/Anvil.framework/Versions/A/Anvil
0x000000025840e000 	/System/Library/PrivateFrameworks/GenerativePartnerService.framework/Versions/A/GenerativePartnerService
0x0000000258439000 	/System/Library/PrivateFrameworks/GenerativePartnerServiceUI.framework/Versions/A/GenerativePartnerServiceUI
0x00000001ba104000 	/System/Library/Frameworks/SafariServices.framework/Versions/A/SafariServices
0x00000001b7496000 	/System/Library/Frameworks/WebKit.framework/Versions/A/WebKit
0x000000023bc16000 	/System/Library/Frameworks/_AuthenticationServices_SwiftUI.framework/Versions/A/_AuthenticationServices_SwiftUI
0x00000001c1496000 	/System/Library/PrivateFrameworks/AppStoreDaemon.framework/Versions/A/AppStoreDaemon
0x00000001aca1b000 	/System/Library/PrivateFrameworks/AppleMediaServices.framework/Versions/A/AppleMediaServices
0x00000001bd6a9000 	/System/Library/PrivateFrameworks/AppleMediaServicesUI.framework/Versions/A/AppleMediaServicesUI
0x00000001f0e69000 	/System/Library/PrivateFrameworks/JetEngine.framework/Versions/A/JetEngine
0x00000001bade6000 	/System/Library/PrivateFrameworks/OnBoardingKit.framework/Versions/A/OnBoardingKit
0x00000002747ad000 	/System/Library/PrivateFrameworks/Settings.framework/Versions/A/Settings
0x00000002348d0000 	/System/Library/Frameworks/ExtensionKit.framework/Versions/A/ExtensionKit
0x0000000234913000 	/System/Library/Frameworks/FSKit.framework/Versions/A/FSKit
0x000000027f332000 	/System/Library/PrivateFrameworks/TextAnimationSupport.framework/Versions/A/TextAnimationSupport
0x00000002718da000 	/System/Library/PrivateFrameworks/RecapPerformanceTesting.framework/Versions/A/RecapPerformanceTesting
0x00000001badd6000 	/System/Library/PrivateFrameworks/SignpostCollection.framework/Versions/A/SignpostCollection
0x00000001ac39d000 	/System/Library/Frameworks/WebKit.framework/Versions/A/Frameworks/WebKitLegacy.framework/Versions/A/WebKitLegacy
0x00000001aa185000 	/System/Library/PrivateFrameworks/CorePrediction.framework/Versions/A/CorePrediction
0x00000001989db000 	/System/Library/Frameworks/WebKit.framework/Versions/A/Frameworks/WebCore.framework/Versions/A/Frameworks/libwebrtc.dylib
0x00000001a12ee000 	/System/Library/Frameworks/SecurityInterface.framework/Versions/A/SecurityInterface
0x00000001bade5000 	/System/Library/PrivateFrameworks/WebInspectorUI.framework/Versions/A/WebInspectorUI
0x00000001af0cd000 	/System/Library/Frameworks/JavaScriptCore.framework/Versions/A/JavaScriptCore
0x00000001b33db000 	/System/Library/Frameworks/WebKit.framework/Versions/A/Frameworks/WebCore.framework/Versions/A/WebCore
0x00000002339d2000 	/System/Library/Frameworks/BrowserEngineCore.framework/Versions/A/BrowserEngineCore
0x000000023b78d000 	/System/Library/Frameworks/WebKit.framework/Versions/A/Frameworks/WebCore.framework/Versions/A/Frameworks/libANGLE-shared.dylib
0x0000000288987000 	/System/Library/PrivateFrameworks/WebGPU.framework/Versions/A/WebGPU
0x00000001bcd24000 	/System/Library/Frameworks/SceneKit.framework/Versions/A/SceneKit
0x00000001ce662000 	/System/Library/Frameworks/ModelIO.framework/Versions/A/ModelIO
0x00000001a32d1000 	/System/Library/Frameworks/MetalKit.framework/Versions/A/MetalKit
0x00000001a5615000 	/System/Library/Frameworks/GLKit.framework/Versions/A/GLKit
0x0000000292093000 	/usr/lib/usd/libusd_ms.dylib
0x0000000283b43000 	/System/Library/PrivateFrameworks/USDLib_FormatLoaderProxy.framework/Versions/A/USDLib_FormatLoaderProxy
0x0000000291d3b000 	/usr/lib/swift/libswift_errno.dylib
0x00000001b9f49000 	/System/Library/PrivateFrameworks/CoreOptimization.framework/Versions/A/CoreOptimization
0x0000000242377000 	/System/Library/PrivateFrameworks/AuthenticationServicesCore.framework/Versions/A/AuthenticationServicesCore
0x00000001c48c8000 	/System/Library/Frameworks/AuthenticationServices.framework/Versions/A/AuthenticationServices
0x000000019e893000 	/System/Library/PrivateFrameworks/SharedWebCredentials.framework/Versions/A/SharedWebCredentials
0x00000001bbcb0000 	/System/Library/PrivateFrameworks/SafariCore.framework/Versions/A/SafariCore
0x00000001c43d9000 	/System/Library/PrivateFrameworks/SafariFoundation.framework/Versions/A/SafariFoundation
0x00000002436ca000 	/System/Library/PrivateFrameworks/CBORLibrary.framework/Versions/A/CBORLibrary
0x000000024472c000 	/System/Library/PrivateFrameworks/Chirp.framework/Versions/A/Chirp
0x0000000245380000 	/System/Library/PrivateFrameworks/CloudSubscriptionFeatures.framework/Versions/A/CloudSubscriptionFeatures
0x00000001f22aa000 	/System/Library/PrivateFrameworks/RemoteManagement.framework/Versions/A/RemoteManagement
0x0000000271cc9000 	/System/Library/PrivateFrameworks/RemoteManagementModel.framework/Versions/A/RemoteManagementModel
0x0000000271d5a000 	/System/Library/PrivateFrameworks/RemoteManagementStore.framework/Versions/A/RemoteManagementStore
0x00000001a32f0000 	/usr/lib/libxcselect.dylib
0x00000001c4348000 	/System/Library/PrivateFrameworks/DifferentialPrivacy.framework/Versions/A/DifferentialPrivacy
0x0000000264cea000 	/System/Library/PrivateFrameworks/ManagedSettingsObjC.framework/Versions/A/ManagedSettingsObjC
0x00000001ab574000 	/System/Library/PrivateFrameworks/ConfigurationProfiles.framework/Versions/A/ConfigurationProfiles
0x0000000260d40000 	/System/Library/PrivateFrameworks/LockdownMode.framework/Versions/A/LockdownMode
0x0000000284805000 	/System/Library/PrivateFrameworks/VDAF.framework/Versions/A/VDAF
0x00000001a59fc000 	/System/Library/PrivateFrameworks/SystemAdministration.framework/Versions/A/SystemAdministration
0x00000001b0bad000 	/System/Library/PrivateFrameworks/PowerlogControl.framework/Versions/A/PowerlogControl
0x00000001b0baf000 	/usr/lib/libUniversalAccess.dylib
0x00000001ad4eb000 	/System/Library/PrivateFrameworks/FamilyControls.framework/Versions/A/FamilyControls
0x00000001a52db000 	/System/Library/Frameworks/DirectoryService.framework/Versions/A/DirectoryService
0x00000001a9ac9000 	/System/Library/PrivateFrameworks/LoginUIKit.framework/Versions/A/Frameworks/LoginUICore.framework/Versions/A/LoginUICore
0x000000019ef60000 	/usr/lib/libodfde.dylib
0x00000001ad4e5000 	/System/Library/PrivateFrameworks/UniversalAccess.framework/Versions/A/Libraries/libUAPreferences.dylib
0x00000001ad50d000 	/System/Library/PrivateFrameworks/CommerceKit.framework/Versions/A/Frameworks/CommerceCore.framework/Versions/A/CommerceCore
0x00000001a1328000 	/System/Library/PrivateFrameworks/CoreFollowUp.framework/Versions/A/CoreFollowUp
0x000000024c6fd000 	/System/Library/PrivateFrameworks/DMCUtilities.framework/Versions/A/DMCUtilities
0x0000000260dcf000 	/System/Library/PrivateFrameworks/MDMClientLibrary.framework/Versions/A/MDMClientLibrary
0x0000000271d4e000 	/System/Library/PrivateFrameworks/RemoteManagementProtocol.framework/Versions/A/RemoteManagementProtocol
0x000000024c65f000 	/System/Library/PrivateFrameworks/DEPClientLibrary.framework/Versions/A/DEPClientLibrary
0x000000024c68c000 	/System/Library/PrivateFrameworks/DMCEnrollmentLibrary.framework/Versions/A/DMCEnrollmentLibrary
0x00000001b0c94000 	/System/Library/PrivateFrameworks/SetupAssistantFramework.framework/Versions/A/SetupAssistantFramework
0x00000001aa1db000 	/System/Library/PrivateFrameworks/AuthKitUI.framework/Versions/A/AuthKitUI
0x00000001a9b13000 	/System/Library/PrivateFrameworks/AppSSO.framework/Versions/A/AppSSO
0x00000001c11e9000 	/System/Library/PrivateFrameworks/LocalAuthenticationUI.framework/Versions/A/LocalAuthenticationUI
0x000000026f263000 	/System/Library/PrivateFrameworks/PlatformSSO.framework/Versions/A/PlatformSSO
0x000000026f351000 	/System/Library/PrivateFrameworks/PlatformSSOCore.framework/Versions/A/PlatformSSOCore
0x0000000235bc7000 	/System/Library/Frameworks/LocalAuthenticationEmbeddedUI.framework/Versions/A/LocalAuthenticationEmbeddedUI
0x00000001c1ce1000 	/System/Library/PrivateFrameworks/AOSUI.framework/Versions/A/AOSUI
0x00000001b2a0d000 	/System/Library/Frameworks/ContactsUI.framework/Versions/A/ContactsUI
0x00000001a665b000 	/System/Library/PrivateFrameworks/FamilyCircle.framework/Versions/A/FamilyCircle
0x00000001cff30000 	/System/Library/Frameworks/LinkPresentation.framework/Versions/A/LinkPresentation
0x00000001b258d000 	/System/Library/PrivateFrameworks/IASUtilities.framework/Versions/A/IASUtilities
0x000000025b7c1000 	/System/Library/PrivateFrameworks/IASUtilitiesCore.framework/Versions/A/IASUtilitiesCore
0x0000000271dc3000 	/System/Library/PrivateFrameworks/RemoteUI.framework/Versions/A/RemoteUI
0x0000000260053000 	/System/Library/PrivateFrameworks/LiftUI.framework/Versions/A/LiftUI
0x000000028a763000 	/System/Library/PrivateFrameworks/_IconServices_SwiftUI.framework/Versions/A/_IconServices_SwiftUI
0x00000002452b6000 	/System/Library/PrivateFrameworks/CloudSettings.framework/Versions/A/CloudSettings
0x00000001ac168000 	/System/Library/Frameworks/EventKit.framework/Versions/A/EventKit
0x00000001bafff000 	/System/Library/PrivateFrameworks/SearchFoundation.framework/Versions/A/SearchFoundation
0x00000001d2097000 	/System/Library/PrivateFrameworks/Email.framework/Versions/A/Email
0x00000001b9b58000 	/System/Library/PrivateFrameworks/CoreRoutine.framework/Versions/A/CoreRoutine
0x00000001f1c03000 	/System/Library/PrivateFrameworks/VoiceShortcutClient.framework/Versions/A/VoiceShortcutClient
0x00000001c9add000 	/System/Library/PrivateFrameworks/Categories.framework/Versions/A/Categories
0x00000001c1b85000 	/System/Library/PrivateFrameworks/ChronoServices.framework/Versions/A/ChronoServices
0x0000000244163000 	/System/Library/PrivateFrameworks/CalendarDatabase.framework/Versions/A/CalendarDatabase
0x00000002440a4000 	/System/Library/PrivateFrameworks/CalendarDaemon.framework/Versions/A/CalendarDaemon
0x00000001ab4af000 	/System/Library/PrivateFrameworks/CalendarFoundation.framework/Versions/A/CalendarFoundation
0x00000001ab46a000 	/System/Library/PrivateFrameworks/iCalendar.framework/Versions/A/iCalendar
0x000000024c902000 	/System/Library/PrivateFrameworks/DataAccessExpress.framework/Versions/A/DataAccessExpress
0x00000001b2b75000 	/System/Library/PrivateFrameworks/ContactsAutocomplete.framework/Versions/A/ContactsAutocomplete
0x00000001c1ad1000 	/System/Library/PrivateFrameworks/FTClientServices.framework/Versions/A/FTClientServices
0x000000027dd73000 	/System/Library/PrivateFrameworks/StorageContainersPrivate.framework/Versions/A/StorageContainersPrivate
0x00000002919ca000 	/usr/lib/swift/libswiftCoreMediaIO.dylib
0x00000001b240e000 	/System/Library/PrivateFrameworks/CoreDAV.framework/Versions/A/CoreDAV
0x00000001ac032000 	/System/Library/PrivateFrameworks/CalDAV.framework/Versions/A/CalDAV
0x00000001b70eb000 	/System/Library/PrivateFrameworks/TelephonyUtilities.framework/Versions/A/TelephonyUtilities
0x0000000235b83000 	/System/Library/Frameworks/LiveCommunicationKit.framework/Versions/A/LiveCommunicationKit
0x0000000245bdb000 	/System/Library/PrivateFrameworks/CommunicationTrust.framework/Versions/A/CommunicationTrust
0x00000001bbabf000 	/System/Library/Frameworks/CallKit.framework/Versions/A/CallKit
0x00000001a6654000 	/System/Library/PrivateFrameworks/CommunicationsFilter.framework/Versions/A/CommunicationsFilter
0x00000001e6860000 	/System/Library/PrivateFrameworks/IMTransferServices.framework/Versions/A/IMTransferServices
0x00000001b9f62000 	/System/Library/PrivateFrameworks/IncomingCallFilter.framework/Versions/A/IncomingCallFilter
0x000000026a01b000 	/System/Library/PrivateFrameworks/NeighborhoodActivityConduit.framework/Versions/A/NeighborhoodActivityConduit
0x00000001be070000 	/System/Library/PrivateFrameworks/CallHistory.framework/Versions/A/CallHistory
0x000000028ff6c000 	/usr/lib/libBASupport.dylib
0x00000002445aa000 	/System/Library/PrivateFrameworks/CallsUtilities.framework/Versions/A/CallsUtilities
0x00000002445b6000 	/System/Library/PrivateFrameworks/CallsXPC.framework/Versions/A/CallsXPC
0x00000001f2415000 	/usr/lib/swift/libswiftCallKit.dylib
0x000000024459c000 	/System/Library/PrivateFrameworks/CallsPersistence.framework/Versions/A/CallsPersistence
0x000000023979a000 	/System/Library/Frameworks/SensitiveContentAnalysis.framework/Versions/A/SensitiveContentAnalysis
0x00000001bf0ee000 	/System/Library/PrivateFrameworks/PeopleSuggester.framework/Versions/A/PeopleSuggester
0x00000001c8857000 	/System/Library/PrivateFrameworks/SpotlightReceiver.framework/Versions/A/SpotlightReceiver
0x000000028a723000 	/System/Library/PrivateFrameworks/_AppIntentsServices_AppIntents.framework/Versions/A/_AppIntentsServices_AppIntents
0x000000023f2e9000 	/System/Library/PrivateFrameworks/AppIntentsServices.framework/Versions/A/AppIntentsServices
0x00000001ab453000 	/System/Library/PrivateFrameworks/CoreRecents.framework/Versions/A/CoreRecents
0x000000023bc99000 	/System/Library/Frameworks/_GeoToolbox_AppIntents.framework/Versions/A/_GeoToolbox_AppIntents
0x00000001dbef6000 	/System/Library/PrivateFrameworks/DiagnosticRequest.framework/Versions/A/DiagnosticRequest
0x000000027198b000 	/System/Library/PrivateFrameworks/RegulatoryDomain.framework/Versions/A/RegulatoryDomain
0x00000001a56ee000 	/usr/lib/libCTGreenTeaLogger.dylib
0x0000000260d13000 	/System/Library/PrivateFrameworks/LocalStatusKit.framework/Versions/A/LocalStatusKit
0x00000001b6fd2000 	/System/Library/PrivateFrameworks/CoreParsec.framework/Versions/A/CoreParsec
0x00000001d208b000 	/System/Library/PrivateFrameworks/EmailAddressing.framework/Versions/A/EmailAddressing
0x00000001cde6b000 	/System/Library/PrivateFrameworks/EmailCore.framework/Versions/A/EmailCore
0x00000001cef5f000 	/System/Library/PrivateFrameworks/EmailFoundation.framework/Versions/A/EmailFoundation
0x000000026cb39000 	/System/Library/PrivateFrameworks/PegasusAPI.framework/Versions/A/PegasusAPI
0x000000026d8f5000 	/System/Library/PrivateFrameworks/PegasusConfiguration.framework/Versions/A/PegasusConfiguration
0x0000000281f70000 	/System/Library/PrivateFrameworks/ToolKit.framework/Versions/A/ToolKit
0x000000027217d000 	/System/Library/PrivateFrameworks/ReplicatorEngine.framework/Versions/A/ReplicatorEngine
0x0000000272338000 	/System/Library/PrivateFrameworks/ReplicatorServices.framework/Versions/A/ReplicatorServices
0x000000027ebf6000 	/System/Library/PrivateFrameworks/SystemWake.framework/Versions/A/SystemWake
0x00000001bbc96000 	/System/Library/PrivateFrameworks/ContextKit.framework/Versions/A/ContextKit
0x0000000246179000 	/System/Library/PrivateFrameworks/ContextKitCore.framework/Versions/A/ContextKitCore
0x00000001ba1f9000 	/System/Library/Frameworks/LocalAuthentication.framework/Support/DaemonUtils.framework/Versions/A/DaemonUtils
0x0000000260c75000 	/System/Library/PrivateFrameworks/LocalAuthenticationCoreUI.framework/Versions/A/LocalAuthenticationCoreUI
0x00000001bd66f000 	/System/Library/PrivateFrameworks/BridgeXPC.framework/Versions/A/BridgeXPC
0x00000001baec6000 	/System/Library/PrivateFrameworks/CoreKDL.framework/Versions/A/CoreKDL
0x00000001b94ec000 	/System/Library/PrivateFrameworks/EmbeddedOSSupportHost.framework/Versions/A/EmbeddedOSSupportHost
0x00000001ae047000 	/System/Library/PrivateFrameworks/LoginUIKit.framework/Versions/A/LoginUIKit
0x00000001c9fdd000 	/System/Library/PrivateFrameworks/StorageKit.framework/Versions/A/StorageKit
0x00000002310d6000 	/System/Library/Frameworks/DeviceCheck.framework/Versions/A/DeviceCheck
0x000000024d30a000 	/System/Library/PrivateFrameworks/DiskImages2.framework/Versions/A/DiskImages2
0x00000001ca057000 	/System/Library/PrivateFrameworks/CoreWLANKit.framework/Versions/A/CoreWLANKit
0x0000000287cdd000 	/System/Library/PrivateFrameworks/Wallpaper.framework/Versions/A/Wallpaper
0x00000002919e5000 	/usr/lib/swift/libswiftGLKit.dylib
0x00000002919f1000 	/usr/lib/swift/libswiftMetalKit.dylib
0x00000002919f3000 	/usr/lib/swift/libswiftModelIO.dylib
0x0000000291ab6000 	/usr/lib/swift/libswiftSceneKit.dylib
0x00000001d3013000 	/System/Library/PrivateFrameworks/DynamicDesktop.framework/Versions/A/DynamicDesktop
0x0000000287e70000 	/System/Library/PrivateFrameworks/WallpaperFoundation.framework/Versions/A/WallpaperFoundation
0x0000000287ecf000 	/System/Library/PrivateFrameworks/WallpaperTypes.framework/Versions/A/WallpaperTypes
0x00000001e8656000 	/System/Library/PrivateFrameworks/SystemDesktopAppearance.framework/Versions/A/SystemDesktopAppearance
0x000000028d834000 	/System/Library/PrivateFrameworks/icloudMCCKit.framework/Versions/A/icloudMCCKit
0x0000000240635000 	/System/Library/PrivateFrameworks/AppleAccountUI.framework/Versions/A/AppleAccountUI
0x00000001dc51c000 	/System/Library/PrivateFrameworks/PreferencePanesSupport.framework/Versions/A/PreferencePanesSupport
0x00000001c1e8f000 	/System/Library/PrivateFrameworks/FindMyDeviceUI.framework/Versions/A/FindMyDeviceUI
0x000000028b40b000 	/System/Library/PrivateFrameworks/iCloudQuotaUI.framework/Versions/A/iCloudQuotaUI
0x00000001dc6cd000 	/System/Library/PrivateFrameworks/CoreCDPUI.framework/Versions/A/CoreCDPUI
0x00000001bb9ef000 	/System/Library/PrivateFrameworks/CoreFollowUpUI.framework/Versions/A/CoreFollowUpUI
0x00000001c8adb000 	/System/Library/PrivateFrameworks/IMCore.framework/Versions/A/IMCore
0x00000001b0c14000 	/System/Library/PrivateFrameworks/CoreCDP.framework/Versions/A/CoreCDP
0x00000001aca06000 	/System/Library/PrivateFrameworks/AskPermission.framework/Versions/A/AskPermission
0x00000001bf80e000 	/System/Library/Frameworks/Quartz.framework/Versions/A/Quartz
0x00000001cc541000 	/System/Library/PrivateFrameworks/CloudPhotoServicesConfiguration.framework/Versions/A/CloudPhotoServicesConfiguration
0x00000001bde90000 	/System/Library/PrivateFrameworks/CommerceKit.framework/Versions/A/CommerceKit
0x00000001cdf3d000 	/System/Library/PrivateFrameworks/FindMyMac.framework/Versions/A/FindMyMac
0x00000001cde0d000 	/System/Library/Frameworks/PreferencePanes.framework/Versions/A/PreferencePanes
0x00000001c12d7000 	/System/Library/Frameworks/AddressBook.framework/Versions/A/AddressBook
0x00000001ab899000 	/System/Library/PrivateFrameworks/AOSAccounts.framework/Versions/A/AOSAccounts
0x00000001a59f6000 	/System/Library/PrivateFrameworks/AppleSRP.framework/Versions/A/AppleSRP
0x00000001aa3c6000 	/System/Library/PrivateFrameworks/NetFSServer.framework/Versions/A/NetFSServer
0x00000001bcbfb000 	/System/Library/Frameworks/PDFKit.framework/Versions/A/PDFKit
0x0000000291a09000 	/usr/lib/swift/libswiftPassKit.dylib
0x00000001e07a1000 	/System/Library/Frameworks/PassKit.framework/Versions/A/PassKit
0x00000001ae156000 	/System/Library/PrivateFrameworks/PassKitCore.framework/Versions/A/PassKitCore
0x000000026c452000 	/System/Library/PrivateFrameworks/PassKitMacHelperTemp.framework/Versions/A/PassKitMacHelperTemp
0x000000028fec7000 	/usr/lib/libAppleSSE.dylib
0x00000001ba241000 	/System/Library/PrivateFrameworks/BiometricKit.framework/Versions/A/BiometricKit
0x0000000272996000 	/System/Library/PrivateFrameworks/SEService.framework/Versions/A/SEService
0x00000002349dd000 	/System/Library/Frameworks/FinanceKit.framework/Versions/A/FinanceKit
0x00000001bf8ba000 	/System/Library/PrivateFrameworks/NearField.framework/Versions/A/NearField
0x000000027290d000 	/System/Library/PrivateFrameworks/SESShared.framework/Versions/A/SESShared
0x0000000272bff000 	/System/Library/PrivateFrameworks/STSXPCHelperClient.framework/Versions/A/STSXPCHelperClient
0x00000001c16f1000 	/usr/lib/libnfshared.dylib
0x000000027e976000 	/System/Library/PrivateFrameworks/Symptoms.framework/Versions/A/Frameworks/SymptomPresentationFeed.framework/Versions/A/SymptomPresentationFeed
0x000000024110d000 	/System/Library/PrivateFrameworks/AppleMediaServicesKitInternal.framework/Versions/A/AppleMediaServicesKitInternal
0x000000027e6b1000 	/System/Library/PrivateFrameworks/SymptomShared.framework/Versions/A/SymptomShared
0x00000001e36e4000 	/System/Library/PrivateFrameworks/PassKitUIFoundation.framework/Versions/A/PassKitUIFoundation
0x00000001a5319000 	/System/Library/Frameworks/MapKit.framework/Versions/A/MapKit
0x00000002584dd000 	/System/Library/PrivateFrameworks/GeoAnalytics.framework/Versions/A/GeoAnalytics
0x00000001c171f000 	/System/Library/PrivateFrameworks/Navigation.framework/Versions/A/Navigation
0x00000001cb5c2000 	/System/Library/PrivateFrameworks/VectorKit.framework/Versions/A/VectorKit
0x00000001b2656000 	/System/Library/PrivateFrameworks/VirtualGarage.framework/Versions/A/VirtualGarage
0x00000001c191c000 	/System/Library/Frameworks/ExternalAccessory.framework/ExternalAccessory
0x00000001c1937000 	/System/Library/PrivateFrameworks/IAP.framework/Versions/A/IAP
0x00000001a55db000 	/System/Library/PrivateFrameworks/IOPlatformPluginFamily.framework/Versions/A/IOPlatformPluginFamily
0x00000002424cd000 	/System/Library/PrivateFrameworks/AvatarKit.framework/Versions/A/AvatarKit
0x000000024258c000 	/System/Library/PrivateFrameworks/AvatarPersistence.framework/Versions/A/AvatarPersistence
0x000000023b107000 	/System/Library/Frameworks/TipKit.framework/Versions/A/TipKit
0x00000001adc0d000 	/System/Library/PrivateFrameworks/IMSharedUtilities.framework/Versions/A/IMSharedUtilities
0x00000002919aa000 	/usr/lib/swift/libswiftAppleArchive.dylib
0x0000000284901000 	/System/Library/PrivateFrameworks/VFX.framework/Versions/A/VFX
0x00000001de347000 	/System/Library/PrivateFrameworks/AppleCVA.framework/Versions/A/AppleCVA
0x000000024258b000 	/System/Library/PrivateFrameworks/AvatarKitContent.framework/Versions/A/AvatarKitContent
0x0000000236930000 	/System/Library/Frameworks/MetalFX.framework/Versions/A/MetalFX
0x0000000245cf2000 	/System/Library/PrivateFrameworks/CompositorNonUI.framework/Versions/A/CompositorNonUI
0x0000000232c4c000 	/System/Library/Frameworks/ARKit.framework/Versions/A/ARKit
0x000000023d934000 	/System/Library/PrivateFrameworks/ARKitCore.framework/Versions/A/ARKitCore
0x000000028ffb8000 	/usr/lib/libDisplayWarpSupport.dylib
0x0000000247fc4000 	/System/Library/PrivateFrameworks/CoreComposite.framework/Versions/A/CoreComposite
0x0000000290987000 	/usr/lib/libchannel.dylib
0x0000000291603000 	/usr/lib/librealtime_safety.dylib
0x000000023d9c0000 	/System/Library/PrivateFrameworks/ARKitFoundation.framework/Versions/A/ARKitFoundation
0x00000002406d1000 	/System/Library/PrivateFrameworks/AppleDepth.framework/Versions/A/AppleDepth
0x000000024084e000 	/System/Library/PrivateFrameworks/AppleDepthCore.framework/Versions/A/AppleDepthCore
0x00000001a5716000 	/System/Library/PrivateFrameworks/CoreAppleCVA.framework/Versions/A/CoreAppleCVA
0x00000001b278c000 	/System/Library/PrivateFrameworks/ContactsUICore.framework/Versions/A/ContactsUICore
0x00000001ba06d000 	/System/Library/PrivateFrameworks/ContactsDonation.framework/Versions/A/ContactsDonation
0x00000001b9929000 	/System/Library/PrivateFrameworks/DataDetectors.framework/Versions/A/DataDetectors
0x00000001ac01e000 	/System/Library/Frameworks/MediaLibrary.framework/Versions/A/MediaLibrary
0x00000001a6643000 	/System/Library/PrivateFrameworks/PersonaKit.framework/Versions/A/PersonaKit
0x00000001b2779000 	/System/Library/PrivateFrameworks/PersonaUI.framework/Versions/A/PersonaUI
0x00000001cd823000 	/System/Library/PrivateFrameworks/Transparency.framework/Versions/A/Transparency
0x000000024ee69000 	/System/Library/PrivateFrameworks/FindMyLocate.framework/Versions/A/FindMyLocate
0x00000001bb96c000 	/System/Library/PrivateFrameworks/IntlPreferences.framework/Versions/A/IntlPreferences
0x000000024c022000 	/System/Library/PrivateFrameworks/CoreTransparency.framework/Versions/A/CoreTransparency
0x000000024ed3d000 	/System/Library/PrivateFrameworks/FindMyCommon.framework/Versions/A/FindMyCommon
0x000000024eb10000 	/System/Library/PrivateFrameworks/FindMyBase.framework/Versions/A/FindMyBase
0x00000002383c5000 	/System/Library/Frameworks/NearbyInteraction.framework/Versions/A/NearbyInteraction
0x00000001a6232000 	/System/Library/PrivateFrameworks/AddressBookCore.framework/Versions/A/AddressBookCore
0x00000001c1474000 	/System/Library/PrivateFrameworks/ToneKit.framework/Versions/A/ToneKit
0x00000001bb9b3000 	/System/Library/PrivateFrameworks/ToneLibrary.framework/Versions/A/ToneLibrary
0x0000000245ffb000 	/System/Library/PrivateFrameworks/ContactsAccounts.framework/Versions/A/ContactsAccounts
0x00000001bf725000 	/System/Library/PrivateFrameworks/Lookup.framework/Versions/A/Lookup
0x0000000238ce6000 	/System/Library/Frameworks/QuickLookUI.framework/Versions/A/QuickLookUI
0x0000000239713000 	/System/Library/Frameworks/ScreenCaptureKit.framework/Versions/A/ScreenCaptureKit
0x00000001bc71a000 	/System/Library/Frameworks/Quartz.framework/Versions/A/Frameworks/QuartzComposer.framework/Versions/A/QuartzComposer
0x00000001bb943000 	/System/Library/Frameworks/Quartz.framework/Versions/A/Frameworks/QuartzFilters.framework/Versions/A/QuartzFilters
0x00000001ba9ca000 	/System/Library/Frameworks/Quartz.framework/Versions/A/Frameworks/ImageKit.framework/Versions/A/ImageKit
0x0000000232a4d000 	/System/Library/Frameworks/OpenCL.framework/Versions/A/OpenCL
0x00000001b8ec6000 	/System/Library/PrivateFrameworks/CorePDF.framework/Versions/A/CorePDF
0x00000001a326a000 	/System/Library/Frameworks/QuickLook.framework/Versions/A/QuickLook
0x00000001ae042000 	/System/Library/PrivateFrameworks/DisplayServices.framework/Versions/A/DisplayServices
0x00000001bb8c7000 	/System/Library/Frameworks/ImageCaptureCore.framework/Versions/A/ImageCaptureCore
0x000000028681f000 	/System/Library/PrivateFrameworks/VisionKitCore.framework/Versions/A/VisionKitCore
0x00000001b6fa2000 	/System/Library/PrivateFrameworks/QuickLookSupport.framework/Versions/A/QuickLookSupport
0x00000002655df000 	/System/Library/PrivateFrameworks/MediaAnalysisServices.framework/Versions/A/MediaAnalysisServices
0x00000001be6ae000 	/System/Library/PrivateFrameworks/PhotoLibraryServices.framework/Versions/A/PhotoLibraryServices
0x00000001bb4d8000 	/System/Library/Frameworks/Photos.framework/Versions/A/Photos
0x00000001d0330000 	/System/Library/PrivateFrameworks/PhotosFormats.framework/Versions/A/PhotosFormats
0x000000028595a000 	/System/Library/PrivateFrameworks/VectorSearch.framework/Versions/A/VectorSearch
0x00000001cc56d000 	/System/Library/PrivateFrameworks/CloudPhotoLibrary.framework/Versions/A/CloudPhotoLibrary
0x00000001d5dca000 	/System/Library/PrivateFrameworks/CloudPhotoServices.framework/Versions/A/CloudPhotoServices
0x00000001d220e000 	/System/Library/PrivateFrameworks/CoreMediaStream.framework/Versions/A/CoreMediaStream
0x00000001a6d12000 	/System/Library/PrivateFrameworks/CPAnalytics.framework/Versions/A/CPAnalytics
0x00000001ce599000 	/System/Library/PrivateFrameworks/MediaConversionService.framework/Versions/A/MediaConversionService
0x00000001adbf9000 	/System/Library/PrivateFrameworks/PhotoFoundation.framework/Versions/A/PhotoFoundation
0x000000026df21000 	/System/Library/PrivateFrameworks/PhotoLibraryServicesCore.framework/Versions/A/PhotoLibraryServicesCore
0x00000001c81c2000 	/System/Library/PrivateFrameworks/MMCS.framework/Versions/A/MMCS
0x00000001abe79000 	/System/Library/PrivateFrameworks/ChunkingLibrary.framework/Versions/A/ChunkingLibrary
0x00000001a59c3000 	/System/Library/PrivateFrameworks/AssetCacheServices.framework/Versions/A/AssetCacheServices
0x00000001a79be000 	/System/Library/PrivateFrameworks/AVFoundationCF.framework/Versions/A/AVFoundationCF
0x00000001e6757000 	/usr/lib/swift/libswiftDemangle.dylib
0x000000025b9b0000 	/System/Library/PrivateFrameworks/ImageCaptureDevices.framework/Versions/A/ImageCaptureDevices
0x00000001b9bee000 	/System/Library/PrivateFrameworks/MediaStream.framework/Versions/A/MediaStream
0x00000001cea87000 	/System/Library/PrivateFrameworks/NeutrinoCore.framework/Versions/A/NeutrinoCore
0x0000000194bf4000 	/System/Library/PrivateFrameworks/NLP.framework/Versions/A/NLP
0x00000001d4b1f000 	/System/Library/PrivateFrameworks/PhotoImaging.framework/Versions/A/PhotoImaging
0x00000001d5d8b000 	/System/Library/PrivateFrameworks/PhotosImagingFoundation.framework/Versions/A/PhotosImagingFoundation
0x000000026eace000 	/System/Library/PrivateFrameworks/PhotosIntelligenceCore.framework/Versions/A/PhotosIntelligenceCore
0x00000001a7e56000 	/System/Library/PrivateFrameworks/EmbeddedAcousticRecognition.framework/Versions/A/EmbeddedAcousticRecognition
0x00000001c36a7000 	/System/Library/PrivateFrameworks/EmojiFoundation.framework/Versions/A/EmojiFoundation
0x00000001cc7e7000 	/System/Library/PrivateFrameworks/SDAPI.framework/Versions/A/SDAPI
0x000000025f71a000 	/System/Library/PrivateFrameworks/IsolatedContextLogging.framework/Versions/A/IsolatedContextLogging
0x00000001d5dd9000 	/System/Library/PrivateFrameworks/AutoLoop.framework/Versions/A/AutoLoop
0x000000026f6f4000 	/System/Library/PrivateFrameworks/Portrait.framework/Versions/A/Portrait
0x000000024f58e000 	/System/Library/PrivateFrameworks/FusionTracker.framework/Versions/A/FusionTracker
0x00000001bc19d000 	/System/Library/PrivateFrameworks/iTunesCloud.framework/Versions/A/iTunesCloud
0x00000001c55d0000 	/System/Library/PrivateFrameworks/DAAPKit.framework/Versions/A/DAAPKit
0x00000001b733c000 	/System/Library/PrivateFrameworks/DeviceManagement.framework/Versions/A/DeviceManagement
0x00000001dbe48000 	/System/Library/PrivateFrameworks/ScreenTimeUI.framework/Versions/A/ScreenTimeUI
0x00000001b9923000 	/System/Library/PrivateFrameworks/QuickLookNonBaseSystem.framework/Versions/A/QuickLookNonBaseSystem
0x00000001ba144000 	/System/Library/PrivateFrameworks/Catalyst.framework/Versions/A/Catalyst
0x00000001bbb67000 	/System/Library/PrivateFrameworks/ScreenTimeCore.framework/Versions/A/ScreenTimeCore
0x00000001cf78d000 	/System/Library/PrivateFrameworks/ScreenTimeServiceUI.framework/Versions/A/ScreenTimeServiceUI
0x00000001c8354000 	/System/Library/PrivateFrameworks/ConfigurationEngineModel.framework/Versions/A/ConfigurationEngineModel
0x00000001cb57c000 	/System/Library/PrivateFrameworks/UsageTracking.framework/Versions/A/UsageTracking
0x000000023462a000 	/System/Library/Frameworks/DeviceActivity.framework/Versions/A/DeviceActivity
0x00000001cb54b000 	/System/Library/PrivateFrameworks/KnowledgeMonitor.framework/Versions/A/KnowledgeMonitor
0x00000001e368a000 	/System/Library/PrivateFrameworks/BluetoothManager.framework/Versions/A/BluetoothManager
0x0000000235cba000 	/System/Library/Frameworks/ManagedSettings.framework/Versions/A/ManagedSettings
0x0000000264d2f000 	/System/Library/PrivateFrameworks/ManagedSettingsSupport.framework/Versions/A/ManagedSettingsSupport
0x00000001e0872000 	/System/Library/Frameworks/ReplayKit.framework/Versions/A/ReplayKit
0x00000001af05f000 	/System/Library/PrivateFrameworks/MarkupUI.framework/Versions/A/MarkupUI
0x00000001b98fa000 	/System/Library/PrivateFrameworks/SidecarCore.framework/Versions/A/SidecarCore
0x00000001bc5ce000 	/System/Library/PrivateFrameworks/AnnotationKit.framework/Versions/A/AnnotationKit
0x00000001babfd000 	/System/Library/Frameworks/PencilKit.framework/Versions/A/PencilKit
0x00000001badc1000 	/System/Library/PrivateFrameworks/SidecarUI.framework/Versions/A/SidecarUI
0x00000001ba568000 	/System/Library/PrivateFrameworks/CoreHandwriting.framework/Versions/A/CoreHandwriting
0x000000018e7de000 	/usr/lib/libmecabra.dylib
0x00000001b2d87000 	/System/Library/PrivateFrameworks/Calculate.framework/Versions/A/Calculate
0x000000019e645000 	/usr/lib/libChineseTokenizer.dylib
0x00000001f21cf000 	/System/Library/PrivateFrameworks/ScreenReaderCore.framework/Versions/A/ScreenReaderCore
0x000000027dd05000 	/System/Library/PrivateFrameworks/StocksKit.framework/Versions/A/StocksKit
0x00000001b1d2e000 	/System/Library/PrivateFrameworks/OAuth.framework/Versions/A/OAuth
0x000000027d9fb000 	/System/Library/PrivateFrameworks/StocksCore.framework/Versions/A/StocksCore
0x000000027ef0c000 	/System/Library/PrivateFrameworks/TeaFoundation.framework/Versions/A/TeaFoundation
0x000000027f0f3000 	/System/Library/PrivateFrameworks/TeaSettings.framework/Versions/A/TeaSettings
0x00000001e7e73000 	/System/Library/PrivateFrameworks/NewsCore.framework/Versions/A/NewsCore
0x000000027eea9000 	/System/Library/PrivateFrameworks/TeaDB.framework/Versions/A/TeaDB
0x00000001e4802000 	/System/Library/PrivateFrameworks/RemoteConfiguration.framework/Versions/A/RemoteConfiguration
0x00000001e7a5a000 	/System/Library/PrivateFrameworks/NewsTransport.framework/Versions/A/NewsTransport
0x00000001e7e63000 	/System/Library/PrivateFrameworks/NewsFoundation.framework/Versions/A/NewsFoundation
0x000000026a622000 	/System/Library/PrivateFrameworks/NewsURLBucket.framework/Versions/A/NewsURLBucket
0x00000001be2ad000 	/System/Library/PrivateFrameworks/MobileInstallation.framework/Versions/A/MobileInstallation
0x000000023b270000 	/System/Library/Frameworks/Translation.framework/Versions/A/Translation
0x00000001d77b4000 	/System/Library/PrivateFrameworks/RevealCore.framework/Versions/A/RevealCore
0x00000001d77a8000 	/System/Library/PrivateFrameworks/Reveal.framework/Versions/A/Reveal
0x00000001cf438000 	/System/Library/Frameworks/Speech.framework/Versions/A/Speech
0x000000023c763000 	/System/Library/PrivateFrameworks/AIMLExperimentationAnalytics.framework/Versions/A/AIMLExperimentationAnalytics
0x000000023ec09000 	/System/Library/PrivateFrameworks/AlgorithmsInternal.framework/Versions/A/AlgorithmsInternal
0x0000000282875000 	/System/Library/PrivateFrameworks/TranslationUIServices.framework/Versions/A/TranslationUIServices
0x00000002815c7000 	/System/Library/PrivateFrameworks/TipKitCore.framework/Versions/A/TipKitCore
0x00000001c372c000 	/System/Library/PrivateFrameworks/CoreCDPInternal.framework/Versions/A/CoreCDPInternal
0x000000025c18a000 	/System/Library/PrivateFrameworks/InputAnalytics.framework/Versions/A/InputAnalytics
0x00000001c93d5000 	/System/Library/Frameworks/InstantMessage.framework/Versions/A/InstantMessage
0x00000001c11e2000 	/System/Library/PrivateFrameworks/IDSKVStore.framework/Versions/A/IDSKVStore
0x00000001c0e85000 	/System/Library/PrivateFrameworks/IMDPersistence.framework/Versions/A/IMDPersistence
0x00000002847fb000 	/System/Library/PrivateFrameworks/UserSafety.framework/Versions/A/UserSafety
0x00000001e2714000 	/System/Library/PrivateFrameworks/BlastDoor.framework/Versions/A/BlastDoor
0x0000000260881000 	/System/Library/PrivateFrameworks/LinkPresentationStyleSheetParsing.framework/Versions/A/LinkPresentationStyleSheetParsing
0x000000026f8b5000 	/System/Library/PrivateFrameworks/PosterFoundation.framework/Versions/A/PosterFoundation
0x000000026f943000 	/System/Library/PrivateFrameworks/PosterModel.framework/Versions/A/PosterModel
0x000000026f91d000 	/System/Library/PrivateFrameworks/PosterFuturesKit.framework/Versions/A/PosterFuturesKit
0x000000024e8e8000 	/System/Library/PrivateFrameworks/FeedbackService.framework/Versions/A/FeedbackService
0x00000001b9fc1000 	/System/Library/PrivateFrameworks/CoreSDB.framework/Versions/A/CoreSDB
0x0000000241c4c000 	/System/Library/PrivateFrameworks/AskToCore.framework/Versions/A/AskToCore
0x00000001dc6ca000 	/System/Library/PrivateFrameworks/MachineSettings.framework/Versions/A/MachineSettings
0x00000001cdd86000 	/System/Library/PrivateFrameworks/BezelServices.framework/Versions/A/BezelServices
0x00000001c565b000 	/System/Library/PrivateFrameworks/SPOwner.framework/Versions/A/SPOwner
0x00000001bdef5000 	/System/Library/PrivateFrameworks/FMCore.framework/Versions/A/FMCore
0x000000028b35d000 	/System/Library/PrivateFrameworks/iCloudQuota.framework/Versions/A/iCloudQuota
0x00000001b26f2000 	/System/Library/PrivateFrameworks/CoreRecognition.framework/Versions/A/CoreRecognition
0x00000001cde46000 	/System/Library/PrivateFrameworks/InAppMessages.framework/Versions/A/InAppMessages
0x00000001f0d82000 	/System/Library/PrivateFrameworks/JetUI.framework/Versions/A/JetUI
0x000000025fa79000 	/System/Library/PrivateFrameworks/JetPack.framework/Versions/A/JetPack
0x00000001cde3d000 	/System/Library/PrivateFrameworks/InAppMessagesCore.framework/Versions/A/InAppMessagesCore
0x000000028a773000 	/System/Library/PrivateFrameworks/_JetEngine_SwiftUI.framework/Versions/A/_JetEngine_SwiftUI
0x000000027e99f000 	/System/Library/PrivateFrameworks/Synapse.framework/Versions/A/Synapse
0x0000000243ef2000 	/System/Library/PrivateFrameworks/CSExattrCrypto.framework/Versions/A/CSExattrCrypto
0x00000001bf41c000 	/System/Library/PrivateFrameworks/StoreFoundation.framework/Versions/A/StoreFoundation
0x00000001bdeef000 	/System/Library/PrivateFrameworks/ServerInformation.framework/Versions/A/ServerInformation
0x00000001bd905000 	/System/Library/PrivateFrameworks/Install.framework/Frameworks/DistributionKit.framework/Versions/A/DistributionKit
0x00000001b6d76000 	/System/Library/PrivateFrameworks/PackageKit.framework/Versions/A/PackageKit
0x00000001bd928000 	/System/Library/PrivateFrameworks/OSPersonalization.framework/Versions/A/OSPersonalization
0x00000001bf982000 	/System/Library/PrivateFrameworks/BridgeOSSoftwareUpdate.framework/Versions/A/BridgeOSSoftwareUpdate
0x00000001ba467000 	/System/Library/PrivateFrameworks/StorageManagement.framework/Versions/A/StorageManagement
0x00000001cf2b8000 	/usr/lib/libauthinstall.dylib
0x00000001bf98b000 	/System/Library/PrivateFrameworks/InstallerDiagnostics.framework/Versions/A/InstallerDiagnostics
0x00000001cf974000 	/usr/lib/libcrypto.42.dylib
0x0000000291ee6000 	/usr/lib/updaters/libAppleTconUARPUpdater.dylib
0x000000029207b000 	/usr/lib/updaters/libT200Updater.dylib
0x00000001bf970000 	/System/Library/PrivateFrameworks/GPUInfo.framework/Versions/A/GPUInfo
0x00000001cdf43000 	/System/Library/PrivateFrameworks/MobileActivationMacOS.framework/Versions/A/MobileActivationMacOS
0x00000001b1c73000 	/System/Library/PrivateFrameworks/AccountsDaemon.framework/Versions/A/AccountsDaemon
0x00000001bf9ce000 	/System/Library/PrivateFrameworks/AOSKit.framework/Versions/A/AOSKit
0x000000019e774000 	/System/Library/PrivateFrameworks/AppSSOCore.framework/Versions/A/AppSSOCore
0x0000000242698000 	/System/Library/PrivateFrameworks/BackgroundSystemTasks.framework/Versions/A/BackgroundSystemTasks
0x00000001aa400000 	/System/Library/PrivateFrameworks/DuetActivityScheduler.framework/Versions/A/DuetActivityScheduler
0x00000001cc498000 	/System/Library/PrivateFrameworks/NetworkServiceProxy.framework/Versions/A/NetworkServiceProxy
0x00000001a564f000 	/usr/lib/libnetworkextension.dylib
0x000000027e6c1000 	/System/Library/PrivateFrameworks/Symptoms.framework/Versions/A/Frameworks/SymptomAnalytics.framework/Versions/A/SymptomAnalytics
0x00000001a2187000 	/System/Library/Frameworks/NetworkExtension.framework/Versions/A/NetworkExtension
0x00000001a8b1c000 	/System/Library/PrivateFrameworks/CoreDuetContext.framework/Versions/A/CoreDuetContext
0x0000000193248000 	/System/Library/PrivateFrameworks/CoreDuet.framework/Versions/A/CoreDuet
0x00000001ad933000 	/System/Library/PrivateFrameworks/AssistantServices.framework/Versions/A/AssistantServices
0x00000001a7b01000 	/System/Library/PrivateFrameworks/SAObjects.framework/Versions/A/SAObjects
0x00000001ad51a000 	/System/Library/PrivateFrameworks/MediaRemote.framework/Versions/A/MediaRemote
0x000000027b22f000 	/System/Library/PrivateFrameworks/SiriTTSService.framework/Versions/A/SiriTTSService
0x000000027592b000 	/System/Library/PrivateFrameworks/SiriCrossDeviceArbitration.framework/Versions/A/SiriCrossDeviceArbitration
0x000000024e472000 	/System/Library/PrivateFrameworks/FaceTimeNameUtility.framework/Versions/A/FaceTimeNameUtility
0x000000027597f000 	/System/Library/PrivateFrameworks/SiriCrossDeviceArbitrationFeedback.framework/Versions/A/SiriCrossDeviceArbitrationFeedback
0x00000001ce7cb000 	/System/Library/PrivateFrameworks/UIKitServices.framework/Versions/A/UIKitServices
0x00000001b2502000 	/System/Library/PrivateFrameworks/MediaServices.framework/Versions/A/MediaServices
0x000000019ebbd000 	/System/Library/PrivateFrameworks/PersistentConnection.framework/Versions/A/PersistentConnection
0x000000027cb12000 	/System/Library/PrivateFrameworks/SonicFoundation.framework/Versions/A/SonicFoundation
0x00000001c1ee2000 	/usr/lib/libtailspin.dylib
0x00000001d5eeb000 	/System/Library/PrivateFrameworks/Osprey.framework/Versions/A/Osprey
0x000000027a8af000 	/System/Library/PrivateFrameworks/SiriTTS.framework/Versions/A/SiriTTS
0x000000027946f000 	/System/Library/PrivateFrameworks/SiriPowerInstrumentation.framework/Versions/A/SiriPowerInstrumentation
0x000000027eea7000 	/System/Library/PrivateFrameworks/TailspinSymbolication.framework/Versions/A/TailspinSymbolication
0x000000024c7c8000 	/System/Library/PrivateFrameworks/Darwinup.framework/Versions/A/Darwinup
0x00000001ce5d4000 	/System/Library/PrivateFrameworks/SignpostSupport.framework/Versions/A/SignpostSupport
0x00000001b9f4e000 	/System/Library/PrivateFrameworks/FeatureFlagsSupport.framework/Versions/A/FeatureFlagsSupport
0x00000001cdc94000 	/System/Library/PrivateFrameworks/ktrace.framework/Versions/A/ktrace
0x00000001ce803000 	/System/Library/PrivateFrameworks/SampleAnalysis.framework/Versions/A/SampleAnalysis
0x00000001d7782000 	/System/Library/PrivateFrameworks/kperfdata.framework/Versions/A/kperfdata
0x00000001a33a8000 	/usr/lib/libdscsym.dylib
0x00000001d7c57000 	/System/Library/PrivateFrameworks/BulkSymbolication.framework/Versions/A/BulkSymbolication
0x00000001ab54e000 	/System/Library/PrivateFrameworks/CoreDuetDaemonProtocol.framework/Versions/A/CoreDuetDaemonProtocol
0x00000001bf29d000 	/System/Library/PrivateFrameworks/CaptiveNetwork.framework/Versions/A/CaptiveNetwork
0x00000001a9947000 	/System/Library/PrivateFrameworks/EAP8021X.framework/Versions/A/EAP8021X
0x000000024c58e000 	/System/Library/PrivateFrameworks/CryptoKitPrivate.framework/Versions/A/CryptoKitPrivate
0x00000001b951c000 	/System/Library/PrivateFrameworks/FindMyDevice.framework/Versions/A/FindMyDevice
0x00000001ae135000 	/System/Library/PrivateFrameworks/FMCoreLite.framework/Versions/A/FMCoreLite
0x000000019c26c000 	/System/Library/Frameworks/ServiceManagement.framework/Versions/A/ServiceManagement
0x000000013c234000 	/System/Library/Extensions/AGXMetal13_3.bundle/Contents/MacOS/AGXMetal13_3
0x00000001b239c000 	/System/Library/PrivateFrameworks/IOGPU.framework/Versions/A/IOGPU
0x0000000124fcc000 	/Library/Java/JavaVirtualMachines/zulu-21.jdk/Contents/Home/lib/libosxui.dylib
0x000000013b6f0000 	/Library/Java/JavaVirtualMachines/zulu-21.jdk/Contents/Home/lib/libjawt.dylib
0x000000013b728000 	/Users/leandroferreira/Library/Caches/JNA/temp/jna7827931608091302714.tmp
0x000000013bce8000 	/private/var/folders/83/l12z_8fx0g9d9z9yfnwqlnqm0000gn/T/sqlite-3.51.3.0-e8e9e912-482c-4aaf-8dab-ac3833617a43-libsqlitejdbc.dylib
0x000000027f6c1000 	/System/Library/PrivateFrameworks/TextInputUI.framework/Versions/A/TextInputUI
0x000000027f6f7000 	/System/Library/PrivateFrameworks/TextInputUIMacHelper.framework/Versions/A/TextInputUIMacHelper
0x00000001c4420000 	/System/Library/PrivateFrameworks/SafariPlatformSupport.framework/Versions/A/SafariPlatformSupport
0x000000013bcbc000 	/Library/Java/JavaVirtualMachines/zulu-21.jdk/Contents/Home/lib/libextnet.dylib
0x000000023dc10000 	/System/Library/PrivateFrameworks/AccessibilityBundles.framework/Versions/A/AccessibilityBundles
0x000000013fe78000 	/private/var/folders/83/l12z_8fx0g9d9z9yfnwqlnqm0000gn/T/writeopia-llama/libllama.dylib
0x000000013fd68000 	/Users/leandroferreira/WriteopiaProject/Writeopia/build/llama-cpp/llama.cpp/build/ggml/src/libggml.dylib
0x000000013ff98000 	/Users/leandroferreira/WriteopiaProject/Writeopia/build/llama-cpp/llama.cpp/build/ggml/src/ggml-cpu/libggml-cpu.dylib
0x000000013fd8c000 	/Users/leandroferreira/WriteopiaProject/Writeopia/build/llama-cpp/llama.cpp/build/ggml/src/ggml-blas/libggml-blas.dylib
0x0000000140038000 	/Users/leandroferreira/WriteopiaProject/Writeopia/build/llama-cpp/llama.cpp/build/ggml/src/ggml-metal/libggml-metal.dylib
0x00000001400b4000 	/Users/leandroferreira/WriteopiaProject/Writeopia/build/llama-cpp/llama.cpp/build/ggml/src/libggml-base.dylib

JVMTI agents: none


VM Arguments:
jvm_args: -Dapple.awt.application.appearance=system -Dcompose.application.configure.swing.globals=true -Dcompose.application.resources.dir=/Users/leandroferreira/WriteopiaProject/Writeopia/application/composeApp/build/compose/tmp/prepareAppResources -Dfile.encoding=UTF-8 -Duser.country=NL -Duser.language=en -Duser.variant 
java_command: io.writeopia.desktop.MainDesktopKt
java_class_path (initial): /Users/leandroferreira/WriteopiaProject/Writeopia/application/composeApp/build/libs/composeApp-jvm.jar:/Users/leandroferreira/WriteopiaProject/Writeopia/application/common_flows/wide_screen_common/build/libs/wide_screen_common-jvm.jar:/Users/leandroferreira/WriteopiaProject/Writeopia/application/features/auth/build/libs/auth-jvm.jar:/Users/leandroferreira/WriteopiaProject/Writeopia/application/core/navigation/build/libs/navigation-jvm.jar:/Users/leandroferreira/WriteopiaProject/Writeopia/application/features/documents_graph/build/libs/documents_graph-jvm.jar:/Users/leandroferreira/WriteopiaProject/Writeopia/application/features/search/build/libs/search-jvm.jar:/Users/leandroferreira/WriteopiaProject/Writeopia/application/features/global_shell/build/libs/global_shell-jvm.jar:/Users/leandroferreira/WriteopiaProject/Writeopia/application/features/note_menu/build/libs/note_menu-jvm.jar:/Users/leandroferreira/WriteopiaProject/Writeopia/application/features/editor/build/libs/editor-jvm.jar:/Users/leandroferreira/WriteopiaProject/Writeopia/application/features/onboarding/build/libs/onboarding-jvm.jar:/Users/leandroferreira/WriteopiaProject/Writeopia/application/features/account/build/libs/account-jvm.jar:/Users/leandroferreira/WriteopiaProject/Writeopia/application/core/documents/build/libs/documents-jvm.jar:/Users/leandroferreira/WriteopiaProject/Writeopia/application/features/drawing/build/libs/drawing-jvm.jar:/Users/leandroferreira/WriteopiaProject/Writeopia/application/core/common_ui/build/libs/common_ui-jvm.jar:/Users/leandroferreira/WriteopiaProject/Writeopia/application/features/notifications/build/libs/notifications-jvm.jar:/Users/leandroferreira/WriteopiaProject/Writeopia/application/core/ollama/build/libs/ollama-jvm.jar:/Users/leandroferreira/WriteopiaProject/Writeopia/writeopia_ui/build/libs/writeopia_ui-jvm.jar:/Users/leandroferreira/WriteopiaProject/Writeopia/application/core/auth_core/build/libs/auth_core-jvm.jar:/Users/leandroferreira/WriteopiaProject/Writeopia/application/core/configuration/build/libs/configuration-jvm.jar:/Users/leandroferreira/WriteopiaProject/Writeopia/application/core/persistence_bridge/build/libs/persistence_bridge-jvm.jar:/Users/leandroferreira/WriteopiaProject/Writeopia/application/core/theme/build/libs/theme-jvm.jar:/Users/leandroferreira/WriteopiaProject/Writeopia/application/core/localai/build/libs/localai-jvm.jar:/Users/leandroferreira/WriteopiaProject/Writeopia/application/core/persistence_sqldelight/build/libs/persistence_sqldelight-jvm.jar:/Users/leandroferreira/WriteopiaProject/Writeopia/plugins/writeopia_persistence_sqldelight/build/libs/writeopia_persistence_sqldelight-jvm.jar:/Users/leandroferreira/WriteopiaProject/Writeopia/libraries/dbtest/build/libs/dbtest-jvm.jar:/Users/leandroferreira/WriteopiaProject/Writeopia/plugins/writeopia_persistence_core/build/libs/writeopia_persistence_core-jvm.jar:/Users/leandroferreira/WriteopiaProject/Writeopia/application/core/connection/build/libs/connection-jvm.jar:/Users/leandroferreira/WriteopiaProject/Writeopia/plugins/writeopia_network/build/libs/writeopia_network-jvm.jar:/Users/leandroferreira/WriteopiaProject/Writeopia/plugins/writeopia_export/build/libs/writeopia_export-jvm.jar:/Users/leandroferreira/WriteopiaProject/Writeopia/plugins/writeopia_import_document/build/libs/writeopia_import_document-jvm.jar:/Users/leandroferreira/WriteopiaProject/Writeopia/writeopia/build/libs/writeopia-jvm.jar:/Users/leandroferreira/WriteopiaProject/Writeopia/application/core/utils/build/libs/utils-jvm.jar:/Users/leandroferreira/WriteopiaProject/Writeopia/plugins/writeopia_serialization/build/libs/writeopia_serialization-jvm.jar:/Users/leandroferreira/WriteopiaProject/Writeopia/plugins/writeopia_presentation/build/libs/writeopia_presentation-jvm.jar:/Users/leandroferreira/WriteopiaProject/Writeopia/common/endpoints/build/libs/endpoints-jvm.jar:/Users/leandroferreira/WriteopiaProject/Writeopia/application/core/models/build/libs/models-jvm.jar:/Users/leandroferreira/WriteopiaProject/Writeopia/writeopia_models/build/libs/writeopia_models-jvm.jar:/Users/leandroferreira/WriteopiaProject/Writeopia/application/core/resources/build/libs/resources-jvm.jar:/Users/leandroferreira/WriteopiaProject/Writeopia/application/core/forcegraph/build/libs/forcegraph-jvm.jar:/Users/leandroferreira/.gradle/caches/modules-2/files-2.1/org.jetbrains.compose.material3/material3-desktop/1.9.0/19004c4eb3dc6618eb66a076bbe3d7e1a2e7b85/material3-desktop-1.9.0.jar:/Users/leandroferreira/.gradle/caches/modules-2/files-2.1/io.github.kdroidfilter/platformtools.darkmodedetector-jvm/0.7.4/f6a710738aea3b0ebb39844ce11031b7efeb32c3/darkmodedetector-jvm-0.7.4.jar:/Users/leandroferreira/.gradle/caches/modules-2/files-2.1/org.jetbrains.compose.components/components-resources-desktop/1.11.1/f4eb52d87f31584dacdb816a26376f39a1802e8a/library-desktop-1.11.1.jar:/Users/leandroferreira/.gradle/caches/modules-2/files-2.1/org.jetbrains.compose.desktop/desktop-jvm/1.11.1/1fee826ff9d1fafd500b57a22facfc0236bc14c7/desktop-jvm-1.11.1.jar:/Users/leandroferreira/.gradle/caches/modules-2/files-2.1/org.jetbrains.androidx.navigation/navigation-compose-desktop/2.9.2/8a217f30d3e7d1b7ac22b250be4d9cc3e847c98d/navigation-compose-desktop-2.9.2.jar:/Users/leandroferreira/.gradle/caches/modules-2/files-2.1/org.jetbrains.compose.material/material-desktop/1.11.1/2891a6f3a62dc4c367636a521d1b680a7d6ff6d/material-desktop-1.11.1.jar:/Users/leandroferreira/.gradle/caches/modules-2/files-2.1/org.jetbrains.compose.animation/animation-core-desktop/1.11.1/1bf633ecd1a38a1cf7a41630bc56cba0da9cc25b/animation-core-desktop-1.11.1.jar:/Users/leandroferreira/.gradle/caches/modules-2/files-2.1/org.jetbrains.compose.material/material-ripple-desktop/1.11.1/ae97a5eeb23bc3f461bc3e16e2a9882175405d17/material-ripple-desktop-1.11.1.jar:/Users/leandroferreira/.gradle/caches/modules-2/files-2.1/org.jetbrains.compose.animation/animation-desktop/1.11.1/f873fb28f1a08d45a4dd20a0130b3da8cadf383c/animation-desktop-1.11.1.jar:/Users/leandroferreira/.gradle/caches/modules-2/files-2.1/org.jetbrains.compose.foundation/foundation-layout-desktop/1.11.1/853fc5d01388da6515ce40b719798914012f6469/foundation-layout-desktop-1.11.1.jar:/Users/leandroferreira/.gradle/caches/modules-2/files-2.1/io.coil-kt.coil3/coil-compose-jvm/3.4.0/dea3e947c88e502b871e9c966adc864c1c5f793c/coil-compose-jvm-3.4.0.jar:/Users/leandroferreira/.gradle/caches/modules-2/files-2.1/io.coil-kt.coil3/coil-compose-core-jvm/3.4.0/bbaef1d1d47179ebcfe242f30974b5afe061f1ee/coil-compose-core-jvm-3.4.0.jar:/Users/leandroferreira/.gradle/caches/modules-2/files-2.1/org.jetbrains.compose.foundation/foundation-desktop/1.11.1/6df316e7af2c0c97f200de289925f62ca8fce53d/foundation-desktop-1.11.1.jar:/Users/leandroferreira/.gradle/caches/modules-2/files-2.1/org.jetbrains.compose.material/material-icons-core-desktop/1.7.3/414b3096050fe647b0638832eace80f22c06b85c/material-icons-core-desktop-1.7.3.jar:/Users/leandroferreira/.gradle/caches/modules-2/files-2.1/org.jetbrains.compose.ui/ui-tooling-preview-desktop/1.11.1/97ec578d33adc34adcaa63e9af7bb2328c6c29b7/ui-tooling-preview-desktop-1.11.1.jar:/Users/leandroferreira/.gradle/caches/modules-2/files-2.1/org.jetbrains.compose.ui/ui-unit-desktop/1.11.1/f6c06f98da206d01dc40c1587c6bc4c40cbef623/ui-unit-desktop-1.11.1.jar:/Users/leandroferreira/.gradle/caches/modules-2/files-2.1/org.jetbrains.compose.ui/ui-geometry-desktop/1.11.1/5e430152487375359973ac9874653d335dcc220/ui-geometry-desktop-1.11.1.jar:/Users/leandroferreira/.gradle/caches/modules-2/files-2.1/org.jetbrains.compose.ui/ui-graphics-desktop/1.11.1/6ea106d02adf29694eedf12fdfb621947d3621bf/ui-graphics-desktop-1.11.1.jar:/Users/leandroferreira/.gradle/caches/modules-2/files-2.1/org.jetbrains.compose.ui/ui-backhandler-desktop/1.11.1/bd3540bb1d6abd60c5e58f32663b2f3e89406cd1/ui-backhandler-desktop-1.11.1.jar:/Users/leandroferreira/.gradle/caches/modules-2/files-2.1/org.jetbrains.compose.ui/ui-util-desktop/1.11.1/4302c582878b82ab24e1f34e6e90f967f7b416ed/ui-util-desktop-1.11.1.jar:/Users/leandroferreira/.gradle/caches/modules-2/files-2.1/org.jetbrains.compose.ui/ui-text-desktop/1.11.1/6ded685e2601260d6231c859a849b96ee6c60368/ui-text-desktop-1.11.1.jar:/Users/leandroferreira/.gradle/caches/modules-2/files-2.1/org.jetbrains.compose.ui/ui-desktop/1.11.1/24c40c0d60c77a6fb34f930f13bfa4a3ff62c0f/ui-desktop-1.11.1.jar:/Users/leandroferreira/.gradle/caches/modules-2/files-2.1/org.jetbrains.androidx.navigation/navigation-runtime-desktop/2.9.2/61efcf8be17657e437de3eab0796f18869dc94b1/navigation-runtime-desktop-2.9.2.jar:/Users/leandroferreira/.gradle/caches/modules-2/files-2.1/org.jetbrains.androidx.navigation/navigation-common-desktop/2.9.2/fd0498502f3bbc8528185bc8c2f9a3a1730a1237/navigation-common-desktop-2.9.2.jar:/Users/leandroferreira/.gradle/caches/modules-2/files-2.1/org.jetbrains.androidx.savedstate/savedstate-compose-desktop/1.3.6/63692375ffe667f12cb3ea8aa1e605d659ed2add/savedstate-compose-desktop-1.3.6.jar:/Users/leandroferreira/.gradle/caches/modules-2/files-2.1/org.jetbrains.androidx.lifecycle/lifecycle-runtime-desktop/2.11.0/b4e8a3260204a504b7008677906ba944162497f7/lifecycle-runtime-desktop-2.11.0.jar:/Users/leandroferreira/.gradle/caches/modules-2/files-2.1/androidx.lifecycle/lifecycle-runtime-desktop/2.11.0/c2b5e2f7d739375538c2a74757531a30607f85ff/lifecycle-runtime-desktop-2.11.0.jar:/Users/leandroferreira/.gradle/caches/modules-2/files-2.1/androidx.lifecycle/lifecycle-runtime-compose-desktop/2.11.0/8a85615b7e4f5728106bf7bc3cfa95f429eb6264/lifecycle-runtime-compose-desktop-2.11.0.jar:/Users/leandroferreira/.gradle/caches/modules-2/files-2.1/androidx.lifecycle/lifecycle-viewmodel-desktop/2.11.0/156dea0e0e4862b60bc14881891bae1e5df64f81/lifecycle-viewmodel-desktop-2.11.0.jar:/Users/leandroferreira/.gradle/caches/modules-2/files-2.1/androidx.lifecycle/lifecycle-common-jvm/2.11.0/2c4f7d92f1fd723121d394c93455f50158403ad9/lifecycle-common-jvm-2.11.0.jar:/Users/leandroferreira/.gradle/caches/modules-2/files-2.1/androidx.lifecycle/lifecycle-viewmodel-compose-desktop/2.11.0/29daa46bc0d2d574ee95309be1f325764f40b35b/lifecycle-viewmodel-compose-desktop-2.11.0.jar:/Users/leandroferreira/.gradle/caches/modules-2/files-2.1/androidx.lifecycle/lifecycle-viewmodel-savedstate-desktop/2.11.0/4e8025bc47a196b0ee403b8d915393ae7922c21a/lifecycle-viewmodel-savedstate-desktop-2.11.0.jar:/Users/leandroferreira/.gradle/caches/modules-2/files-2.1/androidx.savedstate/savedstate-desktop/1.4.0/3b049a0f81643d6b4b900de95bc23efc085c32d5/savedstate-desktop-1.4.0.jar:/Users/leandroferreira/.gradle/caches/modules-2/files-2.1/androidx.savedstate/savedstate-compose-desktop/1.4.0/d3d6e0e2108528eb6080dc250da925a572be4202/savedstate-compose-desktop-1.4.0.jar:/Users/leandroferreira/.gradle/caches/modules-2/files-2.1/androidx.navigationevent/navigationevent-desktop/1.0.1/ddb1e7fe97ed51c3d35bba493f97fcf12398719/navigationevent-desktop-1.0.1.jar:/Users/leandroferreira/.gradle/caches/modules-2/files-2.1/androidx.compose.runtime/runtime-annotation-jvm/1.11.2/db4aa964627ac96331b72e231b9ad54318d112f4/runtime-annotation-jvm-1.11.2.jar:/Users/leandroferreira/.gradle/caches/modules-2/files-2.1/androidx.compose.runtime/runtime-desktop/1.11.2/e93d95553cdd86c1cb8c02f50260cc1c8e341da8/runtime-desktop-1.11.2.jar:/Users/leandroferreira/.gradle/caches/modules-2/files-2.1/androidx.compose.runtime/runtime-retain-desktop/1.11.2/3aa3ec26ef2a3d26bc556b51b33d09efc1a198e8/runtime-retain-desktop-1.11.2.jar:/Users/leandroferreira/.gradle/caches/modules-2/files-2.1/androidx.compose.runtime/runtime-saveable-desktop/1.11.2/1618fae89791692a224fe7aa79edbd7a8f5b7522/runtime-saveable-desktop-1.11.2.jar:/Users/leandroferreira/.gradle/caches/modules-2/files-2.1/org.jetbrains.compose.runtime/runtime-saveable-desktop/1.11.1/b7c8a8ed985a0f15b4d8d206de1fc6125b499388/runtime-saveable-desktop-1.11.1.jar:/Users/leandroferreira/.gradle/caches/modules-2/files-2.1/org.jetbrains.androidx.lifecycle/lifecycle-runtime-compose-desktop/2.11.0/1cca06f1b4a646e4608e2be2ac84eb1a2a7b5d6/lifecycle-runtime-compose-desktop-2.11.0.jar:/Users/leandroferreira/.gradle/caches/modules-2/files-2.1/org.jetbrains.androidx.lifecycle/lifecycle-viewmodel-savedstate-desktop/2.11.0/ed1746452bd8f44f675b6c4c3a3c892d25517ff9/lifecycle-viewmodel-savedstate-desktop-2.11.0.jar:/Users/leandroferreira/.gradle/caches/modules-2/files-2.1/org.jetbrains.androidx.lifecycle/lifecycle-viewmodel-desktop/2.11.0/f918680fbce7246e0f818359148a1a520ee4d4fe/lifecycle-viewmodel-desktop-2.11.0.jar:/Users/leandroferreira/.gradle/caches/modules-2/files-2.1/org.jetbrains.androidx.lifecycle/lifecycle-common-jvm/2.11.0/a56a66ee80e26159ac4281e8eca66857aa995fd3/lifecycle-common-jvm-2.11.0.jar:/Users/leandroferreira/.gradle/caches/modules-2/files-2.1/org.jetbrains.androidx.lifecycle/lifecycle-viewmodel-compose-desktop/2.11.0/ff2664cede898eb2b62baf979d3deec68f16b54e/lifecycle-viewmodel-compose-desktop-2.11.0.jar:/Users/leandroferreira/.gradle/caches/modules-2/files-2.1/org.jetbrains.compose.runtime/runtime-desktop/1.11.1/1941336b045aac4b87cc3be81d9fdb9977c88c61/runtime-desktop-1.11.1.jar:/Users/leandroferreira/.gradle/caches/modules-2/files-2.1/app.cash.sqldelight/sqlite-driver/2.3.2/bba6319d69c46427650fd815d337e5de64b291d0/sqlite-driver-2.3.2.jar:/Users/leandroferreira/WriteopiaProject/Writeopia/tutorials/build/libs/tutorials-jvm.jar:/Users/leandroferreira/.gradle/caches/modules-2/files-2.1/org.jetbrains.kotlin/kotlin-test/2.4.10/833ceeccc1f8669e9566039125139191526f9ea8/kotlin-test-2.4.10.jar:/Users/leandroferreira/.gradle/caches/modules-2/files-2.1/androidx.room/room-common-jvm/2.8.4/3aeefef6615720bec8c860dd0786b48552ef3300/room-common-jvm-2.8.4.jar:/Users/leandroferreira/.gradle/caches/modules-2/files-2.1/androidx.room/room-runtime-jvm/2.8.4/7503ab87ca8ad3840148cacb42ce5db10da904d2/room-runtime-jvm-2.8.4.jar:/Users/leandroferreira/.gradle/caches/modules-2/files-2.1/app.cash.sqldelight/async-extensions-jvm/2.3.2/e5f111fd2538f59c6b7bf770edc9f05912ed95ae/sqldelight-async-extensions-jvm-2.3.2.jar:/Users/leandroferreira/.gradle/caches/modules-2/files-2.1/io.coil-kt.coil3/coil-network-ktor3-jvm/3.4.0/4084297cb38552cfefb200fa477c2f7b6ef0d369/coil-network-ktor3-jvm-3.4.0.jar:/Users/leandroferreira/.gradle/caches/modules-2/files-2.1/io.ktor/ktor-client-logging-jvm/3.5.1/82a24a63bcba1a123cd1bca2a71c78663d9504c4/ktor-client-logging-jvm-3.5.1.jar:/Users/leandroferreira/.gradle/caches/modules-2/files-2.1/io.ktor/ktor-client-content-negotiation-jvm/3.5.1/d8e8b3cbcd66160ecb0274eb5ef23cb12dbc431c/ktor-client-content-negotiation-jvm-3.5.1.jar:/Users/leandroferreira/.gradle/caches/modules-2/files-2.1/io.ktor/ktor-client-auth-jvm/3.5.1/ac87631f349269875b72b7bbafdd50f6451096fa/ktor-client-auth-jvm-3.5.1.jar:/Users/leandroferreira/.gradle/caches/modules-2/files-2.1/io.ktor/ktor-client-websockets-jvm/3.5.1/e85d0276faac9aded8d3ac3c34cda189a1455182/ktor-client-websockets-jvm-3.5.1.jar:/Users/leandroferreira/.gradle/caches/modules-2/files-2.1/io.ktor/ktor-client-okhttp-jvm/3.5.1/f3616f56c9354da06f4bc7d4f9b0a0850ac20ca1/ktor-client-okhttp-jvm-3.5.1.jar:/Users/leandroferreira/.gradle/caches/modules-2/files-2.1/io.ktor/ktor-client-core-jvm/3.5.1/87b25b4cd59e949d0514ebc7f027510b35ff6d2f/ktor-client-core-jvm-3.5.1.jar:/Users/leandroferreira/.gradle/caches/modules-2/files-2.1/io.ktor/ktor-serialization-kotlinx-json-jvm/3.5.1/99dbf20f4082d37d8e7cfa9d956d0cf38881d8e8/ktor-serialization-kotlinx-json-jvm-3.5.1.jar:/Users/leandroferreira/.gradle/caches/modules-2/files-2.1/org.jetbrains.skiko/skiko-awt-runtime-macos-arm64/0.144.6/fa12044f1775530103fd37e71f7bf5398a1d735d/skiko-awt-runtime-macos-arm64-0.144.6.jar:/Users/leandroferreira/.gradle/caches/modules-2/files-2.1/io.coil-kt.coil3/coil-jvm/3.4.0/b0061205e37fc17ba27f52ba1ee42f2be1de31d3/coil-jvm-3.4.0.jar:/Users/leandroferreira/.gradle/caches/modules-2/files-2.1/io.coil-kt.coil3/coil-network-core-jvm/3.4.0/e41b05be2f1b78ca9509a6855cfe4b9ea7926edc/coil-network-core-jvm-3.4.0.jar:/Users/leandroferreira/.gradle/caches/modules-2/files-2.1/io.coil-kt.coil3/coil-core-jvm/3.4.0/184b3b783baa359885d0cd84976a7899c93f5139/coil-core-jvm-3.4.0.jar:/Users/leandroferreira/.gradle/caches/modules-2/files-2.1/org.jetbrains.skiko/skiko-awt/0.144.6/c9bec39e3c517ed5591c71c7db0cbbe64b6be849/skiko-awt-0.144.6.jar:/Users/leandroferreira/.gradle/caches/modules-2/files-2.1/org.jetbrains.kotlinx/kotlinx-coroutines-slf4j/1.11.0/556153d93573d016dd4e5df37e3d03d07d8d303/kotlinx-coroutines-slf4j-1.11.0.jar:/Users/leandroferreira/.gradle/caches/modules-2/files-2.1/io.ktor/ktor-http-cio-jvm/3.5.1/1a16204a224f61963937735faec75b7f1853de5f/ktor-http-cio-jvm-3.5.1.jar:/Users/leandroferreira/.gradle/caches/modules-2/files-2.1/io.ktor/ktor-websocket-serialization-jvm/3.5.1/f26344135c92f3434f39262f9d6c3ac35aff7fd8/ktor-websocket-serialization-jvm-3.5.1.jar:/Users/leandroferreira/.gradle/caches/modules-2/files-2.1/io.ktor/ktor-serialization-kotlinx-jvm/3.5.1/a9d2d5091a5bd1e1218c59df1387c2533a5c8c8/ktor-serialization-kotlinx-jvm-3.5.1.jar:/Users/leandroferreira/.gradle/caches/modules-2/files-2.1/io.ktor/ktor-serialization-jvm/3.5.1/695550e97ab815bfae0aa4d837ffddcf05e2cfa0/ktor-serialization-jvm-3.5.1.jar:/Users/leandroferreira/.gradle/caches/modules-2/files-2.1/io.ktor/ktor-websockets-jvm/3.5.1/97dc5d4f5dc4b01b7116619e2ae99ab79a5a90ac/ktor-websockets-jvm-3.5.1.jar:/Users/leandroferreira/.gradle/caches/modules-2/files-2.1/io.ktor/ktor-http-jvm/3.5.1/514c40c2803e18de2cb04198aaf3874e66346c9e/ktor-http-jvm-3.5.1.jar:/Users/leandroferreira/.gradle/caches/modules-2/files-2.1/io.ktor/ktor-events-jvm/3.5.1/9e4bf00bd3d980098d60c62f5e33f2588279c593/ktor-events-jvm-3.5.1.jar:/Users/leandroferreira/.gradle/caches/modules-2/files-2.1/io.ktor/ktor-sse-jvm/3.5.1/537081aa4574a1228078acec7ffca808c74c8dd4/ktor-sse-jvm-3.5.1.jar:/Users/leandroferreira/.gradle/caches/modules-2/files-2.1/io.ktor/ktor-network-jvm/3.5.1/aeaad6929901bf7000ce744ef81ed0e94a4ee0be/ktor-network-jvm-3.5.1.jar:/Users/leandroferreira/.gradle/caches/modules-2/files-2.1/io.ktor/ktor-utils-jvm/3.5.1/662afab83c79a0b0fa6fea92f32841858145553b/ktor-utils-jvm-3.5.1.jar:/Users/leandroferreira/.gradle/caches/modules-2/files-2.1/io.ktor/ktor-io-jvm/3.5.1/e9382eba8364609db5ce3d4e266557862e5b73fd/ktor-io-jvm-3.5.1.jar:/Users/leandroferreira/.gradle/caches/modules-2/files-2.1/org.jetbrains.kotlinx/kotlinx-coroutines-core-jvm/1.11.0/3d57dc678bd8d72a60e7adf0eca5c54e3f4f4b79/kotlinx-coroutines-core-jvm-1.11.0.jar:/Users/leandroferreira/.gradle/caches/modules-2/files-2.1/org.jetbrains.kotlinx/kotlinx-coroutines-swing/1.11.0/3cf134b8aefd813622edc37e60d66b939b55cb36/kotlinx-coroutines-swing-1.11.0.jar:/Users/leandroferreira/.gradle/caches/modules-2/files-2.1/org.jetbrains.compose.components/components-ui-tooling-preview-desktop/1.11.1/b1cf782605b572c79f636e7ccc36393d1be8db49/library-desktop-1.11.1.jar:/Users/leandroferreira/.gradle/caches/modules-2/files-2.1/org.jetbrains.kotlinx/kotlinx-serialization-json-io-jvm/1.11.0/645ed54ca9128fc217b30b3686a083141ebe635c/kotlinx-serialization-json-io-jvm-1.11.0.jar:/Users/leandroferreira/.gradle/caches/modules-2/files-2.1/org.jetbrains.kotlinx/kotlinx-serialization-core-jvm/1.11.0/c1905c9bf7452b045d5af9248835abe64ddad6bf/kotlinx-serialization-core-jvm-1.11.0.jar:/Users/leandroferreira/.gradle/caches/modules-2/files-2.1/org.jetbrains.kotlinx/kotlinx-serialization-json-jvm/1.11.0/e7e045e99e56f07599bb9ccb708c2190e2af0606/kotlinx-serialization-json-jvm-1.11.0.jar:/Users/leandroferreira/.gradle/caches/modules-2/files-2.1/app.cash.sqldelight/jdbc-driver/2.3.2/675c4cf8037ee6ea27336e752ba6ee6dca18ac55/jdbc-driver-2.3.2.jar:/Users/leandroferreira/.gradle/caches/modules-2/files-2.1/app.cash.sqldelight/runtime-jvm/2.3.2/ca2286f676b8a70bac0d71e7b7a95a89dfa4a859/runtime-jvm-2.3.2.jar:/Users/leandroferreira/.gradle/caches/modules-2/files-2.1/androidx.collection/collection-jvm/1.5.0/7ba2c69414d46ebc2dd76598bdd0a75c54281a57/collection-jvm-1.5.0.jar:/Users/leandroferreira/.gradle/caches/modules-2/files-2.1/org.jetbrains.kotlinx/atomicfu-jvm/0.28.0/6a9ac536f4b2144e57c176fd4e26821eb12084f4/atomicfu-jvm-0.28.0.jar:/Users/leandroferreira/.gradle/caches/modules-2/files-2.1/org.jetbrains.kotlinx/kotlinx-datetime-jvm/0.7.1/81c2e0246bd28cc2dcbdf0ab53628322e66a9de9/kotlinx-datetime-jvm-0.7.1.jar:/Users/leandroferreira/.gradle/caches/modules-2/files-2.1/androidx.sqlite/sqlite-jvm/2.6.2/92b1b8977be8280aa0114e67b4b1a87f6a6c8662/sqlite-jvm-2.6.2.jar:/Users/leandroferreira/.gradle/caches/modules-2/files-2.1/androidx.arch.core/core-common/2.2.0/5e1b8b81dfd5f52c56a8d53b18ca759c19a301f3/core-common-2.2.0.jar:/Users/leandroferreira/.gradle/caches/modules-2/files-2.1/androidx.annotation/annotation-jvm/1.9.1/b17951747e38bf3986a24431b9ba0d039958aa5f/annotation-jvm-1.9.1.jar:/Users/leandroferreira/.gradle/caches/modules-2/files-2.1/co.touchlab/kermit-jvm/2.0.6/1424346d40427664591052923ae5ed956400fe54/kermit-jvm-2.0.6.jar:/Users/leandroferreira/.gradle/caches/modules-2/files-2.1/io.github.kdroidfilter/platformtools.core-jvm/0.7.4/3bec4ac6e6b4cbda0ebe2f2190e80690a11f359c/core-jvm-0.7.4.jar:/Users/leandroferreira/.gradle/caches/modules-2/files-2.1/com.squareup.okhttp3/okhttp-jvm/5.3.2/f31e8de27feebe1e56d6c9d354a0986b65be0e1d/okhttp-jvm-5.3.2.jar:/Users/leandroferreira/.gradle/caches/modules-2/files-2.1/com.squareup.okio/okio-jvm/3.17.0/a12d684ec0df9541b3869ae60a4a5257fd3613df/okio-jvm-3.17.0.jar:/Users/leandroferreira/.gradle/caches/modules-2/files-2.1/co.touchlab/kermit-core-jvm/2.0.6/87dcfc87667470c652fd118a23a86469e91e62e7/kermit-core-jvm-2.0.6.jar:/Users/leandroferreira/.gradle/caches/modules-2/files-2.1/org.jetbrains.kotlinx/kotlinx-io-core-jvm/0.9.0/7f7536f8f057ffc7f79375714e9730c4b8bdd7c9/kotlinx-io-core-jvm-0.9.0.jar:/Users/leandroferreira/.gradle/caches/modules-2/files-2.1/org.jetbrains.kotlinx/kotlinx-io-bytestring-jvm/0.9.0/e73a7915234a8ea7954f32b715ef8e42b02f66a3/kotlinx-io-bytestring-jvm-0.9.0.jar:/Users/leandroferreira/.gradle/caches/modules-2/files-2.1/org.jetbrains.kotlin/kotlin-stdlib/2.4.10/8943c84ddc6d5cc00a10dbc3736c397066eeaab5/kotlin-stdlib-2.4.10.jar:/Users/leandroferreira/.gradle/caches/modules-2/files-2.1/org.jetbrains/annotations/23.0.0/8cc20c07506ec18e0834947b84a864bfc094484e/annotations-23.0.0.jar:/Users/leandroferreira/.gradle/caches/modules-2/files-2.1/net.java.dev.jna/jna/5.19.1/ca303052cd617c1af2e2c8d344c98a706fb63143/jna-5.19.1.jar:/Users/leandroferreira/.gradle/caches/modules-2/files-2.1/org.jetbrains.runtime/jbr-api/1.9.0/2bc161f5472b5fd5610740e4d6ebe896c811cb0e/jbr-api-1.9.0.jar:/Users/leandroferreira/.gradle/caches/modules-2/files-2.1/org.xerial/sqlite-jdbc/3.51.3.0/a6a5177ff8d35028a8943129aa4a18e850fe1387/sqlite-jdbc-3.51.3.0.jar:/Users/leandroferreira/.gradle/caches/modules-2/files-2.1/net.java.dev.jna/jna-platform-jpms/5.18.1/5aa32680cbb7ebc3ebdd43dd4e6b79ad00a7045f/jna-platform-jpms-5.18.1.jar:/Users/leandroferreira/.gradle/caches/modules-2/files-2.1/net.java.dev.jna/jna-jpms/5.18.1/79c71e499983f1beaae1ab62afe08b023f189711/jna-jpms-5.18.1.jar:/Users/leandroferreira/.gradle/caches/modules-2/files-2.1/de.jangassen/jfa/1.2.0/e324d3a415027fcefdc33a68d39bb852aa324862/jfa-1.2.0.jar:/Users/leandroferreira/.gradle/caches/modules-2/files-2.1/org.slf4j/slf4j-api/2.0.18/78a9e7a37cd6360e0b818e86341b24123d28d4df/slf4j-api-2.0.18.jar:/Users/leandroferreira/.gradle/caches/modules-2/files-2.1/org.jspecify/jspecify/1.0.0/7425a601c1c7ec76645a78d22b8c6a627edee507/jspecify-1.0.0.jar
Launcher Type: SUN_STANDARD

[Global flags]
     intx CICompilerCount                          = 4                                         {product} {ergonomic}
     uint ConcGCThreads                            = 2                                         {product} {ergonomic}
     uint G1ConcRefinementThreads                  = 8                                         {product} {ergonomic}
   size_t G1HeapRegionSize                         = 2097152                                   {product} {ergonomic}
    uintx GCDrainStackTargetSize                   = 64                                        {product} {ergonomic}
   size_t InitialHeapSize                          = 268435456                                 {product} {ergonomic}
   size_t MarkStackSize                            = 4194304                                   {product} {ergonomic}
   size_t MaxHeapSize                              = 4294967296                                {product} {ergonomic}
   size_t MaxNewSize                               = 2575302656                                {product} {ergonomic}
   size_t MinHeapDeltaBytes                        = 2097152                                   {product} {ergonomic}
   size_t MinHeapSize                              = 8388608                                   {product} {ergonomic}
    uintx NonNMethodCodeHeapSize                   = 5839564                                {pd product} {ergonomic}
    uintx NonProfiledCodeHeapSize                  = 122909338                              {pd product} {ergonomic}
    uintx ProfiledCodeHeapSize                     = 122909338                              {pd product} {ergonomic}
    uintx ReservedCodeCacheSize                    = 251658240                              {pd product} {ergonomic}
     bool SegmentedCodeCache                       = true                                      {product} {ergonomic}
   size_t SoftMaxHeapSize                          = 4294967296                             {manageable} {ergonomic}
     bool UseCompressedOops                        = true                           {product lp64_product} {ergonomic}
     bool UseG1GC                                  = true                                      {product} {ergonomic}
     bool UseNUMA                                  = false                                     {product} {ergonomic}
     bool UseNUMAInterleaving                      = false                                     {product} {ergonomic}

Logging:
Log output configuration:
 #0: stdout all=warning uptime,level,tags foldmultilines=false
 #1: stderr all=off uptime,level,tags foldmultilines=false

Release file:
IMPLEMENTOR="Azul Systems, Inc."
IMPLEMENTOR_VERSION="Zulu21.50+19-CA"
JAVA_RUNTIME_VERSION="21.0.11+10-LTS"
JAVA_VERSION="21.0.11"
JAVA_VERSION_DATE="2026-04-21"
LIBC="default"
MODULES="java.base com.azul.tooling java.logging java.management java.security.sasl java.naming jdk.jfr com.azul.crs.client java.compiler java.datatransfer java.xml java.prefs java.desktop java.instrument java.rmi java.management.rmi java.net.http java.scripting java.security.jgss java.transaction.xa java.sql java.sql.rowset java.xml.crypto java.se java.smartcardio jdk.accessibility jdk.internal.jvmstat jdk.attach jdk.charsets jdk.internal.opt jdk.zipfs jdk.compiler jdk.crypto.ec jdk.crypto.cryptoki jdk.dynalink jdk.internal.ed jdk.editpad jdk.hotspot.agent jdk.httpserver jdk.incubator.vector jdk.internal.le jdk.internal.vm.ci jdk.internal.vm.compiler jdk.internal.vm.compiler.management jdk.jartool jdk.javadoc jdk.jcmd jdk.management jdk.management.agent jdk.jconsole jdk.jdeps jdk.jdwp.agent jdk.jdi jdk.jlink jdk.jpackage jdk.jshell jdk.jsobject jdk.jstatd jdk.localedata jdk.management.jfr jdk.naming.dns jdk.naming.rmi jdk.net jdk.nio.mapmode jdk.random jdk.sctp jdk.security.auth jdk.security.jgss jdk.unsupported jdk.unsupported.desktop jdk.xml.dom"
OS_ARCH="aarch64"
OS_NAME="Darwin"
SOURCE=".:git:ffff125054c5"

Environment Variables:
JAVA_HOME=/Library/Java/JavaVirtualMachines/zulu-21.jdk/Contents/Home
PATH=/Users/leandroferreira/google-cloud-sdk/bin:/opt/homebrew/bin:/opt/homebrew/sbin:/Users/leandroferreira/Library/Android/sdk/emulator:/Users/leandroferreira/Library/Android/sdk/tools:/Users/leandroferreira/Library/Android/sdk/tools/bin:/Users/leandroferreira/Library/Android/sdk/platform-tools:/opt/homebrew/opt/ruby/bin:/usr/local/bin:/System/Cryptexes/App/usr/bin:/usr/bin:/bin:/usr/sbin:/sbin:/var/run/com.apple.security.cryptexd/codex.system/bootstrap/usr/local/bin:/var/run/com.apple.security.cryptexd/codex.system/bootstrap/usr/bin:/var/run/com.apple.security.cryptexd/codex.system/bootstrap/usr/appleinternal/bin:/pkg/env/global/bin:/Library/Apple/usr/bin:/usr/local/go/bin:/Applications/iTerm.app/Contents/Resources/utilities:/Users/leandroferreira/Library/Application Support/JetBrains/Toolbox/scripts
SHELL=/bin/zsh
LANG=en_US.UTF-8
LC_ALL=en_US.UTF-8
TERM=xterm-256color
TMPDIR=/var/folders/83/l12z_8fx0g9d9z9yfnwqlnqm0000gn/T/

Active Locale:
LC_ALL=en_US.UTF-8
LC_COLLATE=en_US.UTF-8
LC_CTYPE=en_US.UTF-8
LC_MESSAGES=en_US.UTF-8
LC_MONETARY=en_US.UTF-8
LC_NUMERIC=en_US.UTF-8
LC_TIME=en_US.UTF-8

Signal Handlers:
   SIGSEGV: crash_handler in libjvm.dylib, mask=11100110000111110111111111111111, flags=SA_ONSTACK|SA_RESTART|SA_SIGINFO, unblocked
    SIGBUS: crash_handler in libjvm.dylib, mask=11100110000111110111111111111111, flags=SA_RESTART|SA_SIGINFO, unblocked
    SIGFPE: crash_handler in libjvm.dylib, mask=11100110000111110111111111111111, flags=SA_RESTART|SA_SIGINFO, unblocked
   SIGPIPE: javaSignalHandler in libjvm.dylib, mask=11100110000111110111111111111111, flags=SA_RESTART|SA_SIGINFO, blocked
   SIGXFSZ: javaSignalHandler in libjvm.dylib, mask=11100110000111110111111111111111, flags=SA_RESTART|SA_SIGINFO, blocked
    SIGILL: crash_handler in libjvm.dylib, mask=11100110000111110111111111111111, flags=SA_RESTART|SA_SIGINFO, unblocked
   SIGUSR2: SR_handler in libjvm.dylib, mask=00000000000000000000000000000000, flags=SA_RESTART|SA_SIGINFO, blocked
    SIGHUP: UserHandler in libjvm.dylib, mask=11100110000111110111111111111111, flags=SA_RESTART|SA_SIGINFO, blocked
    SIGINT: UserHandler in libjvm.dylib, mask=11100110000111110111111111111111, flags=SA_RESTART|SA_SIGINFO, blocked
   SIGTERM: UserHandler in libjvm.dylib, mask=11100110000111110111111111111111, flags=SA_RESTART|SA_SIGINFO, blocked
   SIGQUIT: UserHandler in libjvm.dylib, mask=11100110000111110111111111111111, flags=SA_RESTART|SA_SIGINFO, blocked
   SIGTRAP: crash_handler in libjvm.dylib, mask=11100110000111110111111111111111, flags=SA_RESTART|SA_SIGINFO, unblocked


Periodic native trim disabled

---------------  S Y S T E M  ---------------

OS:
uname: Darwin 25.5.0 Darwin Kernel Version 25.5.0: Mon Apr 27 20:38:00 PDT 2026; root:xnu-12377.121.6~2/RELEASE_ARM64_T8103 arm64
OS uptime: 8 days 18:08 hours
rlimit (soft/hard): STACK 8176k/65520k , CORE 0k/infinity , NPROC 2666/2666 , NOFILE 1048576/infinity , AS infinity/infinity , CPU infinity/infinity , DATA infinity/infinity , FSIZE infinity/infinity , MEMLOCK infinity/infinity , RSS infinity/infinity
load average: 2.45 3.29 3.48

CPU: total 8 (initial active 8) 0x61:0x0:0x1b588bb3:0, fp, asimd, aes, pmull, sha1, sha256, crc32, lse, sha3, sha512
machdep.cpu.brand_string:Apple M1
hw.cachelinesize:128
hw.l1icachesize:131072
hw.l1dcachesize:65536
hw.l2cachesize:4194304

Memory: 16k page, physical 16777216k(92288k free), swap 3145728k(1362752k free)

vm_info: OpenJDK 64-Bit Server VM (21.0.11+10-LTS) for bsd-aarch64 JRE (21.0.11+10-LTS) (Zulu21.50+19-CA), built on 2026-04-17T21:50:54Z by "zulu_re" with clang Apple LLVM 14.0.3 (clang-1403.0.22.14.1)

END.
